-0.043862456,-0.011740551,0.888092801,0.007859443,0.030396959,0.003049780,0.999502353,-0.137166979,0.001135424,-0.005270322,-0.001317179,-0.022621639,-0.008679063,-0.140954270,0.002850985,-0.005422109,-0.000768560,-0.021566898,-0.010290742,0.000001000,-0.729759324,0.347724841,-0.799328918,0.041000000,0.416435767,0.153248374,-0.310323264,-0.098501341,1.176083550,-0.178668339
-0.044417147,-0.013027335,0.887008629,0.007530918,0.030833870,0.002875004,0.999492017,-0.144014037,0.003044595,-0.008648856,0.009873363,-0.034314347,-0.011928795,-0.147989031,0.004550282,-0.009583743,0.011030217,-0.033297659,-0.014091903,0.000001000,-0.792704292,0.404430963,-0.864678586,0.041000000,0.520554974,0.133075851,-0.298937518,-0.112647543,1.239363211,-0.204677535
-0.044970180,-0.014311964,0.885924894,0.007202655,0.031270777,0.002700063,0.999481350,-0.150853478,0.004950083,-0.012026337,0.021053170,-0.046003359,-0.015178088,-0.155016189,0.006245880,-0.013744135,0.022817877,-0.045024805,-0.017892588,0.000001000,-0.855603705,0.461060117,-0.929949425,0.041000000,0.624630847,0.112933879,-0.287561137,-0.126809032,1.302550603,-0.230672493
-0.044455006,-0.014209080,0.885122445,0.007044574,0.031711573,0.002419739,0.999469307,-0.152785122,0.004482354,-0.014724830,0.025317188,-0.055311246,-0.018144970,-0.157146007,0.005558027,-0.017104826,0.027444391,-0.054424187,-0.021386158,0.000001000,-0.889157644,0.468110368,-0.944441249,0.041000000,0.700791979,0.112470843,-0.282217032,-0.150817911,1.306302252,-0.247495259
-0.043939832,-0.014106196,0.884319995,0.006886491,0.032152359,0.002139413,0.999456965,-0.154716766,0.004014626,-0.017423323,0.029581207,-0.064619133,-0.021111851,-0.159275824,0.004870174,-0.020465517,0.032070904,-0.063823569,-0.024879729,0.000001000,-0.922711583,0.475160619,-0.958933073,0.041000000,0.776953110,0.112007808,-0.276872926,-0.174826790,1.310053900,-0.264318024
-0.043337345,-0.013669668,0.883748568,0.006675745,0.032589864,0.002133329,0.999444238,-0.155534632,0.003172047,-0.019944071,0.031478295,-0.072081387,-0.023861981,-0.160063606,0.003841323,-0.023577588,0.034114316,-0.071475882,-0.028103215,0.000001000,-0.945174120,0.466973904,-0.964290732,0.041000000,0.831924901,0.109156286,-0.275321665,-0.199426675,1.311618981,-0.281619163
-0.042734862,-0.013232971,0.883177527,0.006464990,0.033027327,0.002127512,0.999431275,-0.156351267,0.002329475,-0.022463732,0.033372522,-0.079539215,-0.026610894,-0.160849955,0.002812580,-0.026688288,0.036154622,-0.079123787,-0.031325262,0.000001000,-0.967618565,0.458777138,-0.969638350,0.041000000,0.886857264,0.106302929,-0.273774671,-0.224017982,1.313181440,-0.298914371
-0.042341058,-0.013123015,0.883067202,0.006354575,0.033384126,0.002182992,0.999420009,-0.156551906,0.002361289,-0.022601845,0.033339782,-0.079870261,-0.026736309,-0.161030286,0.002836685,-0.026853593,0.036132543,-0.079464154,-0.031473444,0.000001000,-0.969012736,0.459607500,-0.970102353,0.041000000,0.889112764,0.104202159,-0.274507446,-0.225272925,1.313018437,-0.299918527
-0.041948094,-0.013012257,0.882957026,0.006244154,0.033740502,0.002238813,0.999408614,-0.156752924,0.002392113,-0.022739719,0.033306891,-0.080201304,-0.026861741,-0.161210804,0.002859759,-0.027018646,0.036110390,-0.079804517,-0.031621636,0.000001000,-0.970401684,0.460445739,-0.970568329,0.041000000,0.891368790,0.102097463,-0.275241500,-0.226527977,1.312854525,-0.300922664
-0.042129841,-0.012352426,0.882949581,0.006130016,0.033810859,0.002527486,0.999406254,-0.157212656,0.001745269,-0.022714820,0.033170558,-0.080530261,-0.026999017,-0.161518700,0.002177699,-0.027011057,0.036037497,-0.080142068,-0.031776673,0.000001000,-0.968218809,0.466671834,-0.972383596,0.041000000,0.893983849,0.097306796,-0.276850375,-0.227858163,1.312068481,-0.301913830
-0.042311588,-0.011692594,0.882942136,0.006015877,0.033881213,0.002816160,0.999403793,-0.157672388,0.001098426,-0.022689921,0.033034224,-0.080859217,-0.027136292,-0.161826597,0.001495639,-0.027003467,0.035964603,-0.080479619,-0.031931709,0.000001000,-0.966035933,0.472897928,-0.974198864,0.041000000,0.896598909,0.092516129,-0.278459250,-0.229188349,1.311282437,-0.302904997
-0.042459803,-0.011101894,0.883050807,0.005951230,0.033737024,0.003177872,0.999407973,-0.157792834,0.000345933,-0.022634772,0.033079738,-0.081166964,-0.027258383,-0.161750917,0.000716989,-0.026966920,0.036084294,-0.080793004,-0.032074319,0.000001000,-0.960936470,0.484931945,-0.975397727,0.041000000,0.899273570,0.085280039,-0.279941760,-0.230418349,1.310408283,-0.304046572
-0.042607951,-0.010511491,0.883159617,0.005886673,0.033592666,0.003539630,0.999412003,-0.157912949,-0.000406457,-0.022579643,0.033125421,-0.081474696,-0.027380453,-0.161674874,-0.000061539,-0.026930396,0.036204160,-0.081106371,-0.032216910,0.000001000,-0.955833636,0.496971873,-0.976595356,0.041000000,0.901948084,0.078040659,-0.281423630,-0.231648167,1.309533996,-0.305188347
-0.042660938,-0.010523626,0.883359907,0.005944498,0.033517796,0.003856165,0.999413003,-0.157961110,-0.000653079,-0.022646088,0.033190521,-0.081794084,-0.027481550,-0.161540815,-0.000309076,-0.027022207,0.036330067,-0.081427738,-0.032338732,0.000001000,-0.948750836,0.510900620,-0.976036346,0.041000000,0.904112684,0.067952447,-0.281553785,-0.232641911,1.308523134,-0.306499829
-0.042714012,-0.010536565,0.883560332,0.006002440,0.033442956,0.004172421,0.999413893,-0.158009310,-0.000898779,-0.022712758,0.033255567,-0.082113499,-0.027582637,-0.161406946,-0.000555664,-0.027114253,0.036455850,-0.081749130,-0.032460545,0.000001000,-0.941669138,0.524825798,-0.975474596,0.041000000,0.906276280,0.057865124,-0.281681618,-0.233635587,1.307512109,-0.307811170
-0.042833769,-0.011162462,0.883863503,0.006149117,0.033393816,0.004276830,0.999414203,-0.158087414,-0.000441881,-0.022951072,0.033279910,-0.082453894,-0.027675789,-0.161418081,-0.000079179,-0.027384742,0.036486836,-0.082089871,-0.032575003,0.000001000,-0.935427246,0.536029697,-0.972824494,0.041000000,0.907675040,0.048455742,-0.280038824,-0.234576960,1.306376694,-0.309015802
-0.042953525,-0.011788359,0.884166674,0.006295794,0.033344675,0.004381238,0.999414479,-0.158165519,0.000015017,-0.023189386,0.033304253,-0.082794290,-0.027768941,-0.161429216,0.000397306,-0.027655231,0.036517822,-0.082430613,-0.032689461,0.000001000,-0.929185353,0.547233597,-0.970174391,0.041000000,0.909073800,0.039046359,-0.278396029,-0.235518334,1.305241279,-0.310220433
-0.043166175,-0.012631314,0.884262992,0.006549741,0.033261409,0.004280263,0.999416059,-0.158234729,0.000661129,-0.023476490,0.033313554,-0.083157310,-0.027873376,-0.161523810,0.001033521,-0.027968818,0.036502176,-0.082788523,-0.032816980,0.000001000,-0.926435467,0.556212595,-0.966327042,0.041000000,0.910380920,0.036075527,-0.277216887,-0.236871532,1.304794203,-0.311068662
-0.043378907,-0.013474522,0.884359035,0.006803767,0.033178078,0.004179033,0.999417560,-0.158303863,0.001307566,-0.023763677,0.033322865,-0.083520359,-0.027977823,-0.161618448,0.001670022,-0.028282480,0.036486504,-0.083146450,-0.032944516,0.000001000,-0.923691202,0.565187894,-0.962477833,0.041000000,0.911688018,0.033113672,-0.276038325,-0.238225265,1.304348136,-0.311916416
-0.043523618,-0.014318364,0.884365336,0.006939670,0.033036534,0.004039405,0.999421889,-0.158206420,0.002224173,-0.024118694,0.033402456,-0.083888576,-0.028081471,-0.161579431,0.002561799,-0.028659835,0.036542222,-0.083495243,-0.033074840,0.000001000,-0.924963069,0.571309159,-0.957425706,0.041000000,0.913213681,0.033991951,-0.274968115,-0.239724573,1.304442694,-0.312606635
-0.043668695,-0.015162956,0.884370632,0.007075356,0.032895452,0.003899755,0.999426146,-0.158110860,0.003141765,-0.024477588,0.033483174,-0.084264796,-0.028187658,-0.161542322,0.003454357,-0.029041593,0.036599170,-0.083851478,-0.033208447,0.000001000,-0.926253213,0.577437944,-0.952347258,0.041000000,0.914782824,0.034876763,-0.273888746,-0.241259144,1.304536263,-0.313315999
-0.044105312,-0.016607451,0.883573191,0.007038758,0.033124456,0.003742605,0.999419441,-0.159518875,0.004845636,-0.027933794,0.034464859,-0.091035067,-0.030321810,-0.163030481,0.004970344,-0.032941683,0.037639627,-0.090154351,-0.035965726,0.000001000,-0.942146700,0.589575334,-0.926237896,0.041000000,0.951093147,0.040981527,-0.265491514,-0.270968510,1.303840667,-0.329322807
-0.044541930,-0.018051947,0.882775750,0.007002159,0.033353458,0.003585455,0.999412658,-0.160926891,0.006549506,-0.031390000,0.035446543,-0.097805338,-0.032455963,-0.164518640,0.006486332,-0.036841774,0.038680083,-0.096457224,-0.038723004,0.000001000,-0.958040187,0.601712724,-0.900128535,0.041000000,0.987403469,0.047086290,-0.257094283,-0.300677877,1.303145071,-0.345329614
-0.044832763,-0.017319526,0.882404859,0.006737823,0.033593566,0.003511013,0.999406697,-0.162249496,0.005334072,-0.034188884,0.036569181,-0.103354742,-0.034456554,-0.165847727,0.005129904,-0.040076205,0.039788059,-0.101730880,-0.041374898,0.000001000,-0.982997633,0.584672101,-0.900740208,0.041000000,1.017007695,0.059055611,-0.255389016,-0.328130265,1.303297841,-0.362097596
-0.045123463,-0.016585100,0.882034361,0.006473275,0.033833681,0.003436647,0.999400604,-0.163572023,0.004115950,-0.036987162,0.037691948,-0.108903022,-0.036457023,-0.167176668,0.003770830,-0.043310024,0.040896097,-0.107003588,-0.044026694,0.000001000,-1.007963425,0.567604610,-0.901376487,0.041000000,1.046605746,0.071030333,-0.253689912,-0.355580575,1.303451392,-0.378866279
-0.045249961,-0.016128152,0.881951598,0.006345803,0.033629822,0.003637420,0.999407592,-0.163620316,0.003100517,-0.039070833,0.038536021,-0.112521523,-0.037930338,-0.167059313,0.002677874,-0.045736016,0.041689335,-0.110524787,-0.046011984,0.000001000,-1.019741177,0.561417046,-0.908374642,0.041000000,1.067713764,0.080883848,-0.249524529,-0.374402174,1.304013837,-0.391861978
-0.045376742,-0.015671406,0.881869087,0.006218525,0.033426622,0.003838081,0.999414459,-0.163669958,0.002085581,-0.041152079,0.039378578,-0.116135905,-0.039402017,-0.166943446,0.001585513,-0.048159204,0.042481109,-0.114042010,-0.047995084,0.000001000,-1.031495977,0.555250864,-0.915369700,0.041000000,1.088798424,0.090739662,-0.245361977,-0.393202809,1.304578373,-0.404842662
-0.045734099,-0.015343756,0.881952510,0.006226651,0.033768157,0.003928568,0.999402575,-0.164865267,0.001431181,-0.041450351,0.039092075,-0.116787038,-0.039674832,-0.168094940,0.000922661,-0.048519234,0.042185470,-0.114687540,-0.048369619,0.000001000,-1.026958852,0.564389358,-0.919420953,0.041000000,1.092852314,0.102541794,-0.243584089,-0.396811119,1.306698848,-0.406721441
-0.046091455,-0.015016105,0.882035934,0.006234776,0.034109688,0.004019054,0.999390566,-0.166060575,0.000776781,-0.041748622,0.038805571,-0.117438170,-0.039947646,-0.169246434,0.000259809,-0.048879264,0.041889832,-0.115333070,-0.048744155,0.000001000,-1.022421726,0.573527853,-0.923472206,0.041000000,1.096906205,0.114343925,-0.241806200,-0.400419429,1.308819323,-0.408600220
-0.046379251,-0.014576416,0.882122277,0.006174574,0.034896617,0.003837882,0.999364484,-0.167864171,0.000208295,-0.041930969,0.038223566,-0.117886354,-0.040132643,-0.171179828,-0.000311499,-0.049106728,0.041222359,-0.115795911,-0.049003442,0.000001000,-1.010979829,0.589128210,-0.928715906,0.041000000,1.099864695,0.117452593,-0.239981671,-0.402331270,1.310104774,-0.410118179
-0.046666934,-0.014136610,0.882208619,0.006114279,0.035683627,0.003656464,0.999337743,-0.169667718,-0.000360026,-0.042113159,0.037641536,-0.118334245,-0.040317524,-0.173113334,-0.000882628,-0.049334014,0.040554796,-0.116258481,-0.049262573,0.000001000,-0.999531509,0.604733999,-0.933960138,0.041000000,1.102821612,0.120551633,-0.238157641,-0.404241068,1.311389054,-0.411635525
-0.046825362,-0.013687925,0.882280349,0.005993660,0.035417728,0.003570899,0.999348242,-0.169459537,-0.000694643,-0.042173904,0.037887464,-0.118519287,-0.040417155,-0.172992027,-0.001194935,-0.049429392,0.040748705,-0.116459279,-0.049403002,0.000001000,-0.989775256,0.617005464,-0.937166302,0.041000000,1.104366196,0.121111646,-0.237991468,-0.405155976,1.311685354,-0.412403725
-0.046982961,-0.013240259,0.882352379,0.005873279,0.035151927,0.003485534,0.999358643,-0.169250531,-0.001028526,-0.042234815,0.038133705,-0.118704319,-0.040516753,-0.172869832,-0.001506502,-0.049524944,0.040942966,-0.116660063,-0.049543404,0.000001000,-0.980017666,0.629279083,-0.940371141,0.041000000,1.105910095,0.121667602,-0.237826378,-0.406070732,1.311981270,-0.413172377
-0.046617180,-0.013437635,0.882613655,0.005903966,0.034949582,0.003527515,0.999365412,-0.168520377,-0.000897664,-0.042400691,0.038577487,-0.118882899,-0.040595798,-0.172185526,-0.001350175,-0.049729516,0.041359339,-0.116851530,-0.049666950,0.000001000,-0.969415658,0.642913916,-0.942739054,0.041000000,1.107021189,0.119660132,-0.238345894,-0.406889881,1.312034729,-0.414226944
-0.046251399,-0.013635011,0.882874932,0.005934652,0.034747235,0.003569496,0.999372137,-0.167790223,-0.000766802,-0.042566566,0.039021270,-0.119061479,-0.040674842,-0.171501221,-0.001193847,-0.049934088,0.041775713,-0.117042997,-0.049790496,0.000001000,-0.958813650,0.656548749,-0.945106967,0.041000000,1.108132283,0.117652662,-0.238865409,-0.407709031,1.312088188,-0.415281511
-0.045550950,-0.014720477,0.882972711,0.006068249,0.034421385,0.003553130,0.999382669,-0.166412722,0.000337391,-0.042959071,0.039700703,-0.119231640,-0.040743611,-0.170137206,-0.000050196,-0.050372956,0.042453730,-0.117226346,-0.049900401,0.000001000,-0.950980902,0.665794185,-0.945997079,0.041000000,1.108604808,0.114631203,-0.239245785,-0.408451140,1.312179447,-0.416546713
-0.044850025,-0.015806902,0.883070272,0.006201975,0.034095459,0.003536662,0.999393079,-0.165034460,0.001442662,-0.043351825,0.040380386,-0.119401797,-0.040812373,-0.168772399,0.001094532,-0.050812078,0.043132027,-0.117409690,-0.050010293,0.000001000,-0.943152965,0.675032778,-0.946884718,0.041000000,1.109076457,0.111608270,-0.239626143,-0.409193127,1.312270896,-0.417812234
-0.043712810,-0.017208536,0.882992361,0.006424023,0.033894026,0.003392272,0.999399029,-0.163250403,0.002973259,-0.043841581,0.041132699,-0.119582613,-0.040889890,-0.167004002,0.002623086,-0.051340003,0.043894413,-0.117600246,-0.050118201,0.000001000,-0.941371331,0.676861081,-0.944807195,0.041000000,1.108804301,0.107169255,-0.240326250,-0.409798083,1.312790300,-0.419409197
-0.042575595,-0.018610171,0.882914451,0.006646071,0.033692589,0.003247882,0.999404868,-0.161466346,0.004503856,-0.044331337,0.041885012,-0.119763429,-0.040967407,-0.165235605,0.004151641,-0.051867927,0.044656800,-0.117790802,-0.050226108,0.000001000,-0.939589696,0.678689385,-0.942729671,0.041000000,1.108532145,0.102730241,-0.241026356,-0.410403038,1.313309704,-0.421006160
-0.041598995,-0.019925187,0.882793923,0.006830173,0.033673913,0.003046773,0.999404890,-0.160039441,0.006051643,-0.044835537,0.042349795,-0.119973984,-0.041044499,-0.163897829,0.005710105,-0.052411960,0.045110700,-0.118004061,-0.050330336,0.000001000,-0.943916686,0.671443361,-0.938033850,0.041000000,1.107354452,0.097546291,-0.241683708,-0.410958532,1.313874355,-0.422667993
-0.040622794,-0.021239988,0.882673289,0.007014181,0.033655688,0.002845522,0.999404822,-0.158613420,0.007599473,-0.045339774,0.042813867,-0.120184612,-0.041121589,-0.162561118,0.007268643,-0.052956033,0.045563837,-0.118217375,-0.050434555,0.000001000,-0.948258802,0.664174869,-0.933331545,0.041000000,1.106174518,0.092360495,-0.242340953,-0.411513904,1.314439119,-0.424329986
-0.041505961,-0.018858117,0.882094552,0.006709886,0.033468934,0.002992219,0.999412755,-0.158496696,0.004282367,-0.047698419,0.041370917,-0.124086520,-0.042685032,-0.162352546,0.003739113,-0.055754536,0.044331738,-0.122147012,-0.052573117,0.000001000,-0.972874520,0.608781333,-0.911136168,0.041000000,1.109151746,0.079198170,-0.253232573,-0.431479944,1.325240252,-0.447183212
-0.042390883,-0.016473261,0.881515537,0.006405211,0.033281943,0.003139280,0.999420547,-0.158381371,0.000961375,-0.050058104,0.039926554,-0.127990809,-0.044249442,-0.162145183,0.000205537,-0.058554328,0.043098394,-0.126079047,-0.054713002,0.000001000,-0.997500249,0.553360826,-0.888931849,0.041000000,1.112132338,0.066032411,-0.264131379,-0.451458828,1.336047855,-0.470049968
-0.042811396,-0.016305431,0.881448380,0.006431899,0.032950099,0.003293946,0.999430874,-0.158360886,0.000664207,-0.050133626,0.039950397,-0.128150758,-0.044327050,-0.162024834,-0.000119355,-0.058643465,0.043167257,-0.126241046,-0.054815187,0.000001000,-0.993687714,0.557226907,-0.890489528,0.041000000,1.112642150,0.065348737,-0.266140777,-0.452561387,1.336120399,-0.471049748
-0.043231908,-0.016137601,0.881381223,0.006458586,0.032618251,0.003448611,0.999441066,-0.158340401,0.000367038,-0.050209149,0.039974240,-0.128310706,-0.044404659,-0.161904486,-0.000444247,-0.058732602,0.043236121,-0.126403044,-0.054917372,0.000001000,-0.989875178,0.561092987,-0.892047206,0.041000000,1.113151963,0.064665063,-0.268150175,-0.453663946,1.336192944,-0.472049529
-0.043911396,-0.014648686,0.881442022,0.006382102,0.033108191,0.003731906,0.999424429,-0.159966869,-0.001453680,-0.049948295,0.039219608,-0.128542476,-0.044505585,-0.163370634,-0.002367115,-0.058461196,0.042538149,-0.126635730,-0.055031531,0.000001000,-0.977614232,0.577056351,-0.895616090,0.041000000,1.114737571,0.063787752,-0.269999669,-0.454839675,1.335895635,-0.472853394
-0.044591448,-0.013156898,0.881503100,0.006305391,0.033599907,0.004015480,0.999407407,-0.161596919,-0.003277712,-0.049686710,0.038463284,-0.128774401,-0.044606563,-0.164840232,-0.004293459,-0.058189005,0.041838510,-0.126868570,-0.055145716,0.000001000,-0.965334914,0.593046023,-0.899189348,0.041000000,1.116325519,0.062910019,-0.271848816,-0.456015562,1.335597522,-0.473656833
-0.045310585,-0.011885765,0.881498367,0.006174666,0.034194300,0.004379252,0.999386535,-0.163733390,-0.004958660,-0.049467642,0.037591870,-0.128983338,-0.044692057,-0.166711694,-0.006043984,-0.057959145,0.041063498,-0.127077465,-0.055246499,0.000001000,-0.937984380,0.620834517,-0.907166770,0.041000000,1.117906320,0.061757588,-0.273006746,-0.457108402,1.335190051,-0.474397494
-0.046029698,-0.010615248,0.881493394,0.006043994,0.034788975,0.004742980,0.999365149,-0.165870604,-0.006639159,-0.049248692,0.036720264,-0.129192256,-0.044777538,-0.168583819,-0.007794018,-0.057729405,0.040288327,-0.127286343,-0.055347264,0.000001000,-0.910610690,0.648635513,-0.915151520,0.041000000,1.119486503,0.060605845,-0.274164666,-0.458201293,1.334782458,-0.475138030
-0.046586226,-0.010509250,0.880982521,0.006202101,0.035957845,0.004790381,0.999322580,-0.168819939,-0.007425463,-0.049255464,0.035602400,-0.129408025,-0.044865743,-0.171300718,-0.008618193,-0.057726879,0.039258973,-0.127507249,-0.055430487,0.000001000,-0.856217028,0.681964249,-0.932589183,0.041000000,1.119369736,0.062047169,-0.277007483,-0.459644492,1.334307573,-0.475688560
-0.047142754,-0.010403252,0.880471649,0.006360198,0.037126665,0.004837776,0.999278617,-0.171769273,-0.008211768,-0.049262236,0.034484537,-0.129623794,-0.044953947,-0.174017617,-0.009442367,-0.057724354,0.038229619,-0.127728154,-0.055513711,0.000001000,-0.801823367,0.715292985,-0.950026845,0.041000000,1.119252970,0.063488493,-0.279850300,-0.461087691,1.333832688,-0.476239090
-0.046642166,-0.011784567,0.878517880,0.006023115,0.039309296,0.004776649,0.999197520,-0.175364924,-0.006243881,-0.049922841,0.033305734,-0.129802173,-0.045005948,-0.177337059,-0.007447268,-0.058384209,0.037173252,-0.127897911,-0.055552393,0.000001000,-0.712646155,0.742279264,-0.976624662,0.041000000,1.118047232,0.071412741,-0.285489202,-0.463220616,1.334031766,-0.476645746
-0.046139343,-0.013169027,0.876561059,0.005684956,0.041493879,0.004715269,0.999111458,-0.178961941,-0.004270171,-0.050584829,0.032126803,-0.129980473,-0.045057871,-0.180657774,-0.005446208,-0.059045466,0.036116827,-0.128067559,-0.055590981,0.000001000,-0.623395394,0.769252132,-1.003241847,0.041000000,1.116839192,0.079350697,-0.291134016,-0.465355000,1.334232270,-0.477052098
-0.045434244,-0.013440969,0.872570808,0.004414339,0.043515527,0.004686330,0.999032007,-0.182311350,-0.001534297,-0.051379574,0.031345928,-0.130057355,-0.045095811,-0.183629423,-0.002753518,-0.059819108,0.035486507,-0.128133860,-0.055621756,0.000001000,-0.507369787,0.785125444,-1.035653672,0.057874821,1.124055885,0.090317798,-0.300698155,-0.467966012,1.333898847,-0.477195599
-0.044729462,-0.013711035,0.868578313,0.003142689,0.045536576,0.004657139,0.998946873,-0.185660675,0.001201601,-0.052174270,0.030565417,-0.130134134,-0.045133726,-0.186600983,-0.000060921,-0.060592668,0.034856529,-0.128200060,-0.055652515,0.000001000,-0.391320397,0.800987211,-1.068071172,0.074771791,1.131287843,0.101286168,-0.310267170,-0.470577438,1.333564307,-0.477338748
-0.045300592,-0.011714193,0.863478704,0.001416287,0.047028800,0.003978296,0.998884608,-0.189359131,0.002261682,-0.052539049,0.029807002,-0.130176536,-0.045141698,-0.190139783,0.000816226,-0.060900854,0.034131409,-0.128241993,-0.055660052,0.000001000,-0.275444990,0.812598673,-1.101805073,0.109910804,1.158408167,0.108590587,-0.323386653,-0.473158600,1.331587576,-0.477178563
-0.045871722,-0.009717352,0.858379095,-0.000310122,0.048520757,0.003299430,0.998816677,-0.193057587,0.003321762,-0.052903827,0.029048587,-0.130218938,-0.045149671,-0.193678584,0.001693373,-0.061209039,0.033406290,-0.128283925,-0.055667589,0.000001000,-0.159569582,0.824210135,-1.135538973,0.145049817,1.185528491,0.115895005,-0.336506135,-0.475739763,1.329610845,-0.477018379
-0.043420095,-0.006570095,0.855212323,-0.001508504,0.049284964,0.002119703,0.998781369,-0.193451694,0.001903664,-0.052639426,0.031021288,-0.130193814,-0.045141120,-0.194219241,0.000037745,-0.060884501,0.035248851,-0.128237143,-0.055660951,0.000001000,-0.005252344,0.840231209,-1.181512098,0.259570836,1.258019758,0.129154018,-0.360136202,-0.480605231,1.327048203,-0.477516753
-0.040961986,-0.003420370,0.852049697,-0.002705748,0.050047443,0.000938894,0.998742735,-0.193838715,0.000480250,-0.052373676,0.032999847,-0.130168547,-0.045132533,-0.194753469,-0.001623315,-0.060558607,0.037096918,-0.128190171,-0.055654283,0.000001000,0.149147336,0.856261739,-1.227511470,0.374262097,1.330608328,0.142425802,-0.383788810,-0.485475598,1.324484303,-0.478016540
-0.040063524,-0.000470425,0.851104295,-0.003384334,0.049801051,0.000666090,0.998753202,-0.192773187,-0.002761511,-0.051621854,0.035641708,-0.130150643,-0.045157031,-0.193790112,-0.004891228,-0.059802168,0.039627540,-0.128136726,-0.055670205,0.000001000,0.210727816,0.869172196,-1.244029558,0.500146782,1.384484160,0.157593503,-0.402550257,-0.490202557,1.321898368,-0.478172207
-0.039166300,0.002478906,0.850161303,-0.004062395,0.049553434,0.000394250,0.998763134,-0.191705637,-0.006004424,-0.050869686,0.038284471,-0.130132739,-0.045181560,-0.192824636,-0.008160070,-0.059045448,0.042159097,-0.128083260,-0.055686148,0.000001000,0.272204566,0.882077255,-1.260516932,0.626033890,1.438335578,0.172763421,-0.421303918,-0.494929186,1.319312963,-0.478327587
-0.037763288,0.004324491,0.850159865,-0.004623594,0.048623641,0.000451058,0.998806368,-0.188887488,-0.007906981,-0.050381737,0.041674546,-0.130095418,-0.045208038,-0.189961597,-0.010019013,-0.058582317,0.045476859,-0.127988705,-0.055700502,0.000001000,0.286884662,0.888509752,-1.267862979,0.731710603,1.473777139,0.189137462,-0.431646433,-0.499149552,1.318137600,-0.478558618
-0.036360276,0.006170076,0.850158427,-0.005184787,0.047693790,0.000507866,0.998848418,-0.186069339,-0.009809538,-0.049893788,0.045064621,-0.130058097,-0.045234516,-0.187098559,-0.011877957,-0.058119187,0.048794621,-0.127894149,-0.055714856,0.000001000,0.301564757,0.894942250,-1.275209026,0.837387317,1.509218699,0.205511503,-0.441988947,-0.503369918,1.316962237,-0.478789649
-0.035027151,0.006314206,0.850261862,-0.005366974,0.045074191,0.000699985,0.998968980,-0.180267846,-0.009808681,-0.049798264,0.049758536,-0.129959388,-0.045258069,-0.181142904,-0.011870503,-0.058058305,0.053416755,-0.127727831,-0.055728001,0.000000004,0.294546971,0.885582628,-1.279672071,0.914760342,1.534034798,0.225855686,-0.445410265,-0.507260408,1.317857994,-0.479069518
-0.033694171,0.006454790,0.850365517,-0.005548334,0.042450757,0.000892381,0.999082756,-0.174460135,-0.009803856,-0.049703557,0.054455169,-0.129860552,-0.045281616,-0.175180803,-0.011859159,-0.057998262,0.058041607,-0.127561363,-0.055741142,-0.000000994,0.287483958,0.876190090,-1.284129106,0.992074372,1.558828749,0.246208143,-0.448817157,-0.511150211,1.318758069,-0.479349489
-0.032928767,0.006075506,0.850210396,-0.005641768,0.041853567,0.001205628,0.999107099,-0.172788193,-0.009264271,-0.049799991,0.056193531,-0.129847457,-0.045294204,-0.173292280,-0.011310436,-0.058108746,0.059780007,-0.127510771,-0.055748016,-0.000000997,0.280561695,0.867940732,-1.285922663,1.021046962,1.568795327,0.253897868,-0.445937384,-0.512458119,1.319921066,-0.479783685
-0.032163725,0.005695737,0.850055184,-0.005734935,0.041258429,0.001518842,0.999130895,-0.171120181,-0.008724447,-0.049896535,0.057929407,-0.129834461,-0.045306784,-0.171407698,-0.010761491,-0.058219320,0.061515903,-0.127460296,-0.055754886,-0.000001000,0.273634425,0.859687243,-1.287713962,1.049977947,1.578750551,0.261575671,-0.443046726,-0.513763552,1.321084795,-0.480218300
-0.030963973,0.005371613,0.850260692,-0.005433100,0.040846493,0.001497221,0.999149540,-0.169169803,-0.008819877,-0.049824233,0.060587518,-0.129853739,-0.045324302,-0.169399205,-0.010888790,-0.058156241,0.063979719,-0.127418172,-0.055765696,-0.000001000,0.255280454,0.839767104,-1.290294559,1.091830112,1.595797182,0.270362103,-0.429676644,-0.515197771,1.323302004,-0.481248036
-0.029764221,0.005047490,0.850466200,-0.005131263,0.040434547,0.001475600,0.999167924,-0.167219425,-0.008915307,-0.049751931,0.063245629,-0.129873016,-0.045341819,-0.167390713,-0.011016088,-0.058093161,0.066443536,-0.127376047,-0.055776507,-0.000001000,0.236926482,0.819846965,-1.292875156,1.133682277,1.612843813,0.279148535,-0.416306561,-0.516631990,1.325519214,-0.482277772
-0.029293128,0.004143903,0.850726308,-0.005130260,0.042120921,0.001956323,0.999097433,-0.169756368,-0.007903553,-0.050025060,0.062920858,-0.129955406,-0.045354937,-0.169667115,-0.009944507,-0.058374542,0.066104612,-0.127427548,-0.055784010,-0.000000052,0.233431415,0.801080328,-1.295525445,1.148486441,1.620398922,0.276746492,-0.404903182,-0.516507323,1.325578414,-0.483069728
-0.028823598,0.003239073,0.850986532,-0.005129886,0.043811666,0.002438118,0.999023662,-0.172302934,-0.006889425,-0.050298930,0.062589690,-0.130037931,-0.045368045,-0.171952707,-0.008870355,-0.058656661,0.065759677,-0.127479249,-0.055791506,0.000000899,0.229968214,0.782316166,-1.298175884,1.163232598,1.627933676,0.274320455,-0.393504020,-0.516379313,1.325632986,-0.483861175
-0.027380419,0.001747762,0.851528381,-0.004818327,0.045814271,0.003081193,0.998933603,-0.174769626,-0.005435822,-0.050683919,0.062208295,-0.130115110,-0.045372852,-0.174042921,-0.007381886,-0.059042068,0.065411817,-0.127524195,-0.055793891,0.000000947,0.225869149,0.752404836,-1.302065176,1.174158299,1.634922598,0.263731265,-0.378191312,-0.515110872,1.325068967,-0.485331501
-0.025936678,0.000256263,0.852071008,-0.004506337,0.047816902,0.003723978,0.998839010,-0.177237024,-0.003982265,-0.051068919,0.061827391,-0.130192258,-0.045377649,-0.176133926,-0.005893509,-0.059427472,0.065064190,-0.127569095,-0.055796269,0.000000995,0.221756325,0.722463151,-1.305957740,1.185089311,1.641919071,0.253129915,-0.362866166,-0.513840853,1.324503371,-0.486803525
-0.025568726,-0.000229096,0.853766182,-0.003991413,0.049602137,0.003309336,0.998755598,-0.181582256,-0.003729164,-0.051204663,0.062739941,-0.130208930,-0.045377742,-0.180590036,-0.005650412,-0.059549437,0.065278141,-0.127520132,-0.055798395,0.000000997,0.186475768,0.647896400,-1.314566046,1.218125669,1.668239287,0.233812368,-0.327633589,-0.511640362,1.321717177,-0.490632131
-0.025200775,-0.000714455,0.855461356,-0.003476474,0.051387191,0.002894682,0.998668559,-0.185927488,-0.003476063,-0.051340408,0.063652491,-0.130225602,-0.045377835,-0.185046147,-0.005407314,-0.059671401,0.065492092,-0.127471170,-0.055800521,0.000001000,0.151195212,0.573329648,-1.323174351,1.251162028,1.694559503,0.214494822,-0.292401012,-0.509439871,1.318930982,-0.494460736
-0.023760948,-0.000676533,0.856985237,-0.003190557,0.052110540,0.002397237,0.998633349,-0.187715519,-0.004135801,-0.051426750,0.068715958,-0.129336170,-0.045395678,-0.186544154,-0.006011649,-0.059798778,0.068787200,-0.126479559,-0.055875180,0.000000001,0.110747324,0.534306218,-1.350354965,1.259198060,1.768299122,0.214738086,-0.264226263,-0.508985674,1.310998146,-0.507007220
-0.022318854,-0.000637504,0.858508757,-0.002905121,0.052831599,0.001899615,0.998597403,-0.189498143,-0.004797469,-0.051512987,0.073788201,-0.128444823,-0.045413558,-0.188035906,-0.006617777,-0.059926167,0.072088823,-0.125485955,-0.055949993,-0.000000999,0.070288510,0.495357942,-1.377574850,1.267181231,1.842139008,0.215022711,-0.236066438,-0.508535170,1.303054429,-0.519572137
-0.020842656,-0.000647533,0.860241068,-0.003602696,0.052068422,0.001680420,0.998635607,-0.185335774,-0.003008394,-0.052277644,0.073528142,-0.127533807,-0.045518543,-0.183543193,-0.004761913,-0.060852483,0.070340732,-0.124623227,-0.056264581,-0.000001000,0.053046120,0.483949074,-1.377791412,1.229271025,1.886611663,0.194529295,-0.214406444,-0.499962692,1.288653815,-0.528393918
-0.019366428,-0.000657605,0.861973565,-0.004301142,0.051303865,0.001461471,0.998672758,-0.181168109,-0.001217136,-0.053042906,0.073263332,-0.126622773,-0.045623605,-0.179045148,-0.002903856,-0.061779510,0.068588143,-0.123760616,-0.056579382,-0.000001000,0.035824411,0.472564739,-1.377983919,1.191319937,1.931058157,0.174017371,-0.192752241,-0.491382978,1.274247450,-0.537212364
-0.016776710,-0.000322231,0.863622954,-0.004536641,0.049964646,0.001473462,0.998739597,-0.175982040,-0.001003205,-0.053038016,0.075211245,-0.126417711,-0.045635557,-0.173957525,-0.002728688,-0.061792280,0.070421542,-0.123557028,-0.056612238,-0.000000053,0.027273007,0.470695525,-1.377391012,1.185595750,1.931214823,0.159351190,-0.187509111,-0.489304979,1.271486166,-0.539342060
-0.014183171,0.000014328,0.865272057,-0.004770543,0.048623362,0.001486244,0.998804686,-0.170792476,-0.000794688,-0.053030484,0.077166751,-0.126215071,-0.045647190,-0.168867879,-0.002559294,-0.061801913,0.072267248,-0.123355702,-0.056644126,0.000000898,0.018751358,0.468858964,-1.376795410,1.179982158,1.931219498,0.144705069,-0.182322299,-0.487249293,1.268764845,-0.541448801
-0.012701977,0.000146014,0.866243563,-0.004496201,0.047456001,0.001263465,0.998862411,-0.166269001,-0.001355248,-0.052849925,0.078413060,-0.126088286,-0.045659731,-0.164539535,-0.003184296,-0.061638747,0.073381069,-0.123250183,-0.056682862,-0.000000001,0.006472496,0.474463532,-1.374877359,1.174325460,1.931219741,0.127217406,-0.181367308,-0.485421478,1.264810929,-0.543610794
-0.011223201,0.000277255,0.867213596,-0.004220748,0.046288947,0.001040172,0.998918634,-0.161746975,-0.001917480,-0.052668990,0.079657827,-0.125961665,-0.045672274,-0.160212846,-0.003811025,-0.061475205,0.074493298,-0.123144872,-0.056721612,-0.000000904,-0.005814538,0.480084282,-1.372956432,1.168668669,1.931219975,0.109723562,-0.180421519,-0.483594159,1.260854332,-0.545772908
-0.011815330,0.000354049,0.867261659,-0.003824119,0.045501594,0.000850331,0.998956585,-0.160178301,-0.002881415,-0.052438419,0.079451604,-0.125936598,-0.045686264,-0.158775737,-0.004794123,-0.061262590,0.074218242,-0.123141278,-0.056764326,-0.000000002,-0.012326510,0.495566868,-1.370145669,1.166325289,1.931219987,0.100204031,-0.187066698,-0.482930566,1.257609841,-0.546966618
-0.012409304,0.000430795,0.867308900,-0.003427379,0.044714542,0.000660519,0.998993707,-0.158612257,-0.003845708,-0.052207804,0.079244088,-0.125911621,-0.045700254,-0.157341202,-0.005777538,-0.061049931,0.073941950,-0.123137774,-0.056807043,0.000000902,-0.018833337,0.511058239,-1.367334113,1.163984861,1.931219999,0.090691603,-0.193718638,-0.482268011,1.254365984,-0.548159466
-0.010794247,-0.000701895,0.862875258,-0.001400929,0.045140134,0.000527954,0.998979543,-0.156312722,-0.007295156,-0.051312768,0.078642783,-0.125885092,-0.045748672,-0.154846195,-0.009348330,-0.060142230,0.073850359,-0.123109447,-0.056887431,0.000000950,0.036404135,0.403638588,-1.364228991,1.134632048,1.920280919,0.134032258,-0.100544469,-0.469606273,1.269266634,-0.539534980
-0.009171542,-0.001838773,0.858426103,0.000631169,0.045569728,0.000395585,0.998960883,-0.154010648,-0.010753208,-0.050415432,0.078040115,-0.125858557,-0.045797210,-0.152347516,-0.012928079,-0.059232122,0.073759407,-0.123081033,-0.056967950,0.000000995,0.091855362,0.295793426,-1.361122852,1.105185720,1.909303968,0.177555888,-0.007024708,-0.456902994,1.284230100,-0.530876507
-0.007302886,-0.001463587,0.858222009,0.001474728,0.044653011,0.000110442,0.999001462,-0.145212216,-0.013260095,-0.049909431,0.070530427,-0.125139137,-0.045791732,-0.145008048,-0.015507473,-0.058704487,0.069025549,-0.122665341,-0.056978103,0.000000997,0.119991990,0.291078379,-1.294106295,1.119419187,1.918571433,0.221741126,0.011440600,-0.426340236,1.229813249,-0.521250594
-0.005433701,-0.001085159,0.858027020,0.002315735,0.043733335,-0.000175028,0.999040541,-0.136399852,-0.015764941,-0.049404269,0.063005927,-0.124418230,-0.045786139,-0.137658198,-0.018084721,-0.058177672,0.064281734,-0.122248819,-0.056988104,0.000001000,0.148070039,0.286584504,-1.226952675,1.133746330,1.927882313,0.265927783,0.029744947,-0.395739177,1.175247606,-0.511622607
-0.005136207,-0.001063555,0.857595865,0.002940114,0.043284892,-0.000514077,0.999058311,-0.132122573,-0.017175343,-0.049238336,0.057489267,-0.123446607,-0.045845058,-0.134738950,-0.019554966,-0.057843155,0.061315455,-0.122176118,-0.056996618,0.000001000,0.161329699,0.293595689,-1.148351299,1.135783970,1.929468709,0.296450027,0.021633294,-0.355548889,1.132573578,-0.509891233
-0.004840112,-0.001042269,0.857164499,0.003564298,0.042836838,-0.000853172,0.999075359,-0.127849334,-0.018584771,-0.049072705,0.051974395,-0.122474761,-0.045904033,-0.131823650,-0.021024225,-0.057508809,0.058350758,-0.122103724,-0.057005130,0.000001000,0.174576159,0.300617123,-1.069739725,1.137810663,1.931048223,0.326960099,0.013498111,-0.315350060,1.089910143,-0.508166893
-0.004578672,-0.001028504,0.856994880,0.003420981,0.042776822,-0.000847807,0.999078436,-0.125995724,-0.018281472,-0.049331795,0.049208221,-0.121264816,-0.045949955,-0.130301833,-0.020683804,-0.057582265,0.056402389,-0.122183897,-0.057004678,0.000001000,0.194993281,0.304160045,-0.971922110,1.113546959,1.931132384,0.327311561,-0.005569573,-0.278062567,1.083838143,-0.512141798
-0.004317348,-0.001014763,0.856826144,0.003275077,0.042718112,-0.000841280,0.999081443,-0.124150272,-0.017972400,-0.049592317,0.046451313,-0.120054069,-0.045995832,-0.128784714,-0.020337281,-0.057657096,0.054457445,-0.122264585,-0.057004196,0.000001000,0.215434578,0.307691239,-0.874039745,1.089194622,1.931211505,0.327561349,-0.024674115,-0.240784890,1.077889505,-0.516135917
-0.004093260,-0.001001756,0.856860706,0.002944900,0.042799057,-0.000757401,0.999079073,-0.123423531,-0.017248993,-0.049956314,0.045144408,-0.118801183,-0.046031546,-0.127818496,-0.019536715,-0.057867374,0.052805379,-0.122113117,-0.057004980,0.000001000,0.248517234,0.309165930,-0.774397967,1.034159959,1.931215624,0.322810256,-0.043977314,-0.211428111,1.076153805,-0.519974175
-0.003869252,-0.000988750,0.856895710,0.002614322,0.042880300,-0.000673354,0.999076570,-0.122699223,-0.016524686,-0.050320537,0.043840656,-0.117548206,-0.046067238,-0.126853476,-0.018735162,-0.058077947,0.051153950,-0.121961145,-0.057005766,0.000001000,0.281627382,0.310636148,-0.674752362,0.979058571,1.931219580,0.318048289,-0.063280945,-0.182088559,1.074427268,-0.523812094
-0.003486793,-0.000836496,0.857266899,0.003497328,0.041733323,-0.000647411,0.999122455,-0.118559462,-0.018777616,-0.050053710,0.041772987,-0.115738051,-0.046116717,-0.123000765,-0.020970480,-0.057495531,0.049772042,-0.121606058,-0.057008348,0.000001000,0.322162978,0.315791931,-0.610520129,0.885406475,1.931219781,0.319704526,-0.088561776,-0.146270466,1.050529445,-0.529384368
-0.003104188,-0.000684113,0.857638398,0.004381445,0.040585126,-0.000621520,0.999166285,-0.114416556,-0.021033289,-0.049786303,0.039704614,-0.113927383,-0.046166208,-0.119145395,-0.023208595,-0.056912386,0.048390382,-0.121250784,-0.057010931,0.000001000,0.362705412,0.320951108,-0.546320506,0.791718880,1.931219979,0.321366674,-0.113848111,-0.110446408,1.026611206,-0.534958239
-0.002387224,-0.000269341,0.857763388,0.004703997,0.037645455,-0.000504475,0.999279960,-0.104242828,-0.022485327,-0.050114718,0.034680768,-0.109541136,-0.046535214,-0.108965647,-0.024430347,-0.056259137,0.043721551,-0.120017556,-0.057018787,0.000001000,0.399072079,0.338346981,-0.518326104,0.661297485,1.931219990,0.331360420,-0.177565751,0.055568783,0.917277692,-0.549986142
-0.001669123,0.000146324,0.857887539,0.005024598,0.034699358,-0.000387116,0.999385090,-0.094048587,-0.023934631,-0.050445160,0.029646869,-0.105146127,-0.046905308,-0.098764386,-0.025648641,-0.055605651,0.039041540,-0.118781341,-0.057026661,0.000001000,0.435424542,0.355784478,-0.490454856,0.530751139,1.931220000,0.341382507,-0.241414117,0.222026823,0.807653636,-0.565046203
-0.000880885,0.000204388,0.859007880,0.004730027,0.029055967,-0.000273680,0.999566557,-0.080308054,-0.023300467,-0.050633047,0.030410427,-0.103939586,-0.046979062,-0.084761966,-0.024846979,-0.055759671,0.039064935,-0.117853762,-0.057040649,0.000001000,0.443962291,0.374695973,-0.504705300,0.485435191,1.931220000,0.348845508,-0.290752063,0.263593461,0.729056648,-0.575220244
-0.000092499,0.000261697,0.860130327,0.004434004,0.023405942,-0.000160245,0.999716198,-0.066560023,-0.022661896,-0.050820634,0.031186242,-0.102739786,-0.047052190,-0.070751508,-0.024041046,-0.055915399,0.039098275,-0.116926835,-0.057054649,0.000001000,0.452441227,0.393610584,-0.519044808,0.440299460,1.931220000,0.356303098,-0.340059326,0.304896022,0.650525266,-0.585383954
0.000572791,0.000522767,0.860899717,0.003635058,0.019037848,-0.000082230,0.999812152,-0.054582436,-0.021167985,-0.051275059,0.029374056,-0.101852958,-0.047143684,-0.058491174,-0.022338096,-0.056412334,0.036356357,-0.115965616,-0.057110869,0.000001000,0.446513359,0.421988846,-0.535920971,0.394878548,1.931220000,0.371279345,-0.401611431,0.357759746,0.538374741,-0.599565278
0.001237974,0.000784012,0.861668803,0.002835608,0.014670481,-0.000004244,0.999888362,-0.042606373,-0.019673338,-0.051729714,0.027559643,-0.100966399,-0.047235193,-0.046232346,-0.020634374,-0.056909563,0.033612050,-0.115004368,-0.057167124,0.000001000,0.440573090,0.450375254,-0.552799318,0.349457391,1.931220000,0.386262064,-0.463174075,0.410633421,0.426195279,-0.613750060
0.001773893,0.001034476,0.862697216,0.001801848,0.009189710,0.000626916,0.999955954,-0.029062074,-0.017640325,-0.052264241,0.026920856,-0.100195854,-0.047311753,-0.032016216,-0.018326295,-0.057611127,0.031874655,-0.114091976,-0.057263533,0.000001000,0.450157990,0.478078491,-0.565875088,0.287542579,1.931220000,0.421584864,-0.527788858,0.447093523,0.320692211,-0.627170780
0.002309023,0.001284874,0.863727210,0.000766602,0.003701861,0.001261430,0.999992059,-0.015508214,-0.015604029,-0.052799255,0.026289237,-0.099426015,-0.047388221,-0.017788153,-0.016014532,-0.058313938,0.030143399,-0.113179883,-0.057360186,0.000001000,0.459837545,0.505777563,-0.578927674,0.225527207,1.931220000,0.457031676,-0.592422250,0.483453552,0.215229849,-0.640586841
0.002857421,0.001766861,0.864023326,-0.000624725,0.000892523,0.001689219,0.999997980,-0.006347961,-0.013032054,-0.053558115,0.022395924,-0.098871041,-0.047459676,-0.007881539,-0.013250479,-0.059339029,0.024850234,-0.112520799,-0.057520616,0.000001000,0.469145031,0.528159036,-0.588036270,0.149184392,1.931220000,0.489439708,-0.649904029,0.519302669,0.132481196,-0.655736347
0.003405848,0.002249345,0.864317868,-0.002016809,-0.001911080,0.002116547,0.999993900,0.002802869,-0.010458931,-0.054317454,0.018495616,-0.098316527,-0.047531119,0.002015808,-0.010485455,-0.060364812,0.019549430,-0.111862259,-0.057681181,0.000001000,0.478451720,0.550529105,-0.597136407,0.072810850,1.931220000,0.521841222,-0.707370469,0.555150691,0.049781254,-0.670889572
0.003547787,0.002574908,0.865210064,-0.002657772,-0.000205097,0.002352000,0.999993681,0.002079555,-0.009353670,-0.055043002,0.012156202,-0.097403442,-0.047613320,0.001439922,-0.009185821,-0.061416335,0.012566874,-0.111002536,-0.057975652,0.000001000,0.485466569,0.556120627,-0.602783978,0.057693850,1.931220000,0.525507057,-0.738965829,0.588400957,0.045576504,-0.684164386
0.003689327,0.002900318,0.866102847,-0.003297988,0.001505311,0.002587257,0.999990082,0.001346554,-0.008249849,-0.055768516,0.005814395,-0.096490005,-0.047695531,0.000853763,-0.007887624,-0.062467884,0.005582667,-0.110142616,-0.058270254,0.000001000,0.492479169,0.561695689,-0.608428162,0.042636940,1.931220000,0.529144704,-0.770535811,0.621648675,0.041448756,-0.697437358
0.003596813,0.002617794,0.866669741,-0.003701194,0.004591413,0.003008371,0.999978085,-0.004667388,-0.006920502,-0.056634147,0.002863660,-0.095646158,-0.047733892,-0.005221487,-0.006499562,-0.063685295,0.002944304,-0.109652964,-0.058602674,0.000001000,0.508138127,0.557008017,-0.607290558,0.041835223,1.931220000,0.515788551,-0.766315711,0.648669700,0.041228971,-0.690525626
0.003503516,0.002333239,0.867235547,-0.004103572,0.007682065,0.003430077,0.999956190,-0.010698974,-0.005590402,-0.057500246,-0.000075745,-0.094802542,-0.047772107,-0.011315078,-0.005111200,-0.064903260,0.000320460,-0.109164549,-0.058935221,0.000001000,0.523825973,0.552286055,-0.606130295,0.041081135,1.931220000,0.502375620,-0.761976031,0.675669922,0.041022243,-0.683546453
0.003147065,0.001555211,0.866871203,-0.003466473,0.010917363,0.003928083,0.999926680,-0.018638867,-0.006063029,-0.058056471,-0.000659314,-0.093971694,-0.047786387,-0.018875913,-0.005764833,-0.065791497,-0.000090855,-0.108954279,-0.059366093,0.000001000,0.545041174,0.542042036,-0.601106567,0.041041715,1.928506162,0.491113977,-0.732149677,0.693494428,0.041011436,-0.667266216
0.002789985,0.000776006,0.866504640,-0.002826855,0.014152885,0.004426228,0.999886050,-0.026583312,-0.006539958,-0.058611956,-0.001237262,-0.093140875,-0.047800610,-0.026440249,-0.006423337,-0.066678947,-0.000496892,-0.108744672,-0.059797199,0.000001000,0.566269562,0.531784844,-0.596073623,0.041004001,1.925785850,0.479857466,-0.702262520,0.711297043,0.041001097,-0.650963789
0.002470619,0.000291257,0.865791124,-0.002516579,0.016736681,0.004096901,0.999848371,-0.033596933,-0.006793325,-0.059271547,0.000102944,-0.092117326,-0.047786088,-0.033561259,-0.006941175,-0.067677446,0.000937569,-0.108139143,-0.060349253,0.000001000,0.586481081,0.515139149,-0.588312833,0.041002087,1.921464894,0.483768002,-0.667192714,0.717605112,0.041000572,-0.634758345
0.002151285,-0.000193231,0.865077299,-0.002206578,0.019319782,0.003766810,0.999803825,-0.040609726,-0.007046493,-0.059931230,0.001444860,-0.091093604,-0.047771540,-0.040681874,-0.007458888,-0.068676044,0.002373669,-0.107533261,-0.060901415,0.000001000,0.606691695,0.498487763,-0.580549613,0.041000205,1.917142513,0.487692049,-0.632118291,0.723902942,0.041000056,-0.618552986
0.002199000,-0.000262870,0.864531874,-0.001875185,0.018824332,0.004212035,0.999812176,-0.040958687,-0.007992897,-0.060440123,0.004270681,-0.089619117,-0.047798342,-0.040379267,-0.008607103,-0.069614818,0.004772553,-0.106445379,-0.061715988,0.000000053,0.628806296,0.482290666,-0.570853892,0.041000104,1.912774390,0.496947326,-0.608688606,0.717502476,0.041000029,-0.609378908
0.002247985,-0.000331074,0.863987032,-0.001543717,0.018318214,0.004659941,0.999820156,-0.041284578,-0.008941700,-0.060948494,0.007101640,-0.088143070,-0.047825287,-0.040050962,-0.009757501,-0.070553385,0.007174771,-0.105355829,-0.062531470,-0.000000898,0.650927488,0.466095142,-0.561151481,0.041000010,1.908406109,0.506221059,-0.585299233,0.711058049,0.041000003,-0.600229171
0.002242628,-0.000222897,0.863368646,-0.001467845,0.018482165,0.004777496,0.999816698,-0.041996221,-0.013960615,-0.081663896,0.007420601,-0.066167887,-0.049208748,-0.040121541,-0.018214050,-0.106320527,0.007427242,-0.086156466,-0.081042439,-0.000000950,0.671158645,0.446854806,-0.540222107,0.041000005,1.919790662,0.521188882,-0.561901554,0.687827005,0.041000001,-0.598510510
0.002237161,-0.000114363,0.862750111,-0.001392490,0.018647472,0.004894381,0.999813171,-0.042708645,-0.018987769,-0.102420198,0.007734477,-0.044151213,-0.050594955,-0.040192927,-0.026685388,-0.142158165,0.007675362,-0.066920448,-0.099589226,-0.000001000,0.691385977,0.427608307,-0.519270009,0.041000000,1.931207099,0.536168230,-0.538503858,0.664561983,0.041000000,-0.596806891
0.002153292,0.000001519,0.862396242,-0.001276900,0.018004987,0.005633477,0.999821211,-0.041867425,-0.019718268,-0.103353566,0.008271427,-0.043725990,-0.050669326,-0.038480615,-0.027661462,-0.143886975,0.007733517,-0.066551102,-0.100531494,-0.000000052,0.697841658,0.418410557,-0.515164011,0.041000000,1.931220000,0.539998480,-0.526047891,0.670652412,0.041000000,-0.589625906
0.002069334,0.000117410,0.862042673,-0.001161263,0.017361570,0.006373272,0.999828290,-0.041024448,-0.020443907,-0.104264508,0.008808629,-0.043325192,-0.050742213,-0.036766286,-0.028629056,-0.145577198,0.007791458,-0.066203100,-0.101453847,0.000000897,0.704281760,0.409224176,-0.511077071,0.041000000,1.931220000,0.543816118,-0.513604302,0.676776050,0.041000000,-0.582438724
0.001811505,0.000381721,0.861502704,-0.001325197,0.016975151,0.006937442,0.999830966,-0.040493970,-0.026612041,-0.131604936,0.009661712,-0.034940585,-0.051994211,-0.034615087,-0.039360753,-0.193379092,0.008595808,-0.054669293,-0.120472128,0.000000950,0.698242587,0.388870906,-0.513031910,0.041000000,1.931220000,0.552169876,-0.503904151,0.681995198,0.041000000,-0.582228904
0.001553080,0.000646543,0.860962095,-0.001490090,0.016589605,0.007501006,0.999833136,-0.039964565,-0.032798852,-0.159036062,0.010515880,-0.026528580,-0.053250256,-0.032462388,-0.050125957,-0.241339228,0.009402720,-0.043097099,-0.139552511,0.000001000,0.692160589,0.368479314,-0.515007484,0.041000000,1.931220000,0.560539200,-0.494213415,0.687211243,0.041000000,-0.582043029
0.001806445,0.000969343,0.860596282,-0.001231130,0.012813386,0.009113727,0.999875613,-0.029823142,-0.040095515,-0.187660308,0.009624081,-0.023515095,-0.054548199,-0.019553290,-0.059924292,-0.282564685,0.007747626,-0.036363965,-0.153822381,0.000001000,0.680507339,0.350197052,-0.540810265,0.041000000,1.931220000,0.578523758,-0.494579043,0.679687443,0.041000000,-0.601194082
0.002060846,0.001292262,0.860230823,-0.000971291,0.009030086,0.010728417,0.999901203,-0.019662265,-0.047394423,-0.216286969,0.008728749,-0.020512537,-0.055846226,-0.006622420,-0.069720671,-0.323776511,0.006087548,-0.029640625,-0.168082515,0.000001000,0.668842814,0.331919059,-0.566661275,0.041000000,1.931220000,0.596527778,-0.494965027,0.672137857,0.041000000,-0.620384275
0.002175622,0.001427301,0.859655815,-0.000951489,0.006584545,0.012230394,0.999903073,-0.014222028,-0.047779267,-0.217079278,0.008498141,-0.019981533,-0.055964673,0.001492054,-0.069629797,-0.324587649,0.002887435,-0.028724694,-0.168492977,0.000001000,0.637260993,0.316435034,-0.604966839,0.044959432,1.931220000,0.609973947,-0.495789295,0.666912687,0.041000000,-0.624719583
0.002289688,0.001561384,0.859079741,-0.000932901,0.004145753,0.013731699,0.999896686,-0.008805799,-0.048128947,-0.217730029,0.008270913,-0.019463099,-0.056077121,0.009582033,-0.069488639,-0.325193320,-0.000320510,-0.027838299,-0.168833002,0.000001000,0.605577879,0.300965219,-0.643335744,0.048939000,1.931220000,0.623396936,-0.496615792,0.661699340,0.041000000,-0.628979342
0.002377556,0.001481917,0.859003849,-0.001307450,0.002982118,0.014186470,0.999894065,-0.005881884,-0.046990499,-0.217831878,0.007676321,-0.019116976,-0.056125078,0.013460918,-0.068277005,-0.325975502,-0.002113225,-0.027166837,-0.168894603,0.000001000,0.563713489,0.288658356,-0.683408372,0.080767345,1.931220000,0.624739189,-0.493868095,0.670780292,0.041000000,-0.625944832
0.002465336,0.001401736,0.858929629,-0.001683310,0.001822738,0.014637720,0.999889785,-0.002966295,-0.045847079,-0.217931893,0.007080501,-0.018771428,-0.056172819,0.017325733,-0.067061793,-0.326758274,-0.003901212,-0.026496093,-0.168955274,0.000001000,0.521815082,0.276362061,-0.723486692,0.112688737,1.931220000,0.626041079,-0.491108456,0.679909003,0.041000000,-0.622885950
0.002231283,0.001275211,0.858701415,-0.002112772,0.003614570,0.014771699,0.999882127,-0.007900594,-0.044732603,-0.217855605,0.007824625,-0.018620013,-0.056168000,0.012783041,-0.066029685,-0.327293851,-0.003679455,-0.026183499,-0.168956915,0.000001000,0.502669812,0.286215204,-0.760470095,0.118776110,1.931084262,0.615857080,-0.485267332,0.695925314,0.041000000,-0.615723890
0.001996539,0.001148587,0.858472871,-0.002542343,0.005412718,0.014904947,0.999871032,-0.012851727,-0.043618190,-0.217778938,0.008571623,-0.018469014,-0.056163068,0.008222317,-0.064997969,-0.327828898,-0.003453388,-0.025871673,-0.168958431,0.000001000,0.483573337,0.296115849,-0.797446859,0.124808079,1.930948234,0.605648448,-0.479419599,0.711956395,0.041000000,-0.608553031
0.001539238,0.001152508,0.858156904,-0.002208412,0.008982978,0.015443421,0.999837952,-0.022651164,-0.044695275,-0.217456196,0.009904356,-0.018347845,-0.056160014,-0.000757037,-0.065999653,-0.327528119,-0.002992384,-0.025736714,-0.168938428,0.000001000,0.465597278,0.285167049,-0.822862492,0.148025579,1.931076486,0.587357205,-0.475630429,0.729929609,0.041000000,-0.606968540
0.001080913,0.001157029,0.857840535,-0.001870939,0.012561274,0.015983555,0.999791598,-0.032472909,-0.045782442,-0.217132322,0.011239784,-0.018226813,-0.056156970,-0.009756723,-0.067010693,-0.327223495,-0.002530299,-0.025602570,-0.168918326,0.000001000,0.447626373,0.274122318,-0.848224931,0.171322151,1.931205953,0.569028774,-0.471850731,0.747911759,0.041000000,-0.605409753
0.000795104,0.001189577,0.857652155,-0.001587598,0.014491769,0.013996480,0.999795763,-0.037487901,-0.046645713,-0.216620898,0.012963113,-0.018102124,-0.056154684,-0.016515151,-0.068103359,-0.326508560,-0.000148789,-0.025389116,-0.168905813,0.000001000,0.443309833,0.268010854,-0.826929727,0.197682736,1.931189456,0.525334057,-0.466013462,0.783933349,0.041000000,-0.605290497
0.000509866,0.001222217,0.857464198,-0.001304424,0.016416696,0.012000929,0.999792363,-0.042486978,-0.047508241,-0.216108853,0.014687726,-0.017977422,-0.056152400,-0.023266159,-0.069196296,-0.325792267,0.002239076,-0.025175400,-0.168893325,0.000001000,0.439038501,0.261915723,-0.805480043,0.224053466,1.931172476,0.481555353,-0.460169382,0.820014666,0.041000000,-0.605176007
0.000304500,0.001185202,0.857459967,-0.001484162,0.017357892,0.016239700,0.999716346,-0.047801900,-0.047483073,-0.215938530,0.017343033,-0.017806689,-0.056154412,-0.024647339,-0.068884171,-0.325425632,0.003101753,-0.025054284,-0.168898321,0.000001000,0.444320947,0.274278855,-0.804848452,0.201967187,1.931194951,0.445775804,-0.462172381,0.849286699,0.048153091,-0.605940455
0.000099308,0.001148035,0.857456135,-0.001664879,0.018296620,0.020491721,0.999621204,-0.053117508,-0.047455973,-0.215768949,0.020000364,-0.017635855,-0.056156434,-0.026016842,-0.068568990,-0.325059758,0.003961113,-0.024933369,-0.168903355,0.000001000,0.449624170,0.286682128,-0.804262133,0.179775526,1.931217511,0.410013651,-0.464192445,0.878543924,0.055321739,-0.606706815
0.000204850,0.001058524,0.858101413,-0.001860701,0.016312197,0.022152894,0.999619777,-0.050344476,-0.047436802,-0.217196016,0.022955070,-0.016962561,-0.056202448,-0.020002063,-0.068033900,-0.327349874,0.002639150,-0.024105941,-0.168805960,0.000001000,0.457902483,0.292706409,-0.836750301,0.110631938,1.931213331,0.400367846,-0.439509732,0.896110136,0.103697907,-0.608753010
0.000311926,0.000968755,0.858749894,-0.002056586,0.014313241,0.023801136,0.999612129,-0.047531532,-0.047417670,-0.218630962,0.025911243,-0.016286787,-0.056248678,-0.013950849,-0.067497725,-0.329653094,0.001306424,-0.023275028,-0.168708059,0.000001000,0.466195476,0.298699216,-0.869401666,0.041256678,1.931209019,0.390850905,-0.414695262,0.913618661,0.152277404,-0.610805520
0.000259499,0.001147047,0.858517611,-0.000641387,0.014263184,0.023812030,0.999614494,-0.047527688,-0.051161406,-0.218372009,0.026123197,-0.016129755,-0.056280505,-0.014036688,-0.070938685,-0.327455000,0.001539992,-0.023153974,-0.168619131,0.000001000,0.474690590,0.295789493,-0.879570164,0.041009123,1.923047896,0.385204153,-0.416786149,0.928743636,0.142299138,-0.610373128
0.000206521,0.001326267,0.858282278,0.000779391,0.014219845,0.023817207,0.999614890,-0.047533570,-0.054918169,-0.218107192,0.026325651,-0.015974520,-0.056312283,-0.014143773,-0.074393414,-0.325241323,0.001778983,-0.023035377,-0.168530234,0.000001000,0.483186404,0.292848950,-0.889660829,0.041000884,1.914858534,0.379570800,-0.418970182,0.943860359,0.132118149,-0.609932134
-0.000151029,0.001384426,0.857852452,0.001560458,0.016724354,0.022664975,0.999602001,-0.053817779,-0.057116072,-0.217849138,0.027157319,-0.015874806,-0.056328191,-0.021646233,-0.076391967,-0.322757000,0.003234009,-0.022980624,-0.168479211,0.000001000,0.493532302,0.294696401,-0.894534101,0.050745412,1.915097351,0.384807747,-0.415209502,0.955546972,0.123350542,-0.609574227
-0.000509231,0.001442326,0.857422209,0.002340140,0.019234190,0.021510074,0.999580855,-0.060115452,-0.059310632,-0.217591099,0.027990335,-0.015775212,-0.056344065,-0.029164553,-0.078387396,-0.320272096,0.004691643,-0.022926009,-0.168428270,0.000001000,0.503882166,0.296554122,-0.899396185,0.060510855,1.915354242,0.390068006,-0.411436074,0.967226229,0.114585967,-0.609216498
-0.000593877,0.001431827,0.857464785,0.002375455,0.021512080,0.018697736,0.999590907,-0.064523795,-0.059369882,-0.217870317,0.027994438,-0.015708126,-0.056375910,-0.036869152,-0.078615722,-0.319012113,0.007192992,-0.022809343,-0.168430426,0.000001000,0.494612607,0.326853119,-0.954954416,0.059344640,1.915683987,0.379910100,-0.419247311,0.970139928,0.109470337,-0.609162597
-0.000677263,0.001421013,0.857509536,0.002407314,0.023788622,0.015877527,0.999588020,-0.068923444,-0.059419308,-0.218152006,0.027994727,-0.015641189,-0.056407828,-0.044574608,-0.078835917,-0.317757765,0.009699143,-0.022692390,-0.168432827,0.000001000,0.485252778,0.357282978,-1.010745903,0.058128129,1.916014068,0.369681255,-0.427111849,0.973013295,0.104371497,-0.609110094
-0.000874990,0.001384580,0.857418427,0.002671760,0.025572397,0.012998177,0.999584895,-0.072351406,-0.059890365,-0.218255876,0.028040561,-0.015583375,-0.056452732,-0.051791617,-0.079599801,-0.316267820,0.013220017,-0.022553525,-0.168420971,0.000001000,0.484817749,0.369059941,-1.041719508,0.054336386,1.916327541,0.344052519,-0.423812735,0.980258673,0.107821072,-0.608451506
-0.001073092,0.001348063,0.857326872,0.002936939,0.027354262,0.010118483,0.999570275,-0.075776180,-0.060362805,-0.218359162,0.028086544,-0.015525591,-0.056497679,-0.059007024,-0.080365468,-0.314777101,0.016744220,-0.022414588,-0.168409068,0.000001000,0.484411999,0.380775710,-1.072611692,0.050536194,1.916640960,0.318373261,-0.420476996,0.987518394,0.111298692,-0.607790930
-0.001147382,0.001362053,0.857378626,0.002904042,0.028599059,0.007055523,0.999561844,-0.077481434,-0.060082016,-0.218570340,0.027648270,-0.015502648,-0.056538758,-0.064540190,-0.080408710,-0.314077784,0.019619853,-0.022271777,-0.168412073,0.000001000,0.481622179,0.379129900,-1.054947388,0.046017413,1.918574214,0.265749662,-0.423080702,1.030978692,0.125492544,-0.609139420
-0.001221411,0.001376149,0.857430683,0.002870483,0.029842408,0.003992097,0.999542522,-0.079183052,-0.059799634,-0.218781745,0.027208972,-0.015479779,-0.056579830,-0.070069798,-0.080450424,-0.313380141,0.022494114,-0.022128957,-0.168415109,0.000001000,0.478827318,0.377455838,-1.037180413,0.041497112,1.920510892,0.213069092,-0.425696967,1.074515535,0.139709056,-0.610492158
-0.001382590,0.001374554,0.857407514,0.002059221,0.028686845,0.001587237,0.999585067,-0.075997860,-0.057666423,-0.218922169,0.027415601,-0.015428669,-0.056609169,-0.070116316,-0.078669969,-0.313041702,0.025828040,-0.021911031,-0.168425122,0.000001000,0.502819500,0.367901643,-1.015656294,0.041251007,1.918456018,0.167862618,-0.414374970,1.125348501,0.169684875,-0.612779807
-0.001544170,0.001372887,0.857383999,0.001244365,0.027520022,-0.000814605,0.999620146,-0.072790184,-0.055524695,-0.219062265,0.027625202,-0.015377429,-0.056638455,-0.070137606,-0.076881131,-0.312704917,0.029164080,-0.021692760,-0.168435167,0.000001000,0.526934930,0.358311192,-0.994114888,0.041024568,1.916382779,0.122690534,-0.402988842,1.176215037,0.199733204,-0.615071756
-0.001690681,0.001338593,0.857508010,0.000771564,0.026844207,-0.001886668,0.999637551,-0.070676377,-0.054147112,-0.219058678,0.026814546,-0.015357554,-0.056662497,-0.069902076,-0.075775641,-0.312616852,0.030681008,-0.021509641,-0.168446913,0.000001000,0.550949272,0.348462478,-0.971349224,0.041012536,1.912855170,0.077400187,-0.407403410,1.221535577,0.205298849,-0.615381139
-0.001837142,0.001304190,0.857632509,0.000299895,0.026169970,-0.002954324,0.999653097,-0.068566191,-0.052772058,-0.219054615,0.026000513,-0.015337782,-0.056686521,-0.069665695,-0.074672413,-0.312529611,0.032191914,-0.021326637,-0.168458665,0.000001000,0.574963279,0.338612910,-0.948579507,0.041001215,1.909322745,0.032109448,-0.411870293,1.266837753,0.210783434,-0.615683958
-0.001938995,0.001393828,0.857584574,0.000357116,0.021766031,-0.001619634,0.999761716,-0.059564021,-0.053137409,-0.218312961,0.027063035,-0.015243560,-0.056696566,-0.059746651,-0.075082322,-0.311566253,0.033382858,-0.021226872,-0.168456285,0.000001000,0.595753852,0.317857476,-0.931540502,0.041000627,1.906846148,0.019328191,-0.428649002,1.294801730,0.201446866,-0.615954317
-0.002040755,0.001483724,0.857536280,0.000415433,0.017353855,-0.000279901,0.999849285,-0.050547486,-0.053506388,-0.217569770,0.028129469,-0.015149183,-0.056706581,-0.049807426,-0.075495385,-0.310601068,0.034573134,-0.021127280,-0.168453875,0.000001000,0.616537705,0.297079311,-0.914513442,0.041000062,1.904371753,0.006614693,-0.445453372,1.322729568,0.192079405,-0.616224608
-0.001921916,0.001363363,0.857708915,0.000221612,0.017366764,-0.001244037,0.999848388,-0.049200050,-0.053437228,-0.221454430,0.026822081,-0.015514471,-0.056771715,-0.048941100,-0.076995006,-0.321384106,0.034401089,-0.021713039,-0.168171694,0.000001000,0.600864892,0.305194797,-0.915376826,0.041000057,1.905575532,0.038307288,-0.440364575,1.287777482,0.185203031,-0.617407954
-0.001802054,0.001242028,0.857882574,0.000026619,0.017400152,-0.002218860,0.999846144,-0.047888132,-0.053366039,-0.225360523,0.025503699,-0.015881888,-0.056837105,-0.048116794,-0.078499658,-0.332221554,0.034222735,-0.022301973,-0.167888217,0.000001000,0.585023234,0.313444101,-0.916323067,0.041000054,1.906796346,0.070205543,-0.435174383,1.252534178,0.178338194,-0.618595530
-0.001682193,0.001120693,0.858056232,-0.000168377,0.017433522,-0.003193699,0.999842910,-0.046576215,-0.053294850,-0.229266616,0.024185317,-0.016249304,-0.056902494,-0.047292489,-0.080004310,-0.343059002,0.034044380,-0.022890906,-0.167604739,0.000001000,0.569181577,0.321693404,-0.917269309,0.041000051,1.908017160,0.102103799,-0.429984191,1.217290874,0.171473358,-0.619783105
-0.001562332,0.000999359,0.858229891,-0.000363376,0.017466877,-0.004168550,0.999838687,-0.045264297,-0.053223661,-0.233172709,0.022866935,-0.016616721,-0.056967883,-0.046468183,-0.081508963,-0.353896450,0.033866025,-0.023479840,-0.167321262,0.000001000,0.553339920,0.329942707,-0.918215550,0.041000049,1.909237974,0.134002054,-0.424794000,1.182047570,0.164608521,-0.620970680
-0.001442470,0.000878024,0.858403550,-0.000558377,0.017500214,-0.005143411,0.999833474,-0.043952380,-0.053152472,-0.237078802,0.021548553,-0.016984138,-0.057033272,-0.045643877,-0.083013615,-0.364733898,0.033687671,-0.024068773,-0.167037785,0.000001000,0.537498263,0.338192010,-0.919161791,0.041000046,1.910458788,0.165900309,-0.419603808,1.146804266,0.157743685,-0.622158256
-0.001322609,0.000756689,0.858577208,-0.000753381,0.017533534,-0.006118278,0.999827272,-0.042640462,-0.053081284,-0.240984895,0.020230171,-0.017351554,-0.057098661,-0.044819571,-0.084518267,-0.375571346,0.033509316,-0.024657707,-0.166754308,0.000001000,0.521656606,0.346441313,-0.920108032,0.041000043,1.911679602,0.197798564,-0.414413616,1.111560962,0.150878848,-0.623345831
-0.001202747,0.000635354,0.858750867,-0.000948385,0.017566838,-0.007093148,0.999820081,-0.041328544,-0.053010095,-0.244890989,0.018911789,-0.017718971,-0.057164051,-0.043995266,-0.086022920,-0.386408794,0.033330961,-0.025246640,-0.166470830,0.000001000,0.505814949,0.354690616,-0.921054273,0.041000041,1.912900416,0.229696819,-0.409223424,1.076317658,0.144014012,-0.624533407
-0.001082886,0.000514019,0.858924526,-0.001143390,0.017600124,-0.008068020,0.999811900,-0.040016627,-0.052938906,-0.248797082,0.017593407,-0.018086387,-0.057229440,-0.043170960,-0.087527572,-0.397246241,0.033152607,-0.025835574,-0.166187353,0.000001000,0.489973291,0.362939920,-0.922000514,0.041000038,1.914121230,0.261595074,-0.404033233,1.041074354,0.137149175,-0.625720982
-0.000963025,0.000392685,0.859098185,-0.001338395,0.017633393,-0.009042889,0.999802730,-0.038704709,-0.052867717,-0.252703175,0.016275025,-0.018453804,-0.057294829,-0.042346654,-0.089032224,-0.408083689,0.032974252,-0.026424507,-0.165903876,0.000001000,0.474131634,0.371189223,-0.922946755,0.041000035,1.915342044,0.293493329,-0.398843041,1.005831050,0.130284339,-0.626908557
-0.000843163,0.000271350,0.859271843,-0.001533399,0.017666645,-0.010017753,0.999792570,-0.037392792,-0.052796528,-0.256609268,0.014956643,-0.018821221,-0.057360218,-0.041522348,-0.090536877,-0.418921137,0.032795897,-0.027013441,-0.165620398,0.000001000,0.458289977,0.379438526,-0.923892997,0.041000032,1.916562858,0.325391584,-0.393652849,0.970587746,0.123419502,-0.628096133
-0.000723302,0.000150015,0.859445502,-0.001728403,0.017699879,-0.010992609,0.999781421,-0.036080874,-0.052725339,-0.260515361,0.013638261,-0.019188637,-0.057425607,-0.040698043,-0.092041529,-0.429758585,0.032617543,-0.027602374,-0.165336921,0.000001000,0.442448320,0.387687829,-0.924839238,0.041000030,1.917783672,0.357289840,-0.388462657,0.935344442,0.116554666,-0.629283708
-0.000603440,0.000028680,0.859619161,-0.001923404,0.017733096,-0.011967454,0.999769282,-0.034768957,-0.052654150,-0.264421454,0.012319879,-0.019556054,-0.057490997,-0.039873737,-0.093546181,-0.440596033,0.032439188,-0.028191308,-0.165053444,0.000001000,0.426606663,0.395937132,-0.925785479,0.041000027,1.919004486,0.389188095,-0.383272465,0.900101138,0.109689829,-0.630471284
-0.000483579,-0.000092655,0.859792819,-0.002118403,0.017766295,-0.012942285,0.999756154,-0.033457039,-0.052582961,-0.268327547,0.011001497,-0.019923471,-0.057556386,-0.039049431,-0.095050834,-0.451433481,0.032260833,-0.028780242,-0.164769967,0.000001000,0.410765005,0.404186435,-0.926731720,0.041000024,1.920225300,0.421086350,-0.378082274,0.864857834,0.102824992,-0.631658859
-0.000363718,-0.000213989,0.859966478,-0.002313400,0.017799476,-0.013917100,0.999742037,-0.032145122,-0.052511772,-0.272233641,0.009683115,-0.020290887,-0.057621775,-0.038225125,-0.096555486,-0.462270929,0.032082479,-0.029369175,-0.164486489,0.000001000,0.394923348,0.412435739,-0.927677961,0.041000022,1.921446114,0.452984605,-0.372892082,0.829614530,0.095960156,-0.632846434
-0.000243856,-0.000335324,0.860140137,-0.002508393,0.017832640,-0.014891895,0.999726931,-0.030833204,-0.052440583,-0.276139734,0.008364733,-0.020658304,-0.057687164,-0.037400820,-0.098060138,-0.473108377,0.031904124,-0.029958109,-0.164203012,0.000001000,0.379081691,0.420685042,-0.928624202,0.041000019,1.922666928,0.484882860,-0.367701890,0.794371225,0.089095319,-0.634034010
-0.000123995,-0.000456659,0.860313795,-0.002703382,0.017865786,-0.015866668,0.999710835,-0.029521286,-0.052369394,-0.280045827,0.007046351,-0.021025720,-0.057752553,-0.036576514,-0.099564791,-0.483945824,0.031725769,-0.030547042,-0.163919535,0.000001000,0.363240034,0.428934345,-0.929570443,0.041000016,1.923887742,0.516781115,-0.362511698,0.759127921,0.082230483,-0.635221585
-0.000004134,-0.000577994,0.860487454,-0.002898366,0.017898913,-0.016841415,0.999693751,-0.028209369,-0.052298205,-0.283951920,0.005727969,-0.021393137,-0.057817942,-0.035752208,-0.101069443,-0.494783272,0.031547415,-0.031135976,-0.163636057,0.000001000,0.347398377,0.437183648,-0.930516684,0.041000014,1.925108556,0.548679370,-0.357321507,0.723884617,0.075365646,-0.636409161
0.000115728,-0.000699329,0.860661113,-0.003093345,0.017932023,-0.017816135,0.999675677,-0.026897451,-0.052227016,-0.287858013,0.004409587,-0.021760554,-0.057883332,-0.034927902,-0.102574095,-0.505620720,0.031369060,-0.031724909,-0.163352580,0.000001000,0.331556720,0.445432951,-0.931462926,0.041000011,1.926329370,0.580577625,-0.352131315,0.688641313,0.068500810,-0.637596736
0.000235589,-0.000820664,0.860834771,-0.003288319,0.017965114,-0.018790823,0.999656614,-0.025585534,-0.052155827,-0.291764106,0.003091205,-0.022127970,-0.057948721,-0.034103597,-0.104078748,-0.516458168,0.031190705,-0.032313843,-0.163069103,0.000001000,0.315715062,0.453682254,-0.932409167,0.041000008,1.927550184,0.612475880,-0.346941123,0.653398009,0.061635973,-0.638784311
0.000355451,-0.000941998,0.861008430,-0.003483286,0.017998188,-0.019765477,0.999636563,-0.024273616,-0.052084638,-0.295670199,0.001772823,-0.022495387,-0.058014110,-0.033279291,-0.105583400,-0.527295616,0.031012351,-0.032902776,-0.162785626,0.000001000,0.299873405,0.461931558,-0.933355408,0.041000005,1.928770998,0.644374136,-0.341750931,0.618154705,0.054771137,-0.639971887
0.000475312,-0.001063333,0.861182089,-0.003678246,0.018031242,-0.020740094,0.999615523,-0.022961699,-0.052013449,-0.299576293,0.000454441,-0.022862804,-0.058079499,-0.032454985,-0.107088053,-0.538133064,0.030833996,-0.033491710,-0.162502148,0.000001000,0.284031748,0.470180861,-0.934301649,0.041000003,1.929991812,0.676272391,-0.336560739,0.582911401,0.047906300,-0.641159462
0.000595173,-0.001184668,0.861355747,-0.003873199,0.018064278,-0.021714671,0.999593494,-0.021649781,-0.051942260,-0.303482386,-0.000863941,-0.023230220,-0.058144888,-0.031630679,-0.108592705,-0.548970512,0.030655641,-0.034080643,-0.162218671,0.000001000,0.268190091,0.478430164,-0.935247890,0.041000000,1.931212626,0.708170646,-0.331370548,0.547668097,0.041041464,-0.642347037
0.000651620,-0.001264410,0.861731069,-0.003270300,0.017188602,-0.021284484,0.999620342,-0.019873620,-0.053580241,-0.304592799,-0.000496999,-0.023243605,-0.058173887,-0.029112696,-0.110578991,-0.552045267,0.030629500,-0.034082730,-0.162261726,0.000001000,0.300291204,0.518952759,-0.922531738,0.041000000,1.931220000,0.700335121,-0.355493765,0.530594227,0.041000000,-0.656776876
0.000707681,-0.001343900,0.862107617,-0.002662549,0.016307381,-0.020845733,0.999646155,-0.018094637,-0.055228609,-0.305686223,-0.000119817,-0.023254839,-0.058202664,-0.026584421,-0.112568205,-0.555072852,0.030604284,-0.034081250,-0.162306765,0.000001000,0.332683651,0.559671468,-0.909732564,0.041000000,1.931220000,0.692258145,-0.379795111,0.513630768,0.041000000,-0.671287184
0.000886758,-0.001523096,0.862346876,-0.001439569,0.016796066,-0.018424503,0.999688130,-0.019772958,-0.058174951,-0.306955274,-0.000200722,-0.023462296,-0.058181181,-0.025996757,-0.115655624,-0.557570554,0.029632697,-0.034205086,-0.162447050,0.000001000,0.366384149,0.592066823,-0.886892271,0.041000000,1.931220000,0.687269641,-0.411931782,0.517789525,0.041000000,-0.680322037
0.001066387,-0.001702738,0.862585520,-0.000213823,0.017290760,-0.015994251,0.999722545,-0.021466767,-0.061127109,-0.308225111,-0.000283680,-0.023670633,-0.058159473,-0.025417788,-0.118747964,-0.560065882,0.028656870,-0.034329483,-0.162587762,0.000001000,0.400090507,0.624424888,-0.864006995,0.041000000,1.931220000,0.682294974,-0.444103554,0.522042909,0.041000000,-0.689332360
0.001299866,-0.001748643,0.862419883,0.000256805,0.018047574,-0.012934812,0.999753424,-0.024151927,-0.062844745,-0.310071824,0.000496975,-0.023994752,-0.058064763,-0.025114039,-0.120406607,-0.563010704,0.028004699,-0.034484118,-0.162799096,0.000001000,0.415208492,0.625032558,-0.839583879,0.041000000,1.931220000,0.670500814,-0.486986801,0.540744297,0.041000000,-0.698402977
0.001533538,-0.001794070,0.862252798,0.000724724,0.018805144,-0.009872989,0.999774157,-0.026840640,-0.064557958,-0.311920603,0.001280725,-0.024319285,-0.057969791,-0.024811276,-0.122060113,-0.565957136,0.027353688,-0.034638862,-0.163010684,0.000001000,0.430259878,0.625526473,-0.815155253,0.041000000,1.931220000,0.658682220,-0.529908425,0.559497449,0.041000000,-0.707473810
0.001598123,-0.001263030,0.861938939,0.001215439,0.019223262,-0.008998301,0.999773984,-0.028533190,-0.067510933,-0.314423866,0.002886218,-0.024729765,-0.057805167,-0.025279511,-0.125183347,-0.569733568,0.028198892,-0.034634484,-0.163430419,0.000001000,0.433420248,0.610705939,-0.794467348,0.041000000,1.931220000,0.633591361,-0.552044912,0.588216783,0.041000000,-0.714474582
0.001661665,-0.000728435,0.861624174,0.001706294,0.019639266,-0.008137093,0.999772562,-0.030219597,-0.070471555,-0.316931166,0.004496778,-0.025140775,-0.057640114,-0.025752501,-0.128315646,-0.573515120,0.029053324,-0.034629124,-0.163851438,0.000001000,0.436507277,0.595790948,-0.773802515,0.041000000,1.931220000,0.608418641,-0.574053199,0.616997585,0.041000000,-0.721462587
0.001528158,-0.000479398,0.861300588,0.001718477,0.020093421,-0.006349982,0.999776465,-0.032642202,-0.071843914,-0.319573186,0.006142244,-0.025343530,-0.057555370,-0.026397675,-0.129896526,-0.577144961,0.030231657,-0.034455506,-0.164248153,0.000001000,0.424933212,0.583824077,-0.774048738,0.041000000,1.931220000,0.594944563,-0.587724679,0.629984711,0.041000000,-0.728518643
0.001393673,-0.000231779,0.860976958,0.001728278,0.020547697,-0.004558252,0.999776989,-0.035068461,-0.073208389,-0.322215875,0.007787883,-0.025545252,-0.057471024,-0.027043703,-0.131469704,-0.580774049,0.031411599,-0.034281052,-0.164644747,0.000001000,0.413286363,0.571871842,-0.774398774,0.041000000,1.931220000,0.581528563,-0.601354770,0.642893429,0.041000000,-0.735575036
0.001313901,0.000095143,0.860838114,0.001763720,0.020771580,-0.004401881,0.999773001,-0.036046033,-0.074771115,-0.325552364,0.008981726,-0.025620389,-0.057404821,-0.027718757,-0.133464463,-0.585262433,0.032998611,-0.033831978,-0.165152600,0.000001000,0.411980306,0.567098485,-0.768097152,0.041000000,1.931220000,0.577384945,-0.599489785,0.654307964,0.041000000,-0.726714390
0.001234331,0.000422358,0.860699949,0.001799256,0.020994615,-0.004251517,0.999768930,-0.037018282,-0.076334570,-0.328891400,0.010173909,-0.025695062,-0.057338685,-0.028393918,-0.135460770,-0.589753974,0.034587118,-0.033381895,-0.165660863,0.000001000,0.410712237,0.562351500,-0.761771096,0.041000000,1.931220000,0.573275389,-0.597567879,0.665717011,0.041000000,-0.717795274
0.001143433,0.000349489,0.860512872,0.001712888,0.021104024,-0.003224969,0.999770617,-0.037946696,-0.076841461,-0.331877607,0.011052687,-0.025660497,-0.057335530,-0.028116891,-0.136102550,-0.593550398,0.035130248,-0.033007085,-0.166104054,0.000001000,0.414727611,0.559853430,-0.760321062,0.041000000,1.928929979,0.562329074,-0.605331663,0.666266620,0.041000000,-0.727269752
0.001052465,0.000274115,0.860325489,0.001625755,0.021212699,-0.002192935,0.999771259,-0.038874836,-0.077341739,-0.334861605,0.011929503,-0.025625248,-0.057332770,-0.027833904,-0.136735852,-0.597342471,0.035666835,-0.032632746,-0.166546838,0.000001000,0.418776054,0.557369435,-0.758901547,0.041000000,1.926625624,0.551339969,-0.613156068,0.666748262,0.041000000,-0.736859353
0.001137016,0.000810332,0.860119362,0.002145735,0.020647636,-0.002614354,0.999781094,-0.037234122,-0.079988240,-0.336978646,0.012174764,-0.025522052,-0.057322614,-0.026868193,-0.139581258,-0.598779914,0.037083423,-0.032225548,-0.166811402,0.000001000,0.424240395,0.547270170,-0.749512283,0.041000000,1.926475794,0.541864787,-0.623535513,0.683429891,0.041000000,-0.740746796
0.001222371,0.001349344,0.859913149,0.002668488,0.020079478,-0.003042415,0.999790197,-0.035581667,-0.082644551,-0.339091725,0.012417138,-0.025418545,-0.057312424,-0.025899362,-0.142436775,-0.600206594,0.038504034,-0.031818201,-0.167075151,0.000001000,0.429711207,0.537136097,-0.740086591,0.041000000,1.926335813,0.532396524,-0.633926636,0.700185568,0.041000000,-0.744608176
0.001406753,0.001474619,0.859988537,0.002161081,0.018409588,-0.003560257,0.999821855,-0.030862932,-0.081905684,-0.340991816,0.011874199,-0.025356180,-0.057322177,-0.021636320,-0.141793582,-0.602393708,0.038443554,-0.031422415,-0.167297610,0.000001000,0.428016650,0.528579291,-0.739897620,0.058741074,1.926763914,0.512248200,-0.646205014,0.720326388,0.041000000,-0.753936959
0.001591505,0.001598349,0.860064977,0.001649821,0.016735522,-0.004078423,0.999850272,-0.026132748,-0.081154140,-0.342891112,0.011328327,-0.025293969,-0.057332005,-0.017360979,-0.141137325,-0.604583662,0.038377544,-0.031026673,-0.167519914,0.000001000,0.426295339,0.520028374,-0.739743137,0.076548392,1.927194136,0.492059998,-0.658490440,0.740479848,0.041000000,-0.763286156
0.001797410,0.001808390,0.860262452,0.001360553,0.014172014,-0.004356515,0.999889156,-0.019248460,-0.080924059,-0.344254256,0.010368471,-0.025242318,-0.057333406,-0.010649664,-0.140951736,-0.606624728,0.037597533,-0.030745425,-0.167749660,0.000001000,0.425406799,0.510194108,-0.740851231,0.098392417,1.927768200,0.471761575,-0.672761629,0.760693029,0.041000000,-0.774491350
0.002003440,0.002018941,0.860460641,0.001072584,0.011603167,-0.004633163,0.999921372,-0.012351475,-0.080697052,-0.345614239,0.009406175,-0.025190728,-0.057334758,-0.003923991,-0.140768922,-0.608664916,0.036813314,-0.030464852,-0.167979450,0.000001000,0.424523169,0.500352277,-0.741966767,0.120260236,1.928343111,0.451462503,-0.687044524,0.780906561,0.041000000,-0.785707484
0.001959098,0.002248547,0.860568554,0.000780243,0.010713544,-0.005610925,0.999926562,-0.009187816,-0.080423912,-0.347235359,0.007876827,-0.025182640,-0.057302510,-0.001641044,-0.140765258,-0.611637543,0.036086132,-0.030210056,-0.168261947,0.000001000,0.430919529,0.481565702,-0.729726815,0.152449637,1.929705463,0.426973580,-0.703107996,0.803059073,0.041000000,-0.801681440
0.001913627,0.002478238,0.860676060,0.000487881,0.009831475,-0.006591839,0.999929823,-0.006040994,-0.080150565,-0.348857657,0.006344922,-0.025174749,-0.057270110,0.000621866,-0.140762402,-0.614614376,0.035359207,-0.029955377,-0.168544682,0.000001000,0.437348725,0.462738785,-0.717426627,0.184685590,1.931071367,0.402465760,-0.719179498,0.825220331,0.041000000,-0.817676855
0.001943522,0.002646564,0.860749805,0.000028129,0.007633753,-0.006775672,0.999947906,-0.000533241,-0.079464128,-0.349898132,0.005835000,-0.025119361,-0.057231974,0.006034392,-0.140348604,-0.617064645,0.035193589,-0.029765174,-0.168797157,0.000001000,0.453766537,0.440221200,-0.690953024,0.208674402,1.931144217,0.375747905,-0.732963633,0.849601564,0.041000000,-0.830823915
0.001973688,0.002814668,0.860823428,-0.000432228,0.005431239,-0.006956590,0.999960960,0.004983043,-0.078776198,-0.350936506,0.005328770,-0.025063801,-0.057193818,0.011458297,-0.139933322,-0.619513012,0.035029999,-0.029575205,-0.169049523,0.000001000,0.470220439,0.417690280,-0.664428212,0.232633417,1.931212394,0.349022066,-0.746739503,0.873990818,0.041000000,-0.843960684
0.001703576,0.002874368,0.860783194,-0.000828996,0.006344135,-0.006547322,0.999958098,0.002791509,-0.078057057,-0.352443242,0.004551828,-0.024993982,-0.057137600,0.009860149,-0.139533135,-0.623330588,0.034283019,-0.029450200,-0.169311647,0.000001000,0.484254219,0.399572978,-0.636634400,0.253363399,1.931216209,0.321068732,-0.755041859,0.899779578,0.041000000,-0.856118432
0.001431602,0.002933397,0.860742254,-0.001225369,0.007276334,-0.006134388,0.999953960,0.000552200,-0.077337723,-0.353952880,0.003773209,-0.024924075,-0.057081270,0.008218477,-0.139133042,-0.627156651,0.033532423,-0.029325598,-0.169573832,0.000001000,0.498272998,0.381483033,-0.608832722,0.274073367,1.931219625,0.293107791,-0.763310290,0.925577012,0.041000000,-0.868270112
0.000572558,0.002737615,0.860484619,-0.002196121,0.015391896,-0.005426878,0.999864399,-0.018268336,-0.074453067,-0.356060982,0.000967435,-0.025052793,-0.057048049,-0.010075296,-0.136322680,-0.631041722,0.031141644,-0.029417249,-0.169620557,0.000001000,0.501823773,0.380129489,-0.592770382,0.275687835,1.931219811,0.293094964,-0.755542180,0.927794667,0.041000000,-0.866730326
-0.000289168,0.002540669,0.860225993,-0.003169350,0.023539251,-0.004717655,0.999706758,-0.037164662,-0.071558514,-0.358171819,-0.001847605,-0.025182418,-0.057014933,-0.028445182,-0.133501302,-0.634927063,0.028743368,-0.029509888,-0.169666298,0.000001000,0.505326700,0.378852445,-0.576761701,0.277215022,1.931219981,0.293209883,-0.747700771,0.929904544,0.041000000,-0.865127959
-0.000632130,0.002173688,0.860023865,-0.003112236,0.028431795,-0.004157534,0.999582244,-0.053088107,-0.079459895,-0.386113880,0.011550294,-0.020519190,-0.056782799,-0.029064130,-0.156300373,-0.740753849,0.042416690,-0.025159110,-0.172483963,0.000001000,0.507180257,0.389891817,-0.548614126,0.260238079,1.931219991,0.310753311,-0.728747177,0.904814427,0.041000000,-0.894531169
-0.000973420,0.001806159,0.859821920,-0.003051730,0.033313177,-0.003597794,0.999433827,-0.069001979,-0.087396041,-0.414139127,0.025000405,-0.015840527,-0.056550024,-0.029625915,-0.179181951,-0.846908920,0.056141767,-0.020794022,-0.175310554,0.000001000,0.509028502,0.400970853,-0.520427460,0.243201546,1.931220000,0.328352863,-0.709757799,0.879636717,0.041000000,-0.924034228
-0.001123923,0.001612465,0.859631965,-0.002074698,0.035444337,-0.002784766,0.999365619,-0.074776625,-0.091514771,-0.421361234,0.027231574,-0.015379603,-0.056626316,-0.033352242,-0.183980007,-0.857715475,0.058500327,-0.020042995,-0.175469655,0.000001000,0.510456013,0.428209290,-0.534897853,0.218971426,1.931220013,0.333902511,-0.694450192,0.867386746,0.041000000,-0.922342141
-0.001273254,0.001419837,0.859442084,-0.001092029,0.037558405,-0.001970167,0.999291895,-0.080489043,-0.095610072,-0.428455663,0.029393889,-0.014944565,-0.056704505,-0.037097992,-0.188667077,-0.867936834,0.060789125,-0.019314150,-0.175612385,0.000001000,0.511880942,0.455546904,-0.549630050,0.194697157,1.931220026,0.339378203,-0.679165181,0.855216118,0.041000000,-0.920458595
-0.001183428,0.001431548,0.859455479,-0.000044467,0.037006331,-0.001756143,0.999313487,-0.078143854,-0.100461228,-0.439308921,0.029480960,-0.015118906,-0.057074281,-0.035256182,-0.192333716,-0.871816329,0.061891800,-0.018711921,-0.175662230,0.000001000,0.519855654,0.476467706,-0.563552313,0.174127271,1.931219799,0.344380062,-0.668446200,0.847046364,0.041000000,-0.918752050
-0.001092509,0.001444192,0.859469802,0.001003391,0.036442016,-0.001544862,0.999334071,-0.075761836,-0.105315839,-0.450179361,0.029558545,-0.015296032,-0.057445389,-0.033388833,-0.195995692,-0.875666837,0.062989053,-0.018110270,-0.175711649,0.000001000,0.527860303,0.497359178,-0.577470874,0.153574317,1.931219571,0.349379756,-0.657748088,0.838894898,0.041000000,-0.917046313
-0.001136413,0.001434874,0.859507558,0.001661274,0.037636316,-0.001312890,0.999289260,-0.077729289,-0.110297484,-0.465218261,0.030925253,-0.016112485,-0.058134267,-0.036134093,-0.198446929,-0.877844003,0.064220272,-0.017609495,-0.175748468,0.000001000,0.530862843,0.517531470,-0.588583185,0.133003167,1.931214484,0.365882521,-0.648051862,0.819840331,0.041000000,-0.918202669
-0.001181279,0.001425400,0.859545482,0.002316373,0.038843082,-0.001080768,0.999242053,-0.079727755,-0.115280035,-0.480286885,0.032301153,-0.016933497,-0.058825409,-0.038912243,-0.200889532,-0.880009237,0.065452446,-0.017109440,-0.175785197,0.000001000,0.533829715,0.537698634,-0.599675485,0.112431886,1.931209361,0.382467310,-0.638362780,0.800708020,0.041000000,-0.919379433
-0.001227291,0.001343755,0.859501969,0.002199235,0.039708946,-0.000739722,0.999208595,-0.080740597,-0.118467278,-0.496302102,0.033683266,-0.017640646,-0.059538324,-0.040509900,-0.200906629,-0.882202199,0.065584504,-0.016698337,-0.175824527,0.000001000,0.547448972,0.548005020,-0.596677685,0.091340710,1.931207506,0.397221009,-0.632707291,0.784469704,0.041000000,-0.924032105
-0.001273310,0.001261671,0.859457962,0.002077403,0.040572704,-0.000398013,0.999174350,-0.081747449,-0.121643610,-0.512323071,0.035065416,-0.018347103,-0.060251372,-0.042100384,-0.200908987,-0.884395330,0.065709877,-0.016287774,-0.175863873,0.000001000,0.561132962,0.558251485,-0.593594264,0.070246374,1.931205670,0.411963581,-0.627076313,0.768248974,0.041000000,-0.928705900
-0.001271489,0.001230172,0.859446063,0.001728334,0.040114404,-0.000238359,0.999193570,-0.080453751,-0.121551423,-0.515939427,0.035358418,-0.018467442,-0.060403398,-0.040760335,-0.200022280,-0.885115823,0.065427436,-0.016196996,-0.175879387,0.000001000,0.574484691,0.553672668,-0.582592287,0.068867409,1.931143175,0.412560655,-0.623730704,0.770665313,0.041000000,-0.924703437
-0.001269453,0.001198899,0.859434308,0.001378247,0.039650168,-0.000079520,0.999212669,-0.079149746,-0.121444593,-0.519500211,0.035646540,-0.018585155,-0.060552911,-0.039407157,-0.199131590,-0.885829717,0.065143169,-0.016107650,-0.175894794,0.000001000,0.587834932,0.549027435,-0.571554835,0.067576769,1.931080408,0.413094357,-0.620395333,0.773165146,0.041000000,-0.920662106
-0.001311761,0.001088653,0.859349426,0.000991895,0.040157368,-0.000102488,0.999192870,-0.079789300,-0.121703199,-0.525908586,0.036032719,-0.018593713,-0.060760885,-0.040157113,-0.198075587,-0.887662696,0.064596687,-0.015928898,-0.175920883,0.000001000,0.578167533,0.548175393,-0.576873895,0.074376789,1.931116413,0.415431928,-0.616397614,0.770606256,0.041000000,-0.920097802
-0.001354382,0.000977849,0.859264027,0.000605286,0.040671420,-0.000126741,0.999172384,-0.080442595,-0.121964388,-0.532337093,0.036419591,-0.018601499,-0.060969273,-0.040921938,-0.197018415,-0.889503587,0.064048351,-0.015749514,-0.175947048,0.000001000,0.568337407,0.547350167,-0.582308589,0.081234007,1.931153116,0.417782250,-0.612395213,0.768011604,0.041000000,-0.919558080
-0.001288739,0.000873094,0.859227434,0.000419468,0.040319076,-0.000098984,0.999186763,-0.078545974,-0.122912352,-0.540321652,0.036337126,-0.018429342,-0.061205650,-0.039475379,-0.196480186,-0.891439482,0.063488012,-0.015482743,-0.175982511,0.000001000,0.542163561,0.554733002,-0.612735539,0.085576879,1.931098060,0.424087332,-0.612140717,0.759842562,0.041000000,-0.925533996
-0.001222424,0.000768376,0.859191143,0.000234895,0.039961356,-0.000070905,0.999201196,-0.076633549,-0.123864573,-0.548315855,0.036251751,-0.018256070,-0.061442199,-0.038015114,-0.195945173,-0.893375965,0.062927599,-0.015215431,-0.176018031,0.000001000,0.515888413,0.562166713,-0.643317394,0.089904166,1.931042436,0.430416927,-0.611909450,0.751638969,0.041000000,-0.931550298
-0.001198372,0.000842633,0.859167369,0.000012734,0.039531632,0.000409252,0.999218236,-0.075352012,-0.124509538,-0.552962170,0.036604727,-0.018069072,-0.061575236,-0.036465892,-0.195692237,-0.894809529,0.062666341,-0.015030707,-0.176045355,0.000001000,0.516903598,0.551393626,-0.643757873,0.093367921,1.931130367,0.438629340,-0.615975751,0.744560506,0.041000000,-0.939544515
-0.001174508,0.000917686,0.859143651,-0.000209595,0.039101570,0.000891419,0.999234822,-0.074073282,-0.125153135,-0.557593588,0.036959654,-0.017882012,-0.061707812,-0.034916274,-0.195440557,-0.896240856,0.062406414,-0.014846352,-0.176072642,0.000001000,0.518040217,0.540539524,-0.644064232,0.096827833,1.931218936,0.446850131,-0.620061175,0.737487049,0.041000000,-0.947547532
-0.001106572,0.001009355,0.859255218,-0.000386707,0.038893571,0.000974898,0.999242808,-0.072576563,-0.126368346,-0.565246013,0.036949992,-0.017645682,-0.061934866,-0.033327157,-0.195813758,-0.901193688,0.062139194,-0.014560672,-0.176145848,0.000001000,0.512707775,0.537413062,-0.646546086,0.098704595,1.931217564,0.460752120,-0.623597513,0.725818080,0.041000000,-0.959274853
-0.001038326,0.001101141,0.859367737,-0.000563501,0.038687132,0.001055570,0.999250656,-0.071078310,-0.127587580,-0.572919702,0.036937763,-0.017409004,-0.062162585,-0.031737762,-0.196191358,-0.906171309,0.061871923,-0.014274279,-0.176219377,0.000001000,0.507329797,0.534340997,-0.649043255,0.100570213,1.931215559,0.474694101,-0.627129986,0.714116763,0.041000000,-0.971028391
-0.001041102,0.001077642,0.859334918,-0.001085503,0.038575022,0.001243244,0.999254344,-0.070320810,-0.127500682,-0.578641426,0.037287528,-0.017105960,-0.062328404,-0.030109741,-0.195755949,-0.912760349,0.061547382,-0.014030632,-0.176299899,0.000001000,0.505084995,0.530752429,-0.649421025,0.097054285,1.931159450,0.478355685,-0.627850709,0.709795908,0.041000000,-0.978693842
-0.001044314,0.001053436,0.859301208,-0.001609624,0.038463479,0.001431573,0.999257685,-0.069567856,-0.127405768,-0.584351170,0.037639514,-0.016802508,-0.062493843,-0.028481483,-0.195315550,-0.919359279,0.061222489,-0.013787248,-0.176380463,0.000001000,0.502859422,0.527160691,-0.649785788,0.093505327,1.931103008,0.481954173,-0.628554176,0.705520350,0.041000000,-0.986334203
-0.001043129,0.001109524,0.859355070,-0.001687239,0.038668719,0.001351783,0.999249747,-0.069575908,-0.128103482,-0.588291583,0.037793490,-0.016600072,-0.062605844,-0.028142427,-0.196055252,-0.924336262,0.061490270,-0.013625821,-0.176439843,0.000001000,0.499717854,0.529614333,-0.651116125,0.091396507,1.931146464,0.484274880,-0.630242429,0.703262227,0.041000000,-0.992735579
-0.001041923,0.001165999,0.859409354,-0.001762704,0.038875482,0.001270703,0.999241700,-0.069587624,-0.128805010,-0.592223480,0.037946513,-0.016398122,-0.062717587,-0.027809575,-0.196800633,-0.929305439,0.061760904,-0.013464788,-0.176499121,0.000001000,0.496571878,0.532097072,-0.652451110,0.089294619,1.931190401,0.486589437,-0.631935423,0.701013814,0.041000000,-0.999130992
-0.001026784,0.001135381,0.859373910,-0.001974318,0.038472147,0.001301953,0.999256874,-0.068258451,-0.128812269,-0.595201723,0.037943251,-0.016216300,-0.062801807,-0.025920228,-0.196915024,-0.934123470,0.061698017,-0.013342102,-0.176545706,0.000001000,0.498629410,0.529721030,-0.651391072,0.084445713,1.931113350,0.486437979,-0.629491436,0.700003717,0.041000000,-1.000416686
-0.001011542,0.001104121,0.859337804,-0.002186936,0.038064306,0.001334031,0.999272008,-0.066919391,-0.128814407,-0.598172934,0.037938837,-0.016034626,-0.062885825,-0.024019404,-0.197024762,-0.938940386,0.061632671,-0.013219698,-0.176592197,0.000001000,0.500725313,0.527309161,-0.650313373,0.079576551,1.931035408,0.486268338,-0.627016943,0.699002752,0.041000000,-1.001664701
-0.000962007,0.001204348,0.859422828,-0.002114462,0.037744227,0.001206408,0.999284467,-0.065773983,-0.129413928,-0.599858944,0.037774580,-0.015938915,-0.062937672,-0.022818755,-0.197751657,-0.941411493,0.061742661,-0.013149911,-0.176619271,0.000001000,0.501067858,0.524475239,-0.648383575,0.086256289,1.931089467,0.478059300,-0.632299770,0.706369515,0.041000000,-1.007551914
-0.000912263,0.001305379,0.859508591,-0.002040246,0.037424679,0.001077809,0.999296787,-0.064629758,-0.130017096,-0.601537106,0.037609346,-0.015843728,-0.062989322,-0.021622381,-0.198482320,-0.943868274,0.061853722,-0.013080445,-0.176646227,0.000001000,0.501399696,0.521638739,-0.646448573,0.093006557,1.931144332,0.469801165,-0.637629972,0.713787382,0.041000000,-1.013467459
-0.001039937,0.001195053,0.859432028,-0.002541294,0.038395259,0.001440522,0.999258360,-0.067199515,-0.129045762,-0.602935198,0.038041789,-0.015764430,-0.063013619,-0.023291315,-0.197525366,-0.947044087,0.061729478,-0.013040972,-0.176673551,0.000001000,0.500577722,0.520880664,-0.643976327,0.090822299,1.931146974,0.456514351,-0.638769348,0.724663952,0.041000000,-1.014618579
-0.001168454,0.001083722,0.859354694,-0.003045073,0.039371918,0.001805567,0.999218354,-0.069786922,-0.128066945,-0.604331958,0.038477072,-0.015685208,-0.063037786,-0.024973867,-0.196560391,-0.950223317,0.061604116,-0.013001641,-0.176700878,0.000001000,0.499750266,0.520132467,-0.641501528,0.088595579,1.931149368,0.443203639,-0.639888808,0.735556960,0.041000000,-1.015747057
-0.001336928,0.000928922,0.859262513,-0.003540189,0.040786872,0.001836907,0.999159909,-0.073522800,-0.126967516,-0.605088063,0.039176259,-0.015583280,-0.063048493,-0.027847305,-0.195568777,-0.953555534,0.061552001,-0.012964197,-0.176737773,0.000001000,0.500650696,0.523823281,-0.637975774,0.081490578,1.931182704,0.427737601,-0.639063829,0.750463016,0.041000000,-1.014274754
-0.001505694,0.000773804,0.859170224,-0.004035234,0.042204939,0.001865801,0.999099084,-0.077267076,-0.125867205,-0.605839482,0.039877375,-0.015481187,-0.063059101,-0.030729452,-0.194576969,-0.956888870,0.061500422,-0.012926767,-0.176774738,0.000001000,0.501563762,0.527546557,-0.634442334,0.074349902,1.931216267,0.412255800,-0.638224631,0.765398420,0.041000000,-1.012783431
-0.001616876,0.000777253,0.859169111,-0.003729381,0.043082100,0.001657612,0.999063200,-0.079546137,-0.126896449,-0.606463767,0.040470808,-0.015338756,-0.063086589,-0.032680645,-0.195906837,-0.959427816,0.062072180,-0.012861699,-0.176812704,0.000001000,0.505183351,0.535021141,-0.630488926,0.060443358,1.931218137,0.403872015,-0.637442165,0.773658767,0.041000000,-1.011891638
-0.001727709,0.000781664,0.859168553,-0.003418658,0.043955934,0.001447981,0.999026572,-0.081816294,-0.127938634,-0.607087280,0.041063587,-0.015196081,-0.063114178,-0.034626181,-0.197250814,-0.961961934,0.062647726,-0.012796464,-0.176850675,0.000001000,0.508819385,0.542518521,-0.626532965,0.046495701,1.931219815,0.395531363,-0.636660043,0.781878551,0.041000000,-1.011003489
-0.001856970,0.000851212,0.859291408,-0.002921065,0.045156757,0.001450850,0.998974589,-0.084745165,-0.129727856,-0.608773577,0.041507304,-0.015047749,-0.063157509,-0.037356460,-0.199290831,-0.964490697,0.063496271,-0.012707867,-0.176896866,0.000001000,0.514077616,0.542339367,-0.621402748,0.043865196,1.931219907,0.389727258,-0.638512552,0.783486752,0.041000000,-1.014533570
-0.001986320,0.000921075,0.859414860,-0.002422562,0.046359087,0.001454746,0.998920843,-0.087677226,-0.131520695,-0.610465021,0.041950299,-0.014899390,-0.063200917,-0.040090540,-0.201334219,-0.967019435,0.064346138,-0.012619157,-0.176943096,0.000001000,0.519343703,0.542123032,-0.616266844,0.041289505,1.931219991,0.383935438,-0.640377821,0.785062931,0.041000000,-1.018085051
-0.002055809,0.001193798,0.859482975,-0.001633314,0.046774437,0.001547577,0.998902943,-0.088738284,-0.134550327,-0.612720719,0.042649552,-0.014793729,-0.063258893,-0.041266193,-0.204534924,-0.968397805,0.065841577,-0.012509595,-0.176974472,0.000001000,0.521580365,0.536273838,-0.614797625,0.041143317,1.930852863,0.380727271,-0.648865259,0.784215757,0.041000000,-1.028635403
-0.002124875,0.001467955,0.859550698,-0.000842008,0.047184186,0.001641036,0.998884503,-0.089786114,-0.137588703,-0.614980407,0.043350616,-0.014688369,-0.063316973,-0.042430829,-0.207743811,-0.969768043,0.067341581,-0.012399886,-0.177005744,0.000001000,0.523795610,0.530384821,-0.613354328,0.041014304,1.930483140,0.377537368,-0.657399514,0.783351452,0.041000000,-1.039235235
-0.002182380,0.001683000,0.859629665,-0.000599376,0.047465897,0.001460339,0.998871612,-0.090304547,-0.139238537,-0.617847206,0.043952243,-0.014680351,-0.063381368,-0.043252363,-0.209428715,-0.971435180,0.068598101,-0.012290798,-0.177040362,0.000001000,0.529669752,0.523898578,-0.609826904,0.041007158,1.930226357,0.374828528,-0.668960999,0.782337076,0.041000000,-1.054314007
-0.002239818,0.001897707,0.859708696,-0.000359877,0.047746869,0.001278076,0.998858585,-0.090819955,-0.140880439,-0.620717473,0.044553303,-0.014672888,-0.063445799,-0.044071938,-0.211104914,-0.973104012,0.069853231,-0.012181713,-0.177074999,0.000001000,0.535564794,0.517408923,-0.606287575,0.041000708,1.929970220,0.372122435,-0.680539777,0.781321844,0.041000000,-1.069418364
-0.002265516,0.002232289,0.859767261,0.000367886,0.047753836,0.001103403,0.998858458,-0.090507106,-0.143871892,-0.623785368,0.044896217,-0.014734068,-0.063522460,-0.044421103,-0.214084952,-0.973822848,0.071234118,-0.012081315,-0.177093628,0.000001000,0.531607831,0.506122818,-0.607516382,0.058378909,1.930390873,0.372251403,-0.687730939,0.780822112,0.041000000,-1.078658874
-0.002291066,0.002567429,0.859825730,0.001097925,0.047759498,0.000928763,0.998857829,-0.090190395,-0.146869635,-0.626854185,0.045237928,-0.014795567,-0.063599178,-0.044768076,-0.217071068,-0.974537254,0.072615592,-0.011980957,-0.177112182,0.000001000,0.527604941,0.494814355,-0.608767417,0.075838151,1.930814682,0.372393588,-0.694901648,0.780324782,0.041000000,-1.087872050
-0.002286557,0.002710265,0.859764769,0.001256526,0.046999448,0.000624530,0.998893930,-0.088122159,-0.148151893,-0.629686094,0.045765390,-0.014911726,-0.063670666,-0.043414311,-0.218221827,-0.974725230,0.073889272,-0.011882214,-0.177123622,0.000001000,0.530809133,0.479255164,-0.606708940,0.104891828,1.931007573,0.372216366,-0.696580199,0.780950162,0.041000000,-1.090455935
-0.002281827,0.002851689,0.859702930,0.001410929,0.046233742,0.000319345,0.998929601,-0.086041060,-0.149421554,-0.632516263,0.046294216,-0.015028286,-0.063742116,-0.042048058,-0.219359108,-0.974909340,0.075162161,-0.011783482,-0.177135009,0.000001000,0.534066251,0.463664758,-0.604626160,0.134030650,1.931198768,0.372036799,-0.698218417,0.781583785,0.041000000,-1.092991138
-0.002343493,0.002789348,0.859454079,0.001105954,0.045934642,-0.000403003,0.998943754,-0.085063097,-0.148999975,-0.634504157,0.046702589,-0.015089913,-0.063773018,-0.041949933,-0.218754632,-0.974756333,0.075968537,-0.011715381,-0.177134923,0.000001000,0.534635645,0.452230115,-0.590908195,0.186791514,1.931209390,0.386361714,-0.701998292,0.770314452,0.041000000,-1.100525348
-0.002405550,0.002725805,0.859204126,0.000798270,0.045638259,-0.001127811,0.998957076,-0.084091636,-0.148568426,-0.636487085,0.047110253,-0.015151216,-0.063803682,-0.041859284,-0.218139889,-0.974601340,0.076772163,-0.011647461,-0.177134769,0.000001000,0.535189195,0.440819968,-0.577121647,0.239691620,1.931218948,0.400772126,-0.705790790,0.758974955,0.041000000,-1.108089025
-0.002711044,0.002677351,0.858754163,0.000523139,0.045726133,-0.001181986,0.998953177,-0.085023742,-0.148145062,-0.636801337,0.047964072,-0.015100791,-0.063799427,-0.042937111,-0.217622671,-0.973681649,0.077624391,-0.011605088,-0.177122267,0.000001000,0.552026063,0.443833510,-0.533611221,0.319591840,1.931219469,0.426439081,-0.725618179,0.719548455,0.041000000,-1.124452403
-0.003017717,0.002628970,0.858303231,0.000248166,0.045815864,-0.001232912,0.998949110,-0.085965067,-0.147721737,-0.637107508,0.048820052,-0.015049824,-0.063795003,-0.044020597,-0.217105925,-0.972758255,0.078476853,-0.011562838,-0.177109705,0.000001000,0.568941797,0.446916911,-0.489956831,0.399622832,1.931219946,0.452160555,-0.745523230,0.679985920,0.041000000,-1.140858400
-0.002627485,0.002559228,0.858414482,0.000134101,0.046221532,-0.001109195,0.998930589,-0.086070188,-0.147754703,-0.639250973,0.048852386,-0.014791558,-0.063865376,-0.045130322,-0.215823753,-0.967973950,0.077964372,-0.011561221,-0.177122963,0.000001000,0.585869538,0.441864827,-0.300962275,0.481137215,1.931219975,0.511492130,-0.750322889,0.507104802,0.041000000,-1.163629978
-0.002232072,0.002489327,0.858529913,0.000021231,0.046629540,-0.000984180,0.998911766,-0.086169091,-0.147791061,-0.641408098,0.048878598,-0.014531751,-0.063936304,-0.046240242,-0.214535891,-0.963160939,0.077441742,-0.011559907,-0.177136414,0.000001000,0.602797369,0.436752258,-0.110887134,0.562662626,1.931220000,0.571073592,-0.755010242,0.333232478,0.041000000,-1.186448883
-0.002433851,0.002502638,0.858665435,-0.000260199,0.050295933,-0.001349772,0.998733413,-0.094695090,-0.148388033,-0.646210839,0.050241900,-0.014385260,-0.064054257,-0.054852997,-0.214191572,-0.965213570,0.077668764,-0.011459155,-0.177198252,0.000001000,0.629206840,0.486780837,0.066905952,0.540109303,1.931220000,0.614597142,-0.761355782,0.129887527,0.041000000,-1.204914064
-0.002639095,0.002516431,0.858801075,-0.000542603,0.053980544,-0.001718193,0.998540362,-0.103269995,-0.148988258,-0.651028934,0.051612963,-0.014239427,-0.064172483,-0.063509294,-0.213852729,-0.967306045,0.077900137,-0.011357826,-0.177260371,0.000001000,0.655671337,0.537129427,0.244627759,0.516951959,1.931220000,0.658027501,-0.767710944,-0.073628468,0.041000000,-1.223353979
-0.002077117,0.002725293,0.860094568,-0.000414054,0.057543155,-0.001257908,0.998342142,-0.109491021,-0.149150298,-0.652335094,0.049172351,-0.014370762,-0.064178188,-0.069683084,-0.213970875,-0.968945431,0.075998448,-0.011453339,-0.177264471,0.000001000,0.680925053,0.639358747,0.298087583,0.534104747,1.914751320,0.629761717,-0.847861544,-0.131761283,0.041000000,-1.215738321
-0.001508554,0.002935829,0.861397999,-0.000281973,0.061103980,-0.000790494,0.998131053,-0.115691844,-0.149308578,-0.653611112,0.046699023,-0.014504477,-0.064182928,-0.075835567,-0.214092944,-0.970580929,0.074078450,-0.011550541,-0.177268072,0.000001000,0.706168377,0.742033361,0.350480861,0.551603518,1.898141288,0.600880563,-0.928645533,-0.188646269,0.041000000,-1.207899026
-0.003486335,0.002151164,0.862693700,-0.000111449,0.063842329,-0.000488088,0.997959872,-0.123911940,-0.148139346,-0.655698147,0.044309023,-0.014685264,-0.064213140,-0.084057424,-0.212855906,-0.973149121,0.072177991,-0.011690023,-0.177303255,0.000001000,0.707598002,0.831550812,0.411832061,0.578040983,1.878554623,0.611426830,-1.023453883,-0.257655698,0.060801232,-1.209036175
-0.005482040,0.001359495,0.863989347,0.000059346,0.066574407,-0.000186841,0.997781444,-0.132146250,-0.146960769,-0.657790892,0.041919610,-0.014866383,-0.064243531,-0.092293847,-0.211609301,-0.975723879,0.070277669,-0.011829803,-0.177338661,0.000001000,0.708859998,0.920975647,0.473246318,0.604541370,1.858947005,0.622250635,-1.118360954,-0.326750475,0.080741849,-1.210236511
-0.006653094,0.000847312,0.864802488,0.000283334,0.067968217,0.000024322,0.997687446,-0.136785471,-0.146671607,-0.659518785,0.040971063,-0.015080704,-0.064323681,-0.096725232,-0.211115845,-0.977789069,0.069114093,-0.012027163,-0.177429286,0.000001000,0.708929850,1.005742757,0.546375150,0.625964742,1.837778740,0.649547057,-1.192881097,-0.404863240,0.128421979,-1.208713495
-0.007819388,0.000336742,0.865612845,0.000507629,0.069354165,0.000234965,0.997591944,-0.141403938,-0.146387580,-0.661244573,0.040030834,-0.015295217,-0.064404118,-0.101134650,-0.210626737,-0.979851317,0.067954770,-0.012224857,-0.177520230,0.000001000,0.708992821,1.090482979,0.619571611,0.647358803,1.816601465,0.676938576,-1.267283543,-0.483028068,0.176262253,-1.207174757
-0.009520985,0.000184945,0.866636935,0.000947365,0.068821634,0.001204288,0.997627804,-0.143010988,-0.147567430,-0.662583078,0.040019774,-0.015594968,-0.064504993,-0.101860554,-0.211492743,-0.981310936,0.067289175,-0.012499969,-0.177628963,0.000001000,0.708996490,1.163562609,0.714401501,0.673031085,1.793502826,0.692171240,-1.325139795,-0.559746740,0.233282005,-1.204957030
-0.011227225,0.000036259,0.867662880,0.001388968,0.068272362,0.002180192,0.997663371,-0.144591916,-0.148759979,-0.663918225,0.040016774,-0.015895458,-0.064606045,-0.102554505,-0.212370504,-0.982765327,0.066627862,-0.012775754,-0.177737850,0.000001000,0.708999645,1.236541089,0.809419051,0.698740478,1.770387519,0.707298430,-1.382852515,-0.636452868,0.290381385,-1.202733413
-0.011278112,-0.001001601,0.865193357,0.001664071,0.066375995,0.002878806,0.997789141,-0.141602091,-0.149627737,-0.666551891,0.043729646,-0.016654923,-0.064830048,-0.098020024,-0.212455897,-0.984643108,0.068142949,-0.013300702,-0.177930633,0.000001000,0.708999833,1.301196337,1.022211703,0.811467525,1.806595477,0.708197178,-1.425040993,-0.769372944,0.401130138,-1.202591207
-0.011316843,-0.002045992,0.862698164,0.001937944,0.064469457,0.003575371,0.997911394,-0.138578700,-0.150493110,-0.669195093,0.047469805,-0.017417758,-0.065054955,-0.093447148,-0.212535471,-0.986523999,0.069674020,-0.013827480,-0.178124031,0.000001000,0.708999998,1.365790463,1.235869241,0.924833588,1.843239077,0.708991439,-1.467115468,-0.902705829,0.512272867,-1.202464286
-0.010629228,-0.002128641,0.862121659,0.001963716,0.062942441,0.003471714,0.998009188,-0.134725066,-0.151235936,-0.669967944,0.049725949,-0.017514809,-0.065132753,-0.089247759,-0.212937761,-0.986525995,0.070900024,-0.013843262,-0.178168475,0.000001000,0.709000000,1.379501191,1.342086554,0.941201192,1.861128930,0.708997898,-1.478621439,-0.952875498,0.543850025,-1.203617481
-0.009937397,-0.002205709,0.861556288,0.001988043,0.061417481,0.003363405,0.998104518,-0.130866613,-0.151978051,-0.670729941,0.051973481,-0.017607996,-0.065209698,-0.085050536,-0.213341924,-0.986517087,0.072124258,-0.013856078,-0.178212055,0.000001000,0.709000000,1.392916617,1.447680339,0.957005867,1.878909946,0.708999785,-1.489950006,-1.002562530,0.574965426,-1.204778105
-0.008626556,-0.002046503,0.860372516,0.001879891,0.060448869,0.003096472,0.998164722,-0.127150926,-0.152523726,-0.670869980,0.053758202,-0.017609189,-0.065241858,-0.081376534,-0.213703080,-0.985516527,0.073431796,-0.013790902,-0.178222602,0.000001000,0.709000000,1.385425909,1.522646266,0.947673087,1.894458166,0.707469842,-1.483557511,-1.006918782,0.588482788,-1.202737147
-0.007310477,-0.001885298,0.859183511,0.001770617,0.059484904,0.002828194,0.998223628,-0.123436448,-0.153067739,-0.671004757,0.055539006,-0.017609604,-0.065273639,-0.077706959,-0.214063872,-0.984507576,0.074740038,-0.013725066,-0.178232869,0.000001000,0.709000000,1.377758314,1.597353050,0.938127619,1.909987494,0.705926938,-1.477015080,-1.010891490,0.601851253,-1.200669100
-0.006838503,-0.001733277,0.858997261,0.001813465,0.058913143,0.002769009,0.998257625,-0.121506513,-0.153629366,-0.671232359,0.056094701,-0.017588511,-0.065284013,-0.075951091,-0.214529322,-0.983686783,0.075309376,-0.013689790,-0.178232909,0.000001000,0.709000000,1.355199534,1.659925417,0.929420673,1.920065679,0.684795751,-1.464879274,-0.985535363,0.602192755,-1.198341076
-0.006372419,-0.001581321,0.858818009,0.001857374,0.058344099,0.002711282,0.998291122,-0.119589032,-0.154191116,-0.671460608,0.056641846,-0.017567269,-0.065294238,-0.074208578,-0.214995502,-0.982867303,0.075873558,-0.013654727,-0.178232877,0.000001000,0.709000000,1.332536839,1.722413105,0.920719578,1.930105824,0.663527869,-1.452704436,-0.959974569,0.602443350,-1.196011237
-0.005974969,-0.001383293,0.858867625,0.001678064,0.058144425,0.002409979,0.998303863,-0.118345249,-0.154141803,-0.671933960,0.056706474,-0.017557852,-0.065304712,-0.073381344,-0.214884069,-0.982429557,0.076136990,-0.013630849,-0.178232657,0.000001000,0.709000000,1.307892998,1.771532026,0.904837557,1.930661887,0.639767819,-1.434201925,-0.938773047,0.605396826,-1.192144423
-0.005577916,-0.001184997,0.858918569,0.001497458,0.057946884,0.002107261,0.998316320,-0.117105375,-0.154088943,-0.672408734,0.056768302,-0.017548505,-0.065315187,-0.072559422,-0.214769284,-0.981994026,0.076398677,-0.013607036,-0.178232436,0.000001000,0.709000000,1.283237659,1.820573361,0.888913861,1.931162909,0.615993306,-1.415662692,-0.917596825,0.608365987,-1.188268689
-0.005183428,-0.000925921,0.858996341,0.001277175,0.057999069,0.001816584,0.998314167,-0.116300707,-0.153950484,-0.673036125,0.056469089,-0.017556179,-0.065329348,-0.072198603,-0.214577849,-0.981827585,0.076385551,-0.013592606,-0.178233302,0.000001000,0.709000000,1.259865371,1.852085001,0.871207869,1.931192078,0.591550084,-1.398471534,-0.902644600,0.610695621,-1.185303287
-0.004788961,-0.000666322,0.859074345,0.001056549,0.058053397,0.001526010,0.998311754,-0.115499788,-0.153811288,-0.673664831,0.056166766,-0.017563999,-0.065343541,-0.071841755,-0.214385753,-0.981663462,0.076370058,-0.013578258,-0.178234178,0.000001000,0.709000000,1.236504135,1.883445647,0.853486524,1.931217182,0.567101103,-1.381291988,-0.887745987,0.613019746,-1.182345725
-0.004651263,-0.000430185,0.859208705,0.000876661,0.058234023,0.001288822,0.998301742,-0.115311191,-0.153723572,-0.674516760,0.055686239,-0.017579542,-0.065363519,-0.072041818,-0.214234475,-0.981850191,0.076170877,-0.013567978,-0.178237567,0.000001000,0.709000000,1.216890439,1.899992618,0.837083982,1.931218606,0.552031975,-1.365969647,-0.884187825,0.618371187,-1.179301053
-0.004515396,-0.000194215,0.859343468,0.000697062,0.058415543,0.001052015,0.998291556,-0.115126960,-0.153636224,-0.675370281,0.055204440,-0.017595141,-0.065383539,-0.072245852,-0.214083488,-0.982039422,0.075970387,-0.013557728,-0.178240974,0.000001000,0.709000000,1.197303464,1.916433961,0.820690844,1.931219861,0.537029730,-1.350660549,-0.880710526,0.623744213,-1.176255760
-0.004259057,0.000044161,0.859377675,0.000592599,0.058656269,0.000922491,0.998277637,-0.114963942,-0.153774974,-0.676225775,0.054794840,-0.017611988,-0.065406876,-0.072366032,-0.214159954,-0.982278947,0.075810594,-0.013548707,-0.178246072,0.000001000,0.709000000,1.184430189,1.920216162,0.804991703,1.931219930,0.517082319,-1.342247920,-0.875323698,0.622152968,-1.176315735
-0.004002023,0.000282551,0.859411301,0.000488569,0.058897332,0.000793585,0.998263610,-0.114801046,-0.153915029,-0.677081279,0.054385656,-0.017628841,-0.065430233,-0.072485728,-0.214237734,-0.982518763,0.075651036,-0.013539693,-0.178251179,0.000001000,0.709000000,1.171595673,1.923925280,0.789296569,1.931219993,0.497106358,-1.333875106,-0.869925846,0.620521517,-1.176393637
-0.003986651,0.000452483,0.859490675,0.000430589,0.059042071,0.000729998,0.998255136,-0.114845976,-0.154127034,-0.678038338,0.054109351,-0.017637496,-0.065457204,-0.072717020,-0.214377261,-0.982913482,0.075557205,-0.013526454,-0.178258562,0.000001000,0.709000000,1.164098356,1.922418301,0.774859126,1.931219997,0.478794991,-1.330276408,-0.866697776,0.618537575,-1.177850476
-0.003973302,0.000621843,0.859570432,0.000372993,0.059186002,0.000666957,0.998246680,-0.114892645,-0.154339641,-0.678996247,0.053834158,-0.017646083,-0.065484205,-0.072949247,-0.214517305,-0.983309497,0.075463925,-0.013513180,-0.178265964,0.000001000,0.709000000,1.156645707,1.920867665,0.760432208,1.931220000,0.460497557,-1.326717668,-0.863487866,0.616550684,-1.179318856
-0.004045486,0.000756508,0.859664797,0.000358954,0.059139413,0.000667615,0.998249445,-0.114721645,-0.154677183,-0.679988260,0.053750159,-0.017649864,-0.065515035,-0.072869219,-0.214768142,-0.983762126,0.075475221,-0.013496834,-0.178276377,0.000001000,0.709000000,1.153105248,1.921999201,0.747600523,1.931220000,0.441172663,-1.326746033,-0.860050561,0.613984218,-1.181945649
-0.004118274,0.000890928,0.859759264,0.000345222,0.059091477,0.000668723,0.998252288,-0.114549107,-0.155015608,-0.680980513,0.053667512,-0.017653611,-0.065545893,-0.072786984,-0.215019762,-0.984215154,0.075487257,-0.013480466,-0.178286811,0.000001000,0.709000000,1.149592446,1.923149699,0.734780115,1.931220000,0.421840505,-1.326799758,-0.856611649,0.611413655,-1.184580632
-0.004355653,0.000974955,0.859850065,0.000314898,0.059081418,0.000642409,0.998252911,-0.114722357,-0.155295901,-0.682125446,0.053701549,-0.017659715,-0.065579251,-0.073025876,-0.215195161,-0.984873347,0.075549213,-0.013465439,-0.178299892,0.000001000,0.709000000,1.149023817,1.927295240,0.723987543,1.931220000,0.414042374,-1.326758227,-0.860953354,0.614302132,-1.185946208
-0.004593988,0.001058690,0.859940844,0.000284477,0.059071579,0.000615937,0.998253519,-0.114897615,-0.155575857,-0.683271266,0.053736262,-0.017665833,-0.065612624,-0.073266632,-0.215370118,-0.985532730,0.075611459,-0.013450419,-0.178312988,0.000001000,0.709000000,1.148472274,1.931458162,0.713206739,1.931220000,0.406311180,-1.326716144,-0.865340213,0.617222291,-1.187304417
-0.004775254,0.001122678,0.859996586,0.000282358,0.059110219,0.000607950,0.998251237,-0.115130742,-0.155936195,-0.684463235,0.053868199,-0.017674843,-0.065648770,-0.073526632,-0.215615616,-0.986254805,0.075726470,-0.013438484,-0.178328259,0.000001000,0.709000000,1.149599247,1.938344975,0.704688683,1.931220000,0.406091611,-1.326135804,-0.873915118,0.621752954,-1.187992976
-0.004956047,0.001186503,0.860052037,0.000280473,0.059149259,0.000600117,0.998248930,-0.115364348,-0.156297198,-0.685655585,0.054000941,-0.017683876,-0.065684939,-0.073786791,-0.215861699,-0.986977399,0.075841917,-0.013426574,-0.178343547,0.000001000,0.709000000,1.150740114,1.945254336,0.696189359,1.931220000,0.405934223,-1.325551008,-0.882524691,0.626296948,-1.188675991
-0.004921623,0.001246184,0.860026110,0.000283546,0.059142592,0.000619555,0.998249312,-0.115219429,-0.156683117,-0.686759091,0.054226949,-0.017692361,-0.065720877,-0.073647559,-0.216141731,-0.987576026,0.076051126,-0.013413186,-0.178358546,0.000001000,0.709000000,1.150017886,1.948012650,0.691487469,1.931220000,0.400147764,-1.324422289,-0.885465205,0.626601036,-1.189766399
-0.004885638,0.001305835,0.859999592,0.000286654,0.059135594,0.000639192,0.998249714,-0.115071765,-0.157069218,-0.687861953,0.054453633,-0.017700843,-0.065756814,-0.073505430,-0.216422009,-0.988173753,0.076261015,-0.013399788,-0.178373542,0.000001000,0.709000000,1.149282146,1.950740860,0.686813118,1.931220000,0.394320483,-1.323289626,-0.888364605,0.626874375,-1.190859761
-0.004881065,0.001337376,0.860001013,0.000283361,0.059109706,0.000658410,0.998251235,-0.114908110,-0.157380589,-0.688974993,0.054635302,-0.017709020,-0.065792201,-0.073355280,-0.216629620,-0.988781061,0.076440869,-0.013386462,-0.178388151,0.000001000,0.709000000,1.148706262,1.952307824,0.683379096,1.931220000,0.386226658,-1.319912322,-0.888181078,0.626734701,-1.191328606
-0.004876672,0.001368758,0.860002593,0.000280031,0.059083711,0.000677626,0.998252762,-0.114744363,-0.157691536,-0.690088091,0.054816716,-0.017717196,-0.065827585,-0.073205085,-0.216836818,-0.989388424,0.076620553,-0.013373137,-0.178402759,0.000001000,0.709000000,1.148131286,1.953868190,0.679952122,1.931220000,0.378119955,-1.316522263,-0.887980032,0.626592680,-1.191793903
-0.004906798,0.001386448,0.860037260,0.000258952,0.059156168,0.000649440,0.998248496,-0.114679070,-0.158169969,-0.692432623,0.055053221,-0.017740021,-0.065900065,-0.073214198,-0.217091292,-0.990752913,0.076841295,-0.013354576,-0.178433314,0.000001000,0.709000000,1.144284078,1.946832356,0.676312080,1.931220000,0.379308375,-1.310539900,-0.897788871,0.629540262,-1.191995231
-0.004937216,0.001404022,0.860072207,0.000237723,0.059229458,0.000620854,0.998244173,-0.114614610,-0.158649819,-0.694787574,0.055290191,-0.017762970,-0.065972860,-0.073224659,-0.217346165,-0.992123807,0.077062385,-0.013335972,-0.178464004,0.000001000,0.709000000,1.140409184,1.939723790,0.672670236,1.931220000,0.380575440,-1.304535603,-0.907682403,0.632513986,-1.192194325
-0.004581217,0.001400266,0.860006757,0.000394410,0.057945010,0.000907350,0.998319286,-0.110516792,-0.159666785,-0.698547968,0.055028190,-0.017808176,-0.066094758,-0.069376442,-0.217932594,-0.993222892,0.077096908,-0.013294672,-0.178502312,0.000001000,0.709000000,1.141886604,1.890049321,0.660123056,1.931220000,0.398214649,-1.302051525,-0.929105050,0.632591964,-1.195469102
-0.004222510,0.001396360,0.859940602,0.000552342,0.056650944,0.001196053,0.998393177,-0.106390704,-0.160687515,-0.702318214,0.054762691,-0.017853538,-0.066217001,-0.065501180,-0.218521347,-0.994320072,0.077130122,-0.013253213,-0.178540672,0.000001000,0.709000000,1.143401538,1.840076516,0.647513460,1.931220000,0.415968607,-1.299592120,-0.950608502,0.632649648,-1.198765436
-0.003827218,0.001360450,0.859852096,0.000626753,0.055117513,0.001383089,0.998478720,-0.101515715,-0.161187440,-0.705645249,0.054025089,-0.017873523,-0.066319535,-0.061087845,-0.218528983,-0.994635905,0.076698295,-0.013216722,-0.178564666,0.000001000,0.709000000,1.147545828,1.780263390,0.633542322,1.931220000,0.437882894,-1.298321075,-0.970311832,0.633920898,-1.202402428
-0.003431716,0.001324356,0.859763462,0.000700683,0.053582576,0.001569539,0.998561943,-0.096636425,-0.161684374,-0.708969739,0.053284775,-0.017893363,-0.066421957,-0.056671421,-0.218533282,-0.994947251,0.076263796,-0.013180259,-0.178588578,0.000001000,0.709000000,1.151705218,1.720393753,0.619563365,1.931220000,0.459821072,-1.297056854,-0.990004823,0.635199118,-1.206041377
-0.003081172,0.001237642,0.859686691,0.000651749,0.052572005,0.001498443,0.998615799,-0.092935747,-0.161693440,-0.712163383,0.052435125,-0.017881257,-0.066509617,-0.053576972,-0.218007846,-0.995231905,0.075576601,-0.013150385,-0.178607917,0.000001000,0.709000000,1.156184398,1.668570646,0.607892565,1.931220000,0.496651488,-1.291383746,-1.019166497,0.639208100,-1.208642387
-0.002731000,0.001150511,0.859610017,0.000601802,0.051565705,0.001425222,0.998668406,-0.089244790,-0.161698482,-0.715355948,0.051584574,-0.017868889,-0.066597156,-0.050493426,-0.217478042,-0.995516340,0.074887322,-0.013120565,-0.178627219,0.000001000,0.709000000,1.160666216,1.616813902,0.596240801,1.931220000,0.533604727,-1.285674277,-1.048406264,0.643239604,-1.211234837
-0.002526426,0.001068808,0.859570468,0.000526242,0.051069996,0.001303632,0.998694087,-0.087177172,-0.161610678,-0.717778782,0.051052251,-0.017842753,-0.066658867,-0.048866802,-0.216969762,-0.995872238,0.074363881,-0.013096018,-0.178642192,0.000001000,0.709000000,1.162326871,1.593888398,0.591759103,1.931220000,0.560952066,-1.278992282,-1.071602089,0.646605761,-1.212692636
-0.002322877,0.000987144,0.859531180,0.000450501,0.050577867,0.001181701,0.998719320,-0.085120981,-0.161522221,-0.720196197,0.050522167,-0.017816521,-0.066720395,-0.047250434,-0.216461633,-0.996228638,0.073841608,-0.013071509,-0.178657135,0.000001000,0.709000000,1.163967668,1.571165843,0.587327877,1.931220000,0.588231786,-1.272303441,-1.094755370,0.649967235,-1.214142449
-0.002227057,0.000942209,0.859497272,0.000392052,0.050357571,0.001049428,0.998730624,-0.083913433,-0.161541300,-0.722458857,0.050091455,-0.017766243,-0.066775790,-0.046475639,-0.216092793,-0.996520041,0.073427823,-0.013039463,-0.178670560,0.000001000,0.709000000,1.167417032,1.545859440,0.582079485,1.931220000,0.592291028,-1.270626752,-1.102409140,0.647733750,-1.217662175
-0.002132266,0.000897625,0.859463416,0.000333768,0.050139868,0.000917056,0.998741729,-0.082713990,-0.161561407,-0.724720039,0.049661692,-0.017715734,-0.066831127,-0.045708881,-0.215725284,-0.996810822,0.073015074,-0.013007345,-0.178683970,0.000001000,0.709000000,1.170883668,1.520528360,0.576823289,1.931220000,0.596128507,-1.268997931,-1.109914884,0.645446832,-1.221201670
-0.002143535,0.000902054,0.859444953,0.000284540,0.050059541,0.000802883,0.998745872,-0.082130559,-0.161763747,-0.726847771,0.049534226,-0.017641934,-0.066882418,-0.045485545,-0.215566239,-0.997081830,0.072852329,-0.012961632,-0.178696972,0.000001000,0.709000000,1.174643497,1.499894494,0.571936609,1.931220000,0.582846338,-1.271942696,-1.105064970,0.642165454,-1.226464110
-0.002155702,0.000906899,0.859426621,0.000235390,0.049980376,0.000688864,0.998749935,-0.081552340,-0.161967629,-0.728974374,0.049409317,-0.017567937,-0.066933674,-0.045266806,-0.215408958,-0.997352670,0.072691699,-0.012915804,-0.178709970,0.000001000,0.709000000,1.178405807,1.479300372,0.567053055,1.931220000,0.569419320,-1.274926158,-1.100110514,0.638875662,-1.231741128
-0.002161410,0.000916909,0.859483850,0.000268266,0.050028937,0.000710068,0.998747480,-0.081536462,-0.162187586,-0.729779647,0.049354351,-0.017545207,-0.066953370,-0.045317111,-0.215498580,-0.997571369,0.072603139,-0.012901379,-0.178715896,0.000001000,0.709000000,1.176310221,1.492349881,0.570660556,1.931220000,0.546290438,-1.280392243,-1.085571236,0.630952923,-1.236182853
-0.002167072,0.000926954,0.859541609,0.000301717,0.050078394,0.000732219,0.998744976,-0.081524525,-0.162407656,-0.730575660,0.049299875,-0.017522837,-0.066972844,-0.045369302,-0.215589934,-0.997789701,0.072515084,-0.012887174,-0.178721773,0.000001000,0.709000000,1.174173579,1.505635191,0.574327569,1.931220000,0.523093559,-1.285875729,-1.070964780,0.622997712,-1.240618723
-0.002365045,0.000942334,0.859581252,0.000263168,0.050220001,0.000637051,0.998737942,-0.081993748,-0.162512526,-0.731529493,0.049354707,-0.017498281,-0.066994001,-0.045951562,-0.215561759,-0.998207401,0.072504760,-0.012867889,-0.178729187,0.000001000,0.709000000,1.173714937,1.517312866,0.576083742,1.931220000,0.513683861,-1.287590064,-1.066993623,0.623319981,-1.242568536
-0.002564849,0.000957765,0.859620722,0.000223935,0.050362484,0.000540765,0.998730833,-0.082467552,-0.162616299,-0.732484828,0.049410579,-0.017473705,-0.067015174,-0.046538868,-0.215532446,-0.998626999,0.072495175,-0.012848555,-0.178736616,0.000001000,0.709000000,1.173272270,1.528975236,0.577821725,1.931220000,0.504405415,-1.289268518,-1.063123712,0.623721049,-1.244494681
-0.002548242,0.000973337,0.859599973,0.000164345,0.050226694,0.000643032,0.998737623,-0.082136607,-0.162727926,-0.733258387,0.049655550,-0.017442939,-0.067035232,-0.046157072,-0.215509878,-0.998837590,0.072625002,-0.012824743,-0.178743450,0.000001000,0.709000000,1.177857679,1.535060460,0.575981871,1.931220000,0.497712740,-1.291899532,-1.061179770,0.623346939,-1.246921669
-0.002529824,0.000988910,0.859578719,0.000104586,0.050088574,0.000746962,0.998744495,-0.081798926,-0.162839618,-0.734030426,0.049902103,-0.017412121,-0.067055281,-0.045767166,-0.215487366,-0.999046432,0.072755995,-0.012800893,-0.178750280,0.000001000,0.709000000,1.182485170,1.541099005,0.574112073,1.931220000,0.491041707,-1.294538520,-1.059251947,0.622966341,-1.249352848
-0.002618003,0.000958873,0.859507984,0.000064221,0.050039334,0.000835427,0.998746896,-0.081743962,-0.163068339,-0.735463853,0.050233240,-0.017353324,-0.067087817,-0.045711575,-0.215456575,-0.999408215,0.072883438,-0.012762051,-0.178760287,0.000001000,0.709000000,1.189945738,1.538452253,0.572338725,1.931220000,0.494828878,-1.295196776,-1.064461310,0.622573772,-1.252045189
-0.002706925,0.000928517,0.859436903,0.000023993,0.049990714,0.000923783,0.998749255,-0.081690971,-0.163297877,-0.736901896,0.050564967,-0.017294331,-0.067120440,-0.045658317,-0.215425725,-0.999771065,0.073010856,-0.012723105,-0.178770316,0.000001000,0.709000000,1.197426076,1.535744891,0.570566051,1.931220000,0.498689031,-1.295841211,-1.069720478,0.622181120,-1.254739353
-0.002735190,0.000893288,0.859421407,0.000036548,0.050221699,0.000885344,0.998737701,-0.082092830,-0.163589644,-0.738375708,0.050757820,-0.017236966,-0.067152342,-0.046190913,-0.215478550,-1.000168879,0.073079723,-0.012685314,-0.178780665,0.000001000,0.709000000,1.200066423,1.534578198,0.571358278,1.931220000,0.510401717,-1.293969097,-1.080541926,0.621653576,-1.256659352
-0.002762876,0.000858012,0.859406441,0.000049608,0.050455351,0.000845693,0.998725958,-0.082499033,-0.163882006,-0.739849862,0.050949346,-0.017179616,-0.067184237,-0.046729104,-0.215532175,-1.000567027,0.073148031,-0.012647534,-0.178791017,0.000001000,0.709000000,1.202660547,1.533426218,0.572175002,1.931220000,0.522189399,-1.292072950,-1.091416496,0.621124743,-1.258571957
-0.002765049,0.000838678,0.859414424,0.000058519,0.050686300,0.000790875,0.998714309,-0.082819596,-0.164167301,-0.741360050,0.051063815,-0.017127976,-0.067216219,-0.047215669,-0.215587726,-1.000987313,0.073183859,-0.012611304,-0.178801398,0.000001000,0.709000000,1.202701921,1.538825071,0.574240347,1.931220000,0.529633190,-1.290236923,-1.100910896,0.623357219,-1.260357129
-0.002767010,0.000819477,0.859422598,0.000067395,0.050917223,0.000735930,0.998702604,-0.083139445,-0.164452538,-0.742870539,0.051177640,-0.017076384,-0.067248201,-0.047701803,-0.215643294,-1.001407784,0.073219416,-0.012575087,-0.178811778,0.000001000,0.709000000,1.202722008,1.544278550,0.576316104,1.931220000,0.537040757,-1.288401398,-1.110393788,0.625612721,-1.262141237
-0.002913082,0.000799417,0.859476809,0.000079583,0.051177538,0.000679703,0.998689337,-0.083794940,-0.164591639,-0.743769377,0.051159682,-0.017053842,-0.067265332,-0.048461494,-0.215663581,-1.001789114,0.073171190,-0.012559063,-0.178817933,0.000001000,0.709000000,1.200861628,1.552454770,0.578910322,1.931220000,0.545434961,-1.285435423,-1.119167332,0.630517201,-1.262153125
-0.003060151,0.000779351,0.859531339,0.000091795,0.051438054,0.000623467,0.998675988,-0.084452758,-0.164729729,-0.744663983,0.051140812,-0.017031500,-0.067282360,-0.049223078,-0.215683624,-1.002170173,0.073122386,-0.012543179,-0.178824058,0.000001000,0.709000000,1.198988240,1.560649823,0.581508127,1.931220000,0.553835990,-1.282461629,-1.127935970,0.635440006,-1.262152752
-0.003167777,0.000786953,0.859575211,0.000106809,0.052262276,0.000825502,0.998633047,-0.086383321,-0.164978629,-0.745812786,0.051061365,-0.017016607,-0.067301182,-0.051057880,-0.215793835,-1.002823957,0.072995483,-0.012532763,-0.178830932,0.000001000,0.709000000,1.197919245,1.575889874,0.583908443,1.931220000,0.557556221,-1.279400249,-1.133536078,0.636176107,-1.262624400
-0.003275029,0.000794818,0.859618982,0.000121850,0.053091827,0.001029995,0.998589096,-0.088326000,-0.165228583,-0.746964009,0.050981342,-0.017001784,-0.067320022,-0.052902899,-0.215904905,-1.003480338,0.072867837,-0.012522399,-0.178837812,0.000001000,0.709000000,1.196857908,1.591196992,0.586306879,1.931220000,0.561231891,-1.276338036,-1.139106023,0.636872353,-1.263100541
-0.003426251,0.000801012,0.859664749,0.000155543,0.053850137,0.001032717,0.998548483,-0.090183869,-0.165587441,-0.748166058,0.051144792,-0.016977958,-0.067342982,-0.054762774,-0.216109796,-1.004191961,0.072902094,-0.012503956,-0.178847010,0.000001000,0.709000000,1.192155505,1.609684016,0.591183205,1.931220000,0.564445342,-1.272659704,-1.144109143,0.637308220,-1.263269812
-0.003577841,0.000807193,0.859710532,0.000189391,0.054607820,0.001033749,0.998507327,-0.092041029,-0.165947210,-0.749368532,0.051310280,-0.016954058,-0.067365976,-0.056622773,-0.216315472,-1.004904046,0.072937707,-0.012485445,-0.178856227,0.000001000,0.709000000,1.187422629,1.628197654,0.596080270,1.931220000,0.567654923,-1.268976216,-1.149107520,0.637741909,-1.263436514
-0.003612648,0.000823637,0.859723199,0.000203763,0.055110048,0.000961360,0.998479803,-0.093179533,-0.166319047,-0.750497728,0.051667449,-0.016926617,-0.067389807,-0.057808424,-0.216542458,-1.005508766,0.073156499,-0.012459501,-0.178865956,0.000001000,0.709000000,1.183722653,1.643173983,0.599357469,1.931220000,0.572088876,-1.265035810,-1.154934002,0.638512190,-1.263505180
-0.003646629,0.000840155,0.859735631,0.000217997,0.055610455,0.000888452,0.998452122,-0.094312957,-0.166690970,-0.751626405,0.052025972,-0.016899152,-0.067413644,-0.058989307,-0.216769596,-1.006112728,0.073376587,-0.012433503,-0.178875688,0.000001000,0.709000000,1.180029979,1.658125304,0.602623215,1.931220000,0.576531484,-1.261093587,-1.160766339,0.639284850,-1.263573153
-0.003421752,0.000853964,0.859639498,0.000193873,0.055823813,0.000787804,0.998440306,-0.094404623,-0.167174911,-0.753295019,0.052727431,-0.016840274,-0.067451803,-0.059225517,-0.217042435,-1.006620025,0.073968977,-0.012374738,-0.178887920,0.000001000,0.709000000,1.181053611,1.647293497,0.599464042,1.931220000,0.579949505,-1.257447021,-1.167241642,0.637502670,-1.265106097
-0.003194418,0.000867748,0.859542334,0.000169384,0.056034444,0.000686892,0.998428586,-0.094486404,-0.167659915,-0.754968755,0.053432145,-0.016781098,-0.067490097,-0.059452763,-0.217315708,-1.007126406,0.074564899,-0.012315661,-0.178900176,0.000001000,0.709000000,1.182121996,1.636217029,0.596243901,1.931220000,0.583357804,-1.253803261,-1.173723046,0.635696246,-1.266652943
-0.003136567,0.000848685,0.859532879,0.000175891,0.056062901,0.000630705,0.998427024,-0.094152217,-0.168151065,-0.757361091,0.053719412,-0.016715328,-0.067545519,-0.059398973,-0.217499427,-1.007735473,0.074852825,-0.012254245,-0.178916855,0.000001000,0.709000000,1.183390178,1.612254950,0.590409571,1.931220000,0.583654628,-1.249831489,-1.178866830,0.633815522,-1.269149425
-0.003080108,0.000829353,0.859524145,0.000182653,0.056089862,0.000574885,0.998425542,-0.093814612,-0.168642265,-0.759759332,0.054003248,-0.016649503,-0.067601081,-0.059342873,-0.217682410,-1.008345385,0.075138220,-0.012192809,-0.178933571,0.000001000,0.709000000,1.184660002,1.588186990,0.584553761,1.931220000,0.583925884,-1.245857022,-1.183999624,0.631934187,-1.271653711
-0.003127182,0.000823133,0.859544403,0.000197954,0.056072420,0.000547604,0.998426534,-0.093703458,-0.168833953,-0.760662016,0.054042885,-0.016632643,-0.067622603,-0.059332396,-0.217754699,-1.008637323,0.075160837,-0.012176185,-0.178940677,0.000001000,0.709000000,1.181631516,1.589561440,0.585811305,1.931220000,0.584712903,-1.242381119,-1.186267150,0.633297937,-1.271601769
-0.003174982,0.000817006,0.859564863,0.000213315,0.056054666,0.000520523,0.998427543,-0.093593891,-0.169023542,-0.761554218,0.054080809,-0.016616126,-0.067643886,-0.059322238,-0.217826212,-1.008927034,0.075181613,-0.012159874,-0.178947715,0.000001000,0.709000000,1.178572905,1.591114211,0.587118706,1.931220000,0.585503536,-1.238908710,-1.188514595,0.634684431,-1.271531911
-0.003143034,0.000839006,0.859614046,0.000246612,0.055969500,0.000552243,0.998432296,-0.093212086,-0.169300269,-0.762460075,0.054083951,-0.016603461,-0.067666569,-0.059007975,-0.217983875,-1.009215212,0.075177871,-0.012145149,-0.178955657,0.000001000,0.709000000,1.173837363,1.600569804,0.589586088,1.931220000,0.573063389,-1.238400981,-1.182095667,0.631293535,-1.272575916
-0.003110329,0.000861273,0.859663502,0.000280080,0.055883693,0.000584520,0.998437075,-0.092827697,-0.169577824,-0.763366062,0.054086762,-0.016590834,-0.067689265,-0.058690827,-0.218142354,-1.009503375,0.075173897,-0.012130438,-0.178963606,0.000001000,0.709000000,1.169085909,1.610100389,0.592064478,1.931220000,0.560497692,-1.237921384,-1.175594502,0.627857306,-1.273630491
-0.002967710,0.000915646,0.859603294,0.000236572,0.055752341,0.000529547,0.998444460,-0.092180260,-0.169710247,-0.764140645,0.054152990,-0.016579631,-0.067708629,-0.058169891,-0.218179333,-1.009678789,0.075260203,-0.012113635,-0.178969838,0.000001000,0.709000000,1.168663412,1.605307036,0.588692073,1.931220000,0.545592953,-1.238300084,-1.167506650,0.624987603,-1.274906843
-0.002824192,0.000970283,0.859542189,0.000192434,0.055620614,0.000473860,0.998451844,-0.091530670,-0.169841483,-0.764914153,0.054219738,-0.016568439,-0.067727965,-0.057647286,-0.218215317,-1.009853280,0.075347249,-0.012096815,-0.178976056,0.000001000,0.709000000,1.168276353,1.600396421,0.585271771,1.931220000,0.530669067,-1.238685810,-1.159405809,0.622122537,-1.276185010
-0.002926570,0.000991317,0.859581231,0.000166261,0.055513958,0.000432086,0.998457804,-0.091136954,-0.170085986,-0.766616726,0.054194576,-0.016538475,-0.067768397,-0.057456605,-0.218258783,-1.010427800,0.075353359,-0.012066045,-0.178990501,0.000001000,0.709000000,1.168112901,1.583466255,0.578671734,1.931220000,0.519797013,-1.237741634,-1.156128612,0.622793501,-1.278062477
-0.003030663,0.001012116,0.859620972,0.000140214,0.055407476,0.000390409,0.998463740,-0.090745025,-0.170331281,-0.768325783,0.054168774,-0.016508380,-0.067808977,-0.057268240,-0.218302302,-1.011005112,0.075358903,-0.012035178,-0.179005005,0.000001000,0.709000000,1.167951008,1.566452213,0.572049507,1.931220000,0.508953235,-1.236788177,-1.152885077,0.623489140,-1.279944127
-0.003023515,0.001024105,0.859616347,0.000130578,0.055357515,0.000380567,0.998466516,-0.090350482,-0.170631223,-0.770028555,0.054213925,-0.016477212,-0.067849969,-0.057033682,-0.218388800,-1.011591605,0.075389436,-0.012005541,-0.179020034,0.000001000,0.709000000,1.168947259,1.550299364,0.566300973,1.931220000,0.507948583,-1.236096211,-1.155501153,0.624618658,-1.282109128
-0.003015301,0.001036009,0.859611297,0.000121100,0.055308096,0.000371029,0.998469259,-0.089955914,-0.170931689,-0.771731267,0.054259756,-0.016446035,-0.067890965,-0.056798681,-0.218475709,-1.012178185,0.075420207,-0.011975916,-0.179035068,0.000001000,0.709000000,1.169954606,1.534154766,0.560560810,1.931220000,0.507038199,-1.235406751,-1.158173369,0.625752334,-1.284276843
-0.002959944,0.001067960,0.859608509,0.000203135,0.055027256,0.000511097,0.998484701,-0.089170593,-0.171357194,-0.772501053,0.054329353,-0.016429096,-0.067913756,-0.056009866,-0.218785986,-1.012284409,0.075479352,-0.011959829,-0.179042185,0.000001000,0.709000000,1.169396666,1.530360990,0.559744991,1.931220000,0.503111201,-1.237205609,-1.157562696,0.624396198,-1.286194811
-0.002904184,0.001100083,0.859605741,0.000285954,0.054744431,0.000652444,0.998500145,-0.088381930,-0.171783769,-0.773262861,0.054399154,-0.016412279,-0.067936391,-0.055216314,-0.219098173,-1.012386526,0.075538740,-0.011943858,-0.179049234,0.000001000,0.709000000,1.168825339,1.526672845,0.558971288,1.931220000,0.499158404,-1.239025748,-1.156923945,0.623018769,-1.288110643
-0.002849946,0.001100300,0.859640204,0.000295624,0.054013826,0.000797435,0.998539826,-0.086604128,-0.171991622,-0.773932760,0.054545174,-0.016393007,-0.067958741,-0.053422367,-0.219182118,-1.012361956,0.075639103,-0.011924303,-0.179056038,0.000001000,0.709000000,1.167327005,1.529930012,0.560430616,1.931220000,0.489095684,-1.241086154,-1.152176058,0.621280743,-1.290101673
-0.002795725,0.001100172,0.859675069,0.000304504,0.053278358,0.000942466,0.998579208,-0.084815648,-0.172197113,-0.774601667,0.054692017,-0.016373708,-0.067981089,-0.051617621,-0.219263600,-1.012336018,0.075739909,-0.011904709,-0.179062840,0.000001000,0.709000000,1.165818665,1.533262155,0.561914049,1.931220000,0.478967005,-1.243149154,-1.147383812,0.619538823,-1.292093514
-0.002793972,0.001102920,0.859737361,0.000316791,0.052544652,0.000969893,0.998618054,-0.082986899,-0.172337250,-0.775330843,0.054643888,-0.016368239,-0.068002452,-0.049872934,-0.219280980,-1.012411554,0.075674222,-0.011894713,-0.179069654,0.000001000,0.709000000,1.160209872,1.545687372,0.566720550,1.931220000,0.460053098,-1.243988131,-1.136037245,0.617283465,-1.293619650
-0.002792726,0.001105695,0.859799917,0.000329110,0.051810936,0.000996181,0.998656360,-0.081157761,-0.172476756,-0.776060602,0.054593872,-0.016362903,-0.068023804,-0.048128829,-0.219297739,-1.012488071,0.075606924,-0.011884810,-0.179076469,0.000001000,0.709000000,1.154561418,1.558200543,0.571559194,1.931220000,0.441054213,-1.244815269,-1.124627280,0.615023140,-1.295141282
-0.002745593,0.001112243,0.859799503,0.000247377,0.051258539,0.001012212,0.998684873,-0.079630146,-0.172373023,-0.776850750,0.054452428,-0.016366351,-0.068042493,-0.046689453,-0.219074457,-1.012684216,0.075460753,-0.011880859,-0.179082873,0.000001000,0.709000000,1.151289132,1.563406211,0.572403811,1.931220000,0.426873543,-1.244009449,-1.116103050,0.615186369,-1.296006891
-0.002698083,0.001118822,0.859798571,0.000164871,0.050707616,0.001028157,0.998712999,-0.078105008,-0.172267292,-0.777641394,0.054310232,-0.016369870,-0.068061160,-0.045252582,-0.218849203,-1.012881343,0.075313933,-0.011876957,-0.179089274,0.000001000,0.709000000,1.148036371,1.568551832,0.573215609,1.931220000,0.412732464,-1.243190212,-1.107602532,0.615369513,-1.296867110
-0.002529866,0.001159559,0.859726139,0.000088152,0.050217153,0.000924064,0.998737891,-0.076509240,-0.172171353,-0.778268764,0.054130346,-0.016372639,-0.068076382,-0.043835578,-0.218663994,-1.012971479,0.075168905,-0.011874067,-0.179093974,0.000001000,0.709000000,1.147481410,1.558394694,0.568774127,1.931220000,0.399193634,-1.243578522,-1.098848568,0.615047748,-1.298190792
-0.002360345,0.001200665,0.859652936,0.000011495,0.049727330,0.000818674,0.998762495,-0.074912710,-0.172075519,-0.778894372,0.053950052,-0.016375399,-0.068091567,-0.042418790,-0.218479218,-1.013060459,0.075023897,-0.011871187,-0.179098656,0.000001000,0.709000000,1.146955574,1.548072358,0.564275935,1.931220000,0.385661305,-1.243979868,-1.090091869,0.614720532,-1.299519478
-0.002494519,0.001242837,0.859703099,-0.000002264,0.049487371,0.000734552,0.998774479,-0.073895917,-0.172282587,-0.781403002,0.053302192,-0.016360697,-0.068141055,-0.041751669,-0.218414767,-1.014116312,0.074495886,-0.011856652,-0.179118736,0.000001000,0.709000000,1.145238872,1.534519378,0.556173576,1.931220000,0.384963731,-1.244587827,-1.091323124,0.620121960,-1.302844572
-0.002631593,0.001285019,0.859754440,-0.000015421,0.049249796,0.000650633,0.998786280,-0.072884662,-0.172492549,-0.783929615,0.052649866,-0.016345828,-0.068190871,-0.041091707,-0.218351466,-1.015181399,0.073964217,-0.011842005,-0.179138963,0.000001000,0.709000000,1.143510798,1.520935545,0.548036796,1.931220000,0.384388733,-1.245197759,-1.092649767,0.625578099,-1.306188732
-0.002574247,0.001278213,0.859721326,-0.000022071,0.049226329,0.000589679,0.998787475,-0.072437458,-0.172722128,-0.785582780,0.052622257,-0.016317399,-0.068222504,-0.040826815,-0.218399724,-1.015872694,0.073943784,-0.011816947,-0.179152290,0.000001000,0.709000000,1.141388238,1.520373075,0.545686876,1.931220000,0.414642987,-1.243105892,-1.113386418,0.629408394,-1.308064811
-0.002515262,0.001270995,0.859687500,-0.000028666,0.049204667,0.000528919,0.998788576,-0.071995009,-0.172951872,-0.787228581,0.052599915,-0.016288855,-0.068253985,-0.040565253,-0.218448923,-1.016560838,0.073927661,-0.011791802,-0.179165558,0.000001000,0.709000000,1.139262353,1.519920382,0.543385742,1.931220000,0.445157147,-1.240991247,-1.134286705,0.633224982,-1.309928514
-0.002413957,0.001226353,0.859678349,-0.000028555,0.049237040,0.000627089,0.998786924,-0.071636700,-0.173139214,-0.788917806,0.052507768,-0.016260958,-0.068285594,-0.040276144,-0.218428532,-1.017258256,0.073804420,-0.011771200,-0.179178349,0.000001000,0.709000000,1.137464044,1.525723516,0.544453189,1.931220000,0.475442347,-1.236346589,-1.155456413,0.634911316,-1.311493379
-0.002312189,0.001181303,0.859669467,-0.000028371,0.049270003,0.000726995,0.998785231,-0.071279310,-0.173326092,-0.790607505,0.052414858,-0.016233067,-0.068317205,-0.039986733,-0.218407382,-1.017955776,0.073680009,-0.011750648,-0.179191135,0.000001000,0.709000000,1.135669312,1.531594951,0.545557413,1.931220000,0.505725048,-1.231674308,-1.176629062,0.636574393,-1.313054982
-0.002197762,0.001139401,0.859647342,-0.000024166,0.049381380,0.000715917,0.998779739,-0.071033623,-0.173476836,-0.792238008,0.052255626,-0.016205637,-0.068347061,-0.039903119,-0.218363869,-1.018592721,0.073520712,-0.011730726,-0.179202749,0.000001000,0.709000000,1.135591856,1.530479722,0.546133256,1.931220000,0.530366049,-1.227234995,-1.195350875,0.640300332,-1.314542315
-0.002083214,0.001097529,0.859625091,-0.000019924,0.049493501,0.000703787,0.998774198,-0.070788996,-0.173627237,-0.793867950,0.052095764,-0.016178212,-0.068376900,-0.039821458,-0.218320144,-1.019229093,0.073361084,-0.011710810,-0.179214353,0.000001000,0.709000000,1.135530695,1.529298196,0.546704084,1.931220000,0.554953516,-1.222797893,-1.214049431,0.644045846,-1.316028943
-0.001994317,0.001089681,0.859600834,-0.000018721,0.049502106,0.000648945,0.998773808,-0.070361615,-0.173798386,-0.795338732,0.051952933,-0.016144569,-0.068402893,-0.039608008,-0.218318845,-1.019671198,0.073260164,-0.011685518,-0.179224282,0.000001000,0.709000000,1.136126060,1.522048652,0.545557158,1.931220000,0.558892661,-1.221044601,-1.217714143,0.644820045,-1.317763166
-0.001905637,0.001082122,0.859576560,-0.000017544,0.049509832,0.000593740,0.998773460,-0.069932682,-0.173969712,-0.796808163,0.051810247,-0.016110873,-0.068428855,-0.039393438,-0.218317907,-1.020111653,0.073159743,-0.011660181,-0.179234197,0.000001000,0.709000000,1.136727001,1.514747582,0.544395646,1.931220000,0.562656471,-1.219314099,-1.221251194,0.645569012,-1.319499491
-0.001813664,0.001096264,0.859516985,-0.000035782,0.049469940,0.000526332,0.998775474,-0.069452345,-0.174123521,-0.798035236,0.051760407,-0.016065690,-0.068449605,-0.039145974,-0.218319080,-1.020295388,0.073171890,-0.011628089,-0.179241655,0.000001000,0.709000000,1.136707243,1.505395345,0.539199559,1.931220000,0.563636116,-1.216522881,-1.220671621,0.643881524,-1.320889706
-0.001721656,0.001110641,0.859457028,-0.000054230,0.049429533,0.000458791,0.998777507,-0.068971450,-0.174277140,-0.799259686,0.051711572,-0.016020383,-0.068470298,-0.038898154,-0.218320276,-1.020476344,0.073185255,-0.011595924,-0.179249086,0.000001000,0.709000000,1.136680767,1.496020902,0.533959793,1.931220000,0.564585620,-1.213720180,-1.220047482,0.642167659,-1.322276174
-0.001633733,0.001107060,0.859409371,-0.000065273,0.049376592,0.000399893,0.998780150,-0.068498929,-0.174388115,-0.800299171,0.051656121,-0.015968260,-0.068488688,-0.038664099,-0.218284569,-1.020462649,0.073195618,-0.011563439,-0.179255190,0.000001000,0.709000000,1.136640406,1.484503346,0.528765970,1.931220000,0.565150721,-1.209130123,-1.218033548,0.637483975,-1.323205111
-0.001545850,0.001103308,0.859361831,-0.000076245,0.049323532,0.000341076,0.998782793,-0.068026487,-0.174498684,-0.801336896,0.051600607,-0.015916071,-0.068507056,-0.038430174,-0.218248512,-1.020447102,0.073205953,-0.011530950,-0.179261281,0.000001000,0.709000000,1.136599913,1.472965388,0.523572585,1.931220000,0.565712162,-1.204523051,-1.216006384,0.632772019,-1.324129692
-0.001665538,0.001065869,0.859371982,-0.000115284,0.049925891,0.000592061,0.998752743,-0.069514377,-0.174485955,-0.802206872,0.051510881,-0.015891185,-0.068517952,-0.039794997,-0.218107691,-1.020836632,0.073048192,-0.011521569,-0.179265884,0.000001000,0.709000000,1.135842099,1.473435977,0.523508974,1.931220000,0.572516972,-1.199331287,-1.220081769,0.633222143,-1.323813608
-0.001786957,0.001028148,0.859382615,-0.000154556,0.050533694,0.000845630,0.998721987,-0.071018615,-0.174472198,-0.803075449,0.051420869,-0.015866526,-0.068528786,-0.041173152,-0.217965996,-1.021229541,0.072889030,-0.011512381,-0.179270474,0.000001000,0.709000000,1.135078304,1.474006705,0.523488140,1.931220000,0.579373845,-1.194134647,-1.224208043,0.633715315,-1.323487178
-0.001664934,0.001037020,0.859320368,-0.000237938,0.051199525,0.000990512,0.998687925,-0.072340878,-0.174458025,-0.803777995,0.051520548,-0.015834796,-0.068537524,-0.042402893,-0.217817815,-1.021519892,0.072844601,-0.011499258,-0.179273692,0.000001000,0.709000000,1.136042829,1.467637781,0.519553026,1.931220000,0.576402104,-1.193480574,-1.223544669,0.635450670,-1.324359148
-0.001540289,0.001046392,0.859257337,-0.000321794,0.051865958,0.001134223,0.998653359,-0.073661182,-0.174443848,-0.804478754,0.051622269,-0.015802990,-0.068546239,-0.043631036,-0.217669564,-1.021809138,0.072801408,-0.011486093,-0.179276895,0.000001000,0.709000000,1.137025959,1.461194153,0.515575777,1.931220000,0.573324562,-1.192875399,-1.222829735,0.637199398,-1.325244019
-0.001519374,0.001082861,0.859234596,-0.000308058,0.052110268,0.001070395,0.998640716,-0.074167474,-0.174693552,-0.804976622,0.051850378,-0.015760254,-0.068556629,-0.044202408,-0.217805969,-1.021879338,0.072899937,-0.011464656,-0.179280538,0.000001000,0.709000000,1.136837883,1.459660358,0.513228177,1.931220000,0.564816345,-1.192942981,-1.217270989,0.637103773,-1.326025960
-0.001499440,0.001119585,0.859212235,-0.000293400,0.052350582,0.001004604,0.998628220,-0.074666068,-0.174945753,-0.805472572,0.052079682,-0.015717415,-0.068567035,-0.044767567,-0.217945066,-1.021947466,0.072999806,-0.011443141,-0.179284185,0.000001000,0.709000000,1.136638730,1.458173002,0.510895993,1.931220000,0.556256761,-1.193016927,-1.211666427,0.636990704,-1.326806928
-0.001422388,0.001169193,0.859172028,-0.000282761,0.052311900,0.000879505,0.998630368,-0.074446869,-0.175178848,-0.805778975,0.052331594,-0.015675219,-0.068575294,-0.044688375,-0.218109922,-1.021802558,0.073214148,-0.011416836,-0.179286467,0.000001000,0.709000000,1.136496830,1.456286255,0.508418439,1.931220000,0.543006273,-1.193498017,-1.202356975,0.635794043,-1.327635292
-0.001344861,0.001218908,0.859131673,-0.000272156,0.052270898,0.000753913,0.998632621,-0.074221707,-0.175411784,-0.806083805,0.052583693,-0.015633028,-0.068583535,-0.044603829,-0.218274992,-1.021655881,0.073429441,-0.011390492,-0.179288737,0.000001000,0.709000000,1.136355406,1.454396189,0.505939679,1.931220000,0.529716811,-1.193982491,-1.193016741,0.634588379,-1.328464051
-0.001572184,0.001213986,0.859238148,-0.000215122,0.052231640,0.000673633,0.998634746,-0.074394247,-0.175676466,-0.806677601,0.052715575,-0.015589150,-0.068597277,-0.044901151,-0.218456562,-1.021776558,0.073537646,-0.011364037,-0.179295010,0.000001000,0.709000000,1.134448394,1.462236775,0.508273407,1.931220000,0.524785037,-1.191875477,-1.189078686,0.632875637,-1.328663488
-0.001802799,0.001208475,0.859346208,-0.000157587,0.052192401,0.000593843,0.998636859,-0.074571081,-0.175941490,-0.807274517,0.052846160,-0.015545253,-0.068611078,-0.045202595,-0.218638311,-1.021900122,0.073644695,-0.011337580,-0.179301326,0.000001000,0.709000000,1.132522322,1.470182405,0.510659087,1.931220000,0.519943487,-1.189740488,-1.185198949,0.631157420,-1.328856130
-0.001810357,0.001203148,0.859395933,-0.000203440,0.052137198,0.000894190,0.998639510,-0.074512527,-0.176031179,-0.807922058,0.053019349,-0.015507549,-0.068624446,-0.044961042,-0.218608695,-1.022070408,0.073710337,-0.011315861,-0.179307254,0.000001000,0.709000000,1.133462474,1.474501219,0.511191722,1.931220000,0.510605338,-1.190855133,-1.180817809,0.629696710,-1.330474328
-0.001815779,0.001197823,0.859445100,-0.000250283,0.052081837,0.001198179,0.998642070,-0.074451718,-0.176119188,-0.808570084,0.053192947,-0.015469903,-0.068637809,-0.044714286,-0.218577053,-1.022241143,0.073775582,-0.011294187,-0.179313178,0.000001000,0.709000000,1.134430088,1.478785285,0.511706602,1.931220000,0.501224106,-1.192000912,-1.176431865,0.628238468,-1.332106183
-0.001784924,0.001228992,0.859415018,-0.000259086,0.052006672,0.001122550,0.998646073,-0.074159981,-0.176272800,-0.809094272,0.053327917,-0.015439726,-0.068648713,-0.044512808,-0.218634362,-1.022340559,0.073833289,-0.011276494,-0.179317285,0.000001000,0.709000000,1.139515388,1.470097847,0.507868825,1.931220000,0.493772544,-1.192855024,-1.172642143,0.627610050,-1.333283515
-0.001753767,0.001260465,0.859384276,-0.000267571,0.051931342,0.001043756,0.998650076,-0.073866319,-0.176426959,-0.809617428,0.053462565,-0.015409610,-0.068659596,-0.044311707,-0.218692413,-1.022439380,0.073890933,-0.011258835,-0.179321377,0.000001000,0.709000000,1.144635025,1.461302240,0.503994752,1.931220000,0.486337073,-1.193706703,-1.168857393,0.626988552,-1.334457057
-0.001698142,0.001281285,0.859362878,-0.000266532,0.051771734,0.000937173,0.998658469,-0.073330038,-0.176547966,-0.810046360,0.053545588,-0.015381955,-0.068668999,-0.043911252,-0.218749072,-1.022452755,0.073965619,-0.011240423,-0.179325025,0.000001000,0.709000000,1.149119232,1.446602263,0.500457309,1.931220000,0.471866548,-1.196248178,-1.160935517,0.625851169,-1.336162559
-0.001642246,0.001301986,0.859341583,-0.000265388,0.051611191,0.000830282,0.998666874,-0.072791070,-0.176668607,-0.810474250,0.053628039,-0.015354327,-0.068678386,-0.043508590,-0.218805715,-1.022465185,0.074040495,-0.011222002,-0.179328669,0.000001000,0.709000000,1.153596403,1.431836917,0.496923594,1.931220000,0.457318136,-1.198808362,-1.152967838,0.624708075,-1.337873950
-0.001833846,0.001278653,0.859378894,-0.000193862,0.051606165,0.000892945,0.998667096,-0.072930425,-0.177035169,-0.811630121,0.053721868,-0.015297484,-0.068699403,-0.043747835,-0.219014581,-1.022679393,0.074123154,-0.011186144,-0.179337235,0.000001000,0.709000000,1.157853112,1.411528037,0.495426240,1.931220000,0.456335235,-1.198631160,-1.153973217,0.627432795,-1.339378659
-0.002027945,0.001254875,0.859416797,-0.000121626,0.051602709,0.000957321,0.998667226,-0.073076632,-0.177404216,-0.812793345,0.053815811,-0.015240346,-0.068720538,-0.043993565,-0.219224985,-1.022895639,0.074205892,-0.011150109,-0.179345851,0.000001000,0.709000000,1.162107594,1.391163162,0.493949455,1.931220000,0.455489359,-1.198426307,-1.155069232,0.630196583,-1.340881281
-0.002026918,0.001248040,0.859427042,-0.000098932,0.051496327,0.000869335,0.998672801,-0.072624302,-0.177643958,-0.813928060,0.053879602,-0.015191074,-0.068740233,-0.043764239,-0.219313498,-1.023064128,0.074283165,-0.011115814,-0.179353967,0.000001000,0.709000000,1.164707549,1.378951831,0.492872405,1.931220000,0.452472486,-1.197674852,-1.154657509,0.633079814,-1.342105860
-0.002024288,0.001241345,0.859437060,-0.000076646,0.051389099,0.000780096,0.998678400,-0.072167054,-0.177882638,-0.815062541,0.053943145,-0.015141866,-0.068759916,-0.043531010,-0.219401010,-1.023232224,0.074360392,-0.011081533,-0.179362079,0.000001000,0.709000000,1.167293909,1.366807498,0.491798639,1.931220000,0.449437774,-1.196918906,-1.154233397,0.635964026,-1.343328155
-0.002047340,0.001231925,0.859454863,-0.000073387,0.051363647,0.000688445,0.998679777,-0.072002222,-0.177967360,-0.815706237,0.053944979,-0.015119622,-0.068770624,-0.043509230,-0.219404881,-1.023401036,0.074363410,-0.011065946,-0.179366921,0.000001000,0.709000000,1.167463087,1.365099365,0.492549903,1.931220000,0.447103157,-1.194621309,-1.153113307,0.637389977,-1.343215150
-0.002070670,0.001222476,0.859472750,-0.000070334,0.051339076,0.000596769,0.998681099,-0.071840546,-0.178050419,-0.816344635,0.053946148,-0.015097670,-0.068781234,-0.043489732,-0.219407849,-1.023569855,0.074365627,-0.011050561,-0.179371727,0.000001000,0.709000000,1.167606172,1.363503893,0.493320869,1.931220000,0.444776099,-1.192307070,-1.151985705,0.638800185,-1.343087729
-0.002070865,0.001177375,0.859500177,-0.000077428,0.051370150,0.000506913,0.998679551,-0.071630860,-0.178134309,-0.817667893,0.053875140,-0.015060025,-0.068801908,-0.043496660,-0.219333810,-1.023988464,0.074305509,-0.011024580,-0.179381445,0.000001000,0.709000000,1.168644667,1.355722049,0.493612001,1.931220000,0.448064797,-1.187734706,-1.155355009,0.639923629,-1.343290294
-0.002070842,0.001131938,0.859527694,-0.000084617,0.051401749,0.000417074,0.998677966,-0.071420721,-0.178218207,-0.818997609,0.053803452,-0.015022232,-0.068822677,-0.043503836,-0.219259045,-1.024409429,0.074244804,-0.010998500,-0.179391209,0.000001000,0.709000000,1.169691604,1.347881879,0.493898609,1.931220000,0.451406442,-1.183141052,-1.158766709,0.641044368,-1.343495969
-0.002055070,0.001069138,0.859546623,-0.000084185,0.051444410,0.000360156,0.998675791,-0.071197011,-0.178294014,-0.820404777,0.053692293,-0.014989680,-0.068844428,-0.043465420,-0.219159903,-1.024918987,0.074113484,-0.010977789,-0.179401542,0.000001000,0.709000000,1.170339017,1.342776556,0.495327581,1.931220000,0.461064845,-1.177871691,-1.166353649,0.641237369,-1.343804613
-0.002039110,0.001006130,0.859565449,-0.000083662,0.051487203,0.000303633,0.998673605,-0.070973138,-0.178369723,-0.821812875,0.053580660,-0.014957192,-0.068866191,-0.043426456,-0.219060468,-1.025429610,0.073981315,-0.010957142,-0.179411880,0.000001000,0.709000000,1.170981630,1.337704084,0.496770275,1.931220000,0.470799130,-1.172594213,-1.173990745,0.641419224,-1.344114493
-0.002010253,0.000923038,0.859548173,0.000017521,0.051783054,0.000210242,0.998658335,-0.071282059,-0.178659992,-0.823305347,0.053454005,-0.014927534,-0.068889214,-0.043994469,-0.219188441,-1.025880645,0.073910572,-0.010934480,-0.179420623,0.000001000,0.709000000,1.172695707,1.329148101,0.498357252,1.931220000,0.494311568,-1.166113440,-1.188128013,0.636708321,-1.345001350
-0.001981258,0.000839731,0.859530509,0.000119785,0.052081615,0.000116456,0.998642818,-0.071596700,-0.178952564,-0.824798724,0.053327189,-0.014897906,-0.068912249,-0.044568996,-0.219318855,-1.026331040,0.073840489,-0.010911797,-0.179429348,0.000001000,0.709000000,1.174421284,1.320554726,0.499945778,1.931220000,0.517971900,-1.159619750,-1.202335053,0.631944898,-1.345894400
-0.001933879,0.000760392,0.859507044,0.000131597,0.052498891,0.000088372,0.998620970,-0.072194696,-0.179050643,-0.826285878,0.053234568,-0.014864911,-0.068934381,-0.045370796,-0.219231936,-1.026734589,0.073756667,-0.010888242,-0.179437455,0.000001000,0.709000000,1.176705511,1.306340907,0.499797577,1.931220000,0.529218853,-1.155715988,-1.209032076,0.629366284,-1.346999813
-0.001886325,0.000681091,0.859483524,0.000142550,0.052917284,0.000060912,0.998598887,-0.072795381,-0.179146876,-0.827772973,0.053142272,-0.014831883,-0.068956504,-0.046174752,-0.219142955,-1.027137692,0.073672714,-0.010864678,-0.179445556,0.000001000,0.709000000,1.178995038,1.292073754,0.499632896,1.931220000,0.540348012,-1.151836802,-1.215657836,0.626808402,-1.348107240
-0.002014976,0.000604186,0.859531986,0.000161044,0.053674681,0.000073722,0.998558460,-0.074439867,-0.179399490,-0.829724135,0.053204911,-0.014796786,-0.068985552,-0.047932169,-0.219137381,-1.028005048,0.073583131,-0.010840866,-0.179458374,0.000001000,0.709000000,1.179168246,1.299397405,0.505196905,1.931220000,0.548724836,-1.150350815,-1.222060984,0.626112541,-1.349869504
-0.002145750,0.000527310,0.859581316,0.000179628,0.054436130,0.000087017,0.998517235,-0.076096923,-0.179653988,-0.831680885,0.053269417,-0.014761663,-0.069014685,-0.049701069,-0.219132811,-1.028877996,0.073493480,-0.010817051,-0.179471250,0.000001000,0.709000000,1.179315966,1.306981080,0.510829908,1.931220000,0.557068513,-1.148893649,-1.228461451,0.625439106,-1.351639653
-0.002275752,0.000493857,0.859654812,0.000192430,0.054982355,0.000133030,0.998487299,-0.077366298,-0.179810601,-0.832844944,0.053246207,-0.014749459,-0.069030148,-0.050993495,-0.219150078,-1.029512336,0.073385370,-0.010808533,-0.179478469,0.000001000,0.709000000,1.180267986,1.314530582,0.514729046,1.931220000,0.554830002,-1.150492339,-1.228035766,0.623396326,-1.353218076
-0.002405746,0.000460877,0.859728572,0.000205169,0.055526221,0.000179399,0.998457192,-0.078631451,-0.179966147,-0.834000373,0.053222041,-0.014737505,-0.069045463,-0.052280733,-0.219167583,-1.030144077,0.073277060,-0.010800181,-0.179485626,0.000001000,0.709000000,1.181228763,1.322079712,0.518609308,1.931220000,0.552476280,-1.152124299,-1.227535763,0.621338638,-1.354794412
-0.002472700,0.000428629,0.859778545,0.000204079,0.055766039,0.000222373,0.998443818,-0.079174208,-0.180144982,-0.835085876,0.053378707,-0.014723890,-0.069062784,-0.052819370,-0.219197445,-1.030705850,0.073292840,-0.010788797,-0.179494648,0.000001000,0.709000000,1.184519315,1.328699354,0.523117565,1.931127689,0.545870961,-1.154552978,-1.224013604,0.617480445,-1.356538425
-0.002539056,0.000396388,0.859828294,0.000202857,0.056002968,0.000265316,0.998430546,-0.079710110,-0.180324038,-0.836170715,0.053537088,-0.014710260,-0.069080124,-0.053350902,-0.219227424,-1.031266959,0.073309797,-0.010777384,-0.179503687,0.000001000,0.709000000,1.187831976,1.335310176,0.527631781,1.931034501,0.539225297,-1.156989216,-1.220462767,0.613605167,-1.358284029
-0.002641052,0.000331969,0.859872513,0.000203634,0.056072291,0.000290342,0.998426649,-0.079905989,-0.180460156,-0.837261606,0.053710309,-0.014702166,-0.069096991,-0.053550980,-0.219209671,-1.031834421,0.073329940,-0.010768961,-0.179513162,0.000001000,0.709000000,1.192173596,1.340626134,0.533694126,1.930887044,0.538445256,-1.157916031,-1.220873933,0.611437739,-1.359565409
-0.002743489,0.000267153,0.859916664,0.000204436,0.056139543,0.000315146,0.998422862,-0.080097667,-0.180595743,-0.838352571,0.053883713,-0.014694141,-0.069113851,-0.053746964,-0.219191329,-1.032401960,0.073350123,-0.010760575,-0.179522641,0.000001000,0.709000000,1.196527924,1.345926100,0.539775591,1.930738917,0.537737660,-1.158824203,-1.221334032,0.609291404,-1.360841055
-0.002720786,0.000201758,0.859910227,0.000192610,0.056115051,0.000325365,0.998424238,-0.079879035,-0.180665749,-0.839339204,0.054011992,-0.014693444,-0.069128066,-0.053557322,-0.219121001,-1.032874372,0.073355418,-0.010755948,-0.179531307,0.000001000,0.709000000,1.202393596,1.344433858,0.544773867,1.930598770,0.538197249,-1.159318909,-1.222839202,0.608730230,-1.361862815
-0.002696743,0.000136358,0.859903249,0.000180649,0.056089577,0.000335427,0.998425668,-0.079656012,-0.180735053,-0.840324720,0.054139788,-0.014692825,-0.069142252,-0.053363553,-0.219050117,-1.033345766,0.073360553,-0.010751361,-0.179539964,0.000001000,0.709000000,1.208275444,1.342868915,0.549760548,1.930458709,0.538669332,-1.159809190,-1.224355557,0.608186022,-1.362881857
-0.002766028,0.000065728,0.859904324,0.000190205,0.056135280,0.000361323,0.998423088,-0.079703077,-0.180821953,-0.841359919,0.054171293,-0.014696124,-0.069156141,-0.053445215,-0.219000094,-1.033861885,0.073295481,-0.010750208,-0.179548600,0.000001000,0.709000000,1.209777570,1.344518079,0.555697296,1.930555512,0.540517563,-1.158203661,-1.226288955,0.607856968,-1.363287545
-0.002836201,-0.000004951,0.859905476,0.000199967,0.056181660,0.000387370,0.998420468,-0.079752714,-0.180909020,-0.842395591,0.054201883,-0.014699460,-0.069170027,-0.053529500,-0.218950270,-1.034378429,0.073229740,-0.010749087,-0.179557236,0.000001000,0.709000000,1.211238002,1.346197840,0.561643088,1.930654570,0.542378895,-1.156578179,-1.228226322,0.607529962,-1.363687395
-0.002862352,-0.000058269,0.859916548,0.000199110,0.056251454,0.000415693,0.998416527,-0.079781665,-0.180997153,-0.843447929,0.054218566,-0.014702890,-0.069184825,-0.053595487,-0.218901525,-1.034912248,0.073154824,-0.010748111,-0.179566454,0.000001000,0.709000000,1.210918136,1.351456744,0.566349188,1.930920745,0.542243814,-1.154288026,-1.228746506,0.606197376,-1.363929127
-0.002887973,-0.000111377,0.859927739,0.000198125,0.056321529,0.000444044,0.998412565,-0.079810366,-0.181085300,-0.844500468,0.054235081,-0.014706320,-0.069199635,-0.053661254,-0.218852792,-1.035446275,0.073079796,-0.010747137,-0.179575679,0.000001000,0.709000000,1.210576829,1.356758753,0.571040357,1.931188931,0.542084691,-1.151989867,-1.229249622,0.604852679,-1.364168955
-0.002897153,-0.000143415,0.859942164,0.000203786,0.056385639,0.000461398,0.998408937,-0.079793325,-0.181217447,-0.845563538,0.054240516,-0.014710801,-0.069216685,-0.053690577,-0.218852390,-1.035988149,0.073002859,-0.010746791,-0.179585312,0.000001000,0.709000000,1.209034741,1.363821825,0.574618359,1.931205054,0.539285366,-1.150226814,-1.228009697,0.602179331,-1.364575168
-0.002906157,-0.000175225,0.859956624,0.000209520,0.056449685,0.000478633,0.998405309,-0.079775792,-0.181350068,-0.846626721,0.054245831,-0.014715293,-0.069233760,-0.053719508,-0.218852509,-1.036530107,0.072925901,-0.010746451,-0.179594950,0.000001000,0.709000000,1.207479728,1.370903854,0.578184378,1.931218464,0.536457620,-1.148469522,-1.226751008,0.599491681,-1.364983171
-0.002886943,-0.000179142,0.859954625,0.000225468,0.056426730,0.000478786,0.998406603,-0.079526190,-0.181549902,-0.847637008,0.054276025,-0.014719582,-0.069251016,-0.053534838,-0.218931712,-1.037003061,0.072895879,-0.010744293,-0.179604309,0.000001000,0.709000000,1.205602980,1.376572836,0.579964550,1.931219252,0.530812399,-1.147480037,-1.223181903,0.594613492,-1.365661399
-0.002867462,-0.000182794,0.859952470,0.000241513,0.056402952,0.000478777,0.998407942,-0.079274393,-0.181750372,-0.848646796,0.054306454,-0.014723868,-0.069268274,-0.053348147,-0.219011663,-1.037475362,0.072866300,-0.010742118,-0.179613665,0.000001000,0.709000000,1.203723190,1.382228452,0.581727830,1.931219922,0.525140528,-1.146497816,-1.219590943,0.589714584,-1.366342183
-0.002838117,-0.000172444,0.859934236,0.000236321,0.056364190,0.000456750,0.998410143,-0.078971887,-0.181919567,-0.849622503,0.054349616,-0.014726852,-0.069283904,-0.053133544,-0.219072985,-1.037912915,0.072876596,-0.010737378,-0.179622227,0.000001000,0.709000000,1.202049461,1.382516278,0.581098796,1.931219963,0.520959685,-1.146210516,-1.217191089,0.585857539,-1.367210941
-0.002808653,-0.000161925,0.859915809,0.000230873,0.056325247,0.000434458,0.998412352,-0.078668771,-0.182088385,-0.850597801,0.054392932,-0.014729821,-0.069299515,-0.052918604,-0.219134084,-1.038350050,0.072887373,-0.010732606,-0.179630779,0.000001000,0.709000000,1.200378213,1.382739458,0.580440951,1.931219996,0.516796799,-1.145931586,-1.214805580,0.582013043,-1.368081963
-0.002724280,-0.000126046,0.859894249,0.000226142,0.056161619,0.000415607,0.998421579,-0.078021249,-0.182285823,-0.851459201,0.054449369,-0.014729769,-0.069314347,-0.052362726,-0.219240128,-1.038670196,0.072936722,-0.010724863,-0.179638510,0.000001000,0.709000000,1.200541152,1.378167754,0.577159880,1.931219998,0.510661363,-1.148451762,-1.211878411,0.579518183,-1.369648167
-0.002639318,-0.000089895,0.859872655,0.000221418,0.055996656,0.000396792,0.998430853,-0.077370041,-0.182483568,-0.852319382,0.054505946,-0.014729684,-0.069329171,-0.051803199,-0.219346652,-1.038989090,0.072986484,-0.010717088,-0.179646233,0.000001000,0.709000000,1.200723723,1.373544729,0.573850731,1.931220000,0.504504814,-1.151001897,-1.208945445,0.577037768,-1.371221811
-0.002649979,0.000004321,0.859867327,0.000383455,0.055446019,0.000398715,0.998461533,-0.075813629,-0.183298280,-0.854002551,0.054526476,-0.014731690,-0.069357956,-0.050507419,-0.220012252,-1.039336359,0.073154918,-0.010693518,-0.179657827,0.000001000,0.709000000,1.200986269,1.367509268,0.570638052,1.931220000,0.502816998,-1.156235837,-1.210235255,0.577409244,-1.374089800
-0.002661544,0.000099086,0.859862153,0.000547070,0.054891716,0.000400833,0.998492083,-0.074248655,-0.184118828,-0.855693504,0.054546664,-0.014733717,-0.069386873,-0.049204675,-0.220683139,-1.039683896,0.073324474,-0.010669798,-0.179669457,0.000001000,0.709000000,1.201249571,1.361460447,0.567426285,1.931220000,0.501171449,-1.161495162,-1.211565007,0.577807694,-1.376970032
-0.002613754,0.000194814,0.859828262,0.000661064,0.054694148,0.000381148,0.998502863,-0.073266009,-0.185011537,-0.858398810,0.054671074,-0.014729420,-0.069429520,-0.048665066,-0.221330382,-1.040158973,0.073679374,-0.010621365,-0.179684051,0.000001000,0.709000000,1.201267964,1.349570906,0.563845563,1.931220000,0.508265180,-1.167873230,-1.217644294,0.584377466,-1.380710795
-0.002565233,0.000290554,0.859794017,0.000774447,0.054500973,0.000361194,0.998513352,-0.072290538,-0.185905135,-0.861116612,0.054796767,-0.014725046,-0.069472335,-0.048134858,-0.221977333,-1.040635622,0.074036556,-0.010572626,-0.179698681,0.000001000,0.709000000,1.201283339,1.337609407,0.560260295,1.931220000,0.515466579,-1.174265080,-1.223782094,0.591023268,-1.384462160
-0.002525405,0.000377695,0.859753966,0.000713655,0.054482972,0.000341719,0.998514386,-0.071817060,-0.186352739,-0.863533645,0.055021141,-0.014696013,-0.069508346,-0.048021595,-0.222134735,-1.041016508,0.074303525,-0.010524638,-0.179711896,0.000001000,0.709000000,1.201874769,1.314093839,0.552823178,1.931220000,0.512187223,-1.180652078,-1.220136869,0.599120491,-1.387862575
-0.002485671,0.000464742,0.859713853,0.000650977,0.054466867,0.000322250,0.998515314,-0.071349017,-0.186795514,-0.865947422,0.055246582,-0.014666713,-0.069544283,-0.047912845,-0.222286837,-1.041396357,0.074569517,-0.010476658,-0.179725096,0.000001000,0.709000000,1.202472435,1.290453187,0.545344361,1.931220000,0.508794403,-1.187039025,-1.216385733,0.607233428,-1.391259191
-0.002235182,0.000544054,0.859552412,0.000508728,0.054460443,0.000271633,0.998515762,-0.070902535,-0.186727546,-0.866434235,0.055444281,-0.014651001,-0.069549646,-0.047593170,-0.222145930,-1.041293341,0.074780618,-0.010456616,-0.179726389,0.000001000,0.709000000,1.202519715,1.270887567,0.535888362,1.931220000,0.499333319,-1.191069094,-1.208640049,0.606238130,-1.393182675
-0.001982699,0.000623292,0.859389824,0.000365727,0.054454110,0.000220722,0.998516183,-0.070456257,-0.186654746,-0.866902822,0.055641716,-0.014635417,-0.069554720,-0.047271499,-0.222002251,-1.041185758,0.074991200,-0.010436838,-0.179727569,0.000001000,0.709000000,1.202561788,1.251360491,0.526413663,1.931220000,0.489814837,-1.195076871,-1.200856582,0.605156681,-1.395092224
-0.002033507,0.000677022,0.859406936,0.000363894,0.054350121,0.000076181,0.998521871,-0.070168753,-0.186817992,-0.867399621,0.055705909,-0.014613134,-0.069564258,-0.047193904,-0.222096603,-1.041131884,0.075082511,-0.010419047,-0.179730912,0.000001000,0.709000000,1.201325242,1.236572551,0.521742613,1.931220000,0.481362411,-1.197726449,-1.194012228,0.605604428,-1.396383344
-0.002087957,0.000730445,0.859426206,0.000363757,0.054244956,-0.000069485,0.998527590,-0.069883156,-0.186984073,-0.867896759,0.055768500,-0.014590770,-0.069573849,-0.047119240,-0.222193813,-1.041078655,0.075172390,-0.010401280,-0.179734282,0.000001000,0.709000000,1.200073337,1.221841541,0.517129268,1.931220000,0.472922790,-1.200359712,-1.187179154,0.606070544,-1.397667034
-0.002070357,0.000772373,0.859411515,0.000286322,0.054160908,-0.000082210,0.998532176,-0.069606991,-0.186975525,-0.868355403,0.055875421,-0.014567541,-0.069582282,-0.046937626,-0.222119027,-1.041033336,0.075290152,-0.010382529,-0.179737438,0.000001000,0.709000000,1.198493951,1.207894599,0.512616283,1.931220000,0.461887894,-1.201845960,-1.178730670,0.606218889,-1.398703429
-0.002051983,0.000814177,0.859396459,0.000208057,0.054077087,-0.000093509,0.998536738,-0.069330928,-0.186965103,-0.868813633,0.055982818,-0.014544302,-0.069590701,-0.046754864,-0.222042395,-1.040988103,0.075408213,-0.010363767,-0.179740592,0.000001000,0.709000000,1.196911050,1.193956072,0.508104376,1.931220000,0.450825141,-1.203319896,-1.170264847,0.606363824,-1.399737169
-0.002012282,0.000868173,0.859390880,0.000138233,0.053981885,-0.000057053,0.998541904,-0.069017669,-0.186981304,-0.869210089,0.056066789,-0.014521256,-0.069598846,-0.046483101,-0.221990222,-1.040945566,0.075476695,-0.010347896,-0.179743932,0.000001000,0.709000000,1.195652942,1.183209076,0.503297139,1.931220000,0.432859007,-1.206089500,-1.157363298,0.604326535,-1.401464360
-0.001972380,0.000922284,0.859385390,0.000068489,0.053886575,-0.000020145,0.998547060,-0.068704057,-0.186997759,-0.869605959,0.056150538,-0.014498211,-0.069606989,-0.046210493,-0.221938281,-1.040903055,0.075544706,-0.010332052,-0.179747274,0.000001000,0.709000000,1.194397917,1.172492366,0.498487099,1.931220000,0.414827365,-1.208871399,-1.144419656,0.602268540,-1.403198132
-0.002330059,0.000846103,0.859533188,-0.000063959,0.054152958,0.000220852,0.998532626,-0.069797894,-0.186727988,-0.870500264,0.056166494,-0.014473262,-0.069620158,-0.047133904,-0.221525254,-1.041475306,0.075381300,-0.010323844,-0.179755454,0.000001000,0.709000000,1.198517279,1.179981119,0.498623199,1.931164898,0.414260995,-1.211758887,-1.145755935,0.603161339,-1.405074859
-0.002692662,0.000768310,0.859682884,-0.000197184,0.054423810,0.000464377,0.998517799,-0.070909158,-0.186454674,-0.871400740,0.056181611,-0.014448291,-0.069633389,-0.048072122,-0.221107756,-1.042055168,0.075215029,-0.010315730,-0.179763694,0.000001000,0.709000000,1.202703183,1.187695281,0.498820538,1.931109113,0.413910870,-1.214647683,-1.147269020,0.604090672,-1.406953356
-0.003010616,0.000559646,0.859676738,-0.000221037,0.054920095,0.000564082,0.998490569,-0.072381685,-0.186478884,-0.873183015,0.056534909,-0.014415268,-0.069664753,-0.049396900,-0.220801893,-1.043263675,0.075042262,-0.010318218,-0.179783974,0.000001000,0.709000000,1.213751423,1.236304867,0.509753892,1.930625850,0.450340459,-1.218493669,-1.175489663,0.595704856,-1.411067497
-0.003328090,0.000349574,0.859668914,-0.000243713,0.055418792,0.000662240,0.998462948,-0.073858100,-0.186506296,-0.874974783,0.056891847,-0.014382159,-0.069696313,-0.050725839,-0.220497231,-1.044478949,0.074869424,-0.010320820,-0.179804384,0.000001000,0.709000000,1.224873533,1.285354676,0.520802815,1.930137986,0.487165969,-1.222349958,-1.203997803,0.587218765,-1.415205703
-0.004224420,0.000113815,0.860185664,-0.000083241,0.055926020,0.000693395,0.998434671,-0.076047759,-0.186615224,-0.876429925,0.056585456,-0.014385376,-0.069716409,-0.052906272,-0.220442312,-1.045719044,0.074372912,-0.010339780,-0.179816833,0.000001000,0.709000000,1.249493833,1.352915498,0.529264395,1.927937121,0.526071020,-1.240816785,-1.239743278,0.570101676,-1.421604492
-0.005128446,-0.000122286,0.860709388,0.000079666,0.056433346,0.000723660,0.998406103,-0.078246900,-0.186725236,-0.877880591,0.056270246,-0.014389076,-0.069736352,-0.055098025,-0.220390713,-1.046959469,0.073872098,-0.010358956,-0.179829177,0.000001000,0.709000000,1.274293583,1.420722413,0.537691579,1.925713482,0.565003718,-1.259477851,-1.275584969,0.552869843,-1.428033333
-0.006327273,-0.000355067,0.861519140,0.000411053,0.056626915,0.000991294,0.998394832,-0.080223268,-0.187231909,-0.879333181,0.055840023,-0.014446152,-0.069762748,-0.056921680,-0.220738777,-1.048224347,0.073268654,-0.010414926,-0.179847292,0.000001000,0.709000000,1.315701112,1.525700734,0.540910509,1.922086154,0.593892750,-1.309548229,-1.316252288,0.514633370,-1.436113974
-0.007529751,-0.000587807,0.862332433,0.000744527,0.056816587,0.001261868,0.998383558,-0.082196878,-0.187743494,-0.880785795,0.055408376,-0.014503888,-0.069789224,-0.058740777,-0.221091790,-1.049489528,0.072663940,-0.010471352,-0.179865478,0.000001000,0.709000000,1.357314270,1.631139290,0.544064953,1.918441447,0.622657427,-1.360007499,-1.356979355,0.476136829,-1.444215065
-0.008135755,-0.000555443,0.862699661,0.000595887,0.056193096,0.001009629,0.998419231,-0.081625521,-0.187670545,-0.881554819,0.055808602,-0.014552944,-0.069815382,-0.058265693,-0.220896664,-1.050169370,0.072801058,-0.010512551,-0.179887106,0.000001000,0.709000000,1.439630277,1.698738648,0.502159792,1.907627799,0.642043546,-1.442143501,-1.411561408,0.428219598,-1.451959903
-0.008735192,-0.000520160,0.863061977,0.000441939,0.055560624,0.000751634,0.998454935,-0.081026143,-0.187591160,-0.882316316,0.056217987,-0.014601905,-0.069841535,-0.057765351,-0.220695502,-1.050842767,0.072946345,-0.010553582,-0.179908771,0.000001000,0.709000000,1.522394417,1.765921402,0.459758529,1.896735222,0.661326408,-1.524628261,-1.466296004,0.380198646,-1.459700819
-0.010692185,-0.000963439,0.863904261,0.000178734,0.053952678,0.000339064,0.998543420,-0.080217021,-0.186586287,-0.883171870,0.056891711,-0.014651278,-0.069863744,-0.057150317,-0.219564162,-1.051684352,0.073324742,-0.010604525,-0.179930420,0.000000062,0.709000000,1.616994192,1.813015838,0.398293763,1.889228665,0.659873627,-1.624196813,-1.550104987,0.342592274,-1.465413227
-0.012667392,-0.001413140,0.864752985,-0.000085937,0.052331490,-0.000075581,0.998629762,-0.079405085,-0.185568996,-0.884028686,0.057568981,-0.014700656,-0.069885899,-0.056533745,-0.218420341,-1.052528194,0.073706267,-0.010655601,-0.179952069,-0.000000888,0.709000000,1.711752774,1.859840736,0.336573210,1.881767541,0.658142622,-1.723994590,-1.634304081,0.305125642,-1.471098416
-0.014411413,-0.001248501,0.865572831,-0.000167916,0.050616445,-0.000008133,0.998718152,-0.078117670,-0.185820469,-0.884718666,0.057895615,-0.014831093,-0.069918249,-0.055128371,-0.218527469,-1.053190046,0.073709500,-0.010791781,-0.179986804,-0.000000947,0.692510973,1.801776704,1.913779328,0.291427368,1.875494773,0.618034774,-1.835912161,-1.713149424,0.277232199,-1.474572855
-0.016152593,-0.001076313,0.866392323,-0.000247650,0.048900098,0.000065240,0.998803642,-0.076824412,-0.186087534,-0.885406596,0.058217939,-0.014962526,-0.069950725,-0.053713303,-0.218649969,-1.053849661,0.073708085,-0.010929008,-0.180021700,-0.000000994,0.675819310,1.891742449,1.967805342,0.246485217,1.869236609,0.577455305,-1.947978675,-1.791928974,0.249456403,-1.478020126
-0.016278594,-0.000889910,0.866643534,0.000121468,0.047775103,0.000185875,0.998858093,-0.074449087,-0.187370556,-0.885797174,0.058373602,-0.015156771,-0.069985473,-0.051206453,-0.219782410,-1.054167109,0.073542186,-0.011119262,-0.180063467,-0.000000059,0.627232113,1.996837771,2.016615534,0.228481849,1.866077972,0.521108678,-2.056771805,-1.839175880,0.239565157,-1.477480302
-0.016386663,-0.000703349,0.866888436,0.000495568,0.046656606,0.000307035,0.998910817,-0.072061749,-0.188664858,-0.886184450,0.058527415,-0.015351714,-0.070020247,-0.048687484,-0.220926064,-1.054480758,0.073374460,-0.011310105,-0.180105310,0.000000888,0.578290816,2.102101060,2.065367822,0.210777553,1.862953746,0.464587006,-2.165528594,-1.886072714,0.229872463,-1.476896214
-0.013804567,0.000769733,0.869190544,-0.000048643,0.046417197,0.000230932,0.998922113,-0.067397188,-0.189821418,-0.886962600,0.058566848,-0.015708531,-0.070050961,-0.044047817,-0.221907176,-1.055314452,0.073061306,-0.011650828,-0.180146068,0.000000947,0.525731576,2.153682914,2.066716189,0.178801015,1.867111309,0.404505593,-2.187391144,-1.887853657,0.189943858,-1.481783868
-0.011185962,0.002260275,0.871520572,-0.000605316,0.046189703,0.000152152,0.998932491,-0.062701722,-0.190976109,-0.887746056,0.058604728,-0.016067545,-0.070081621,-0.039379370,-0.222886082,-1.056155203,0.072746178,-0.011993586,-0.180186811,0.000000994,0.473123234,2.204536219,2.067421204,0.146630778,1.871367698,0.344375868,-2.208074389,-1.889022300,0.149604899,-1.486745782
-0.008709540,0.002849417,0.874434714,-0.001001024,0.045347499,-0.000279544,0.998970732,-0.056757956,-0.191002682,-0.888667518,0.058617320,-0.016665148,-0.070155072,-0.033760363,-0.222751265,-1.057216948,0.072444822,-0.012609399,-0.180293017,0.000000058,0.450850090,2.207662250,2.031653680,0.106194394,1.876121331,0.307445474,-2.209345820,-1.867969983,0.098353440,-1.493829276
-0.006234858,0.003427537,0.877355998,-0.001394764,0.044497731,-0.000715554,0.999008255,-0.050798926,-0.191015460,-0.889590667,0.058629603,-0.017265668,-0.070229046,-0.028129734,-0.222602829,-1.058281394,0.072143635,-0.013228550,-0.180400024,-0.000000890,0.428947876,2.210204687,1.995440181,0.065656935,1.880881044,0.270798756,-2.210379889,-1.846645954,0.046968545,-1.500938712
-0.004798620,0.004383200,0.878180147,-0.001719842,0.043553825,-0.000905359,0.999049191,-0.046175086,-0.191591788,-0.890307541,0.058167544,-0.018013324,-0.070307638,-0.023637336,-0.223077361,-1.059133533,0.071519922,-0.014004898,-0.180520798,-0.000000947,0.420334641,2.210358047,1.961490483,0.053850288,1.883590588,0.250818914,-2.210442264,-1.823591042,0.043868995,-1.510094381
-0.003373880,0.005343044,0.878981079,-0.002044159,0.042608831,-0.001092437,0.999089143,-0.041566029,-0.192174356,-0.891022132,0.057700235,-0.018762608,-0.070386281,-0.019157540,-0.223558790,-1.059983322,0.070892638,-0.014782986,-0.180641725,-0.000000994,0.411868533,2.210484957,1.927565848,0.042361727,1.886277434,0.231023595,-2.210493882,-1.800516967,0.041304023,-1.519272704
-0.001203595,0.005335550,0.878669270,-0.001985945,0.042211054,-0.001031508,0.999106210,-0.029511599,-0.193085564,-0.919564743,0.050242360,-0.031614210,-0.071607190,-0.006598226,-0.224367487,-1.091662749,0.064967006,-0.027954266,-0.182735926,-0.000000997,0.282339353,2.210493228,1.730097292,0.041612993,1.908481981,0.142773178,-2.210497246,-1.662131131,0.041136859,-1.692998809
0.000976626,0.005315165,0.878342633,-0.001922634,0.041820562,-0.000967273,0.999122819,-0.017357957,-0.194001151,-0.948478168,0.042691335,-0.044627078,-0.072843321,0.006068750,-0.225180546,-1.123752988,0.058970772,-0.041290689,-0.184856421,-0.000001000,0.151196981,2.210499919,1.530449475,0.041007370,1.930946606,0.053610580,-2.210499967,-1.522208739,0.041001646,-1.868917552
0.001557777,0.005430634,0.877803884,-0.001923595,0.041335693,-0.000803775,0.999143140,-0.013148742,-0.195918284,-0.960876908,0.043149513,-0.048703411,-0.073297756,0.010929855,-0.227053849,-1.137335799,0.059773980,-0.045396450,-0.185670860,-0.000001000,0.148302894,2.210500000,1.514317271,0.041000000,1.931220000,0.067894696,-2.210500000,-1.519400064,0.041000000,-1.900792634
0.002119227,0.005547776,0.877262521,-0.001925347,0.040849651,-0.000639053,0.999163245,-0.009037401,-0.197847755,-0.973072189,0.043706363,-0.052669648,-0.073742562,0.015694792,-0.228940213,-1.150690600,0.060660956,-0.049388490,-0.186469208,-0.000001000,0.146988817,2.210500000,1.500445967,0.041000000,1.931220000,0.083453267,-2.210500000,-1.518280621,0.041000000,-1.930893108
0.002195967,0.005236225,0.876624395,-0.001774774,0.040552196,-0.000525092,0.999175707,-0.008083727,-0.198014074,-0.974567401,0.043951133,-0.053133152,-0.073802285,0.016827610,-0.229106821,-1.152280370,0.060930811,-0.049848350,-0.186575132,-0.000001000,0.147449076,2.210500000,1.498505708,0.041000000,1.931220000,0.087249494,-2.210500000,-1.517621295,0.041000000,-1.931219999
0.002267385,0.004919967,0.875985206,-0.001622528,0.040256806,-0.000411688,0.999187964,-0.007164721,-0.198161034,-0.975945136,0.044192476,-0.053558199,-0.073857780,0.017920550,-0.229254546,-1.153740968,0.061193891,-0.050269430,-0.186673453,-0.000001000,0.147928816,2.210500000,1.496696442,0.041000000,1.931220000,0.090916579,-2.210500000,-1.516967020,0.041000000,-1.931220000
0.002012345,0.004558052,0.875475804,-0.001441814,0.040046689,-0.000326784,0.999196716,-0.006176493,-0.198765675,-0.980821115,0.044507357,-0.054706793,-0.073993140,0.019164086,-0.229831046,-1.158929506,0.061657026,-0.051359225,-0.186928906,-0.000001000,0.143183190,2.210500000,1.494030708,0.041000000,1.931220000,0.096257280,-2.210500000,-1.520123786,0.041000000,-1.931220000
0.001752955,0.004195529,0.874968131,-0.001260721,0.039837706,-0.000242260,0.999205339,-0.005187342,-0.199376415,-0.985743709,0.044823217,-0.055865027,-0.074129564,0.020409629,-0.230413260,-1.164167719,0.062122826,-0.052457930,-0.187186453,-0.000001000,0.138367935,2.210500000,1.491353562,0.041000000,1.931220000,0.101620282,-2.210500000,-1.523331334,0.041000000,-1.931220000
0.001472121,0.003909435,0.874682589,-0.001094158,0.039743272,-0.000185264,0.999209308,-0.004139326,-0.200393290,-0.992857003,0.045307156,-0.057296400,-0.074349426,0.021757003,-0.231339146,-1.171647451,0.062734946,-0.053775443,-0.187548758,-0.000001000,0.129775310,2.210500000,1.489103877,0.041000000,1.931220000,0.103928241,-2.210500000,-1.529406159,0.041000000,-1.931220000
0.001191028,0.003624261,0.874399721,-0.000927770,0.039650216,-0.000128599,0.999213182,-0.003090601,-0.201415055,-0.999996680,0.045793119,-0.058731061,-0.074570293,0.023105604,-0.232269172,-1.179154178,0.063348828,-0.055095591,-0.187912323,-0.000001000,0.121137193,2.210500000,1.486859341,0.041000000,1.931220000,0.106199406,-2.210500000,-1.535515516,0.041000000,-1.931220000
0.000416162,0.003360970,0.874245959,-0.000790284,0.040643205,-0.000098916,0.999173406,-0.004729457,-0.202869631,-1.010159818,0.046565909,-0.060416266,-0.074923037,0.021846532,-0.233494913,-1.189747863,0.064142327,-0.056629933,-0.188406918,-0.000001000,0.109588563,2.210500000,1.485802658,0.041000000,1.931220000,0.093333991,-2.210500000,-1.541421427,0.041000000,-1.931220000
-0.000364140,0.003097920,0.874093618,-0.000653116,0.041648110,-0.000069530,0.999132125,-0.006397903,-0.204328972,-1.020356244,0.047341857,-0.062104230,-0.075277233,0.020558750,-0.234723910,-1.200375535,0.064937803,-0.058166633,-0.188902954,-0.000001000,0.098007889,2.210500000,1.484759053,0.041000000,1.931220000,0.080301923,-2.210500000,-1.547325098,0.041000000,-1.931220000
-0.000748409,0.003077515,0.874167976,-0.000591879,0.042427759,-0.000071343,0.999099359,-0.007305287,-0.205721038,-1.028644976,0.048101600,-0.063384572,-0.075586374,0.019955172,-0.235889105,-1.208932738,0.065634094,-0.059324572,-0.189323556,-0.000001000,0.089022865,2.210500000,1.484959974,0.041000000,1.931220000,0.072404746,-2.210500000,-1.549413526,0.041000000,-1.931220000
-0.001127425,0.003060328,0.874245341,-0.000531650,0.043204396,-0.000073570,0.999066110,-0.008202578,-0.207112211,-1.036908404,0.048861128,-0.064659509,-0.075894917,0.019360669,-0.237053453,-1.217462480,0.066329071,-0.060477487,-0.189743158,-0.000001000,0.080072269,2.210500000,1.485177402,0.041000000,1.931220000,0.064575676,-2.210500000,-1.551451350,0.041000000,-1.931220000
-0.001433573,0.002969587,0.874224402,-0.000472926,0.043572435,-0.000110908,0.999050152,-0.008037942,-0.208414619,-1.045224222,0.049747131,-0.065880175,-0.076189971,0.019798824,-0.238104243,-1.225940778,0.067114811,-0.061565284,-0.190172319,-0.000001000,0.073428517,2.210500000,1.484930563,0.041000000,1.931220000,0.056449101,-2.210500000,-1.552503249,0.041000000,-1.931220000
-0.001738837,0.002877954,0.874202271,-0.000414220,0.043935510,-0.000148673,0.999034272,-0.007860420,-0.209715950,-1.053540675,0.050634670,-0.067100184,-0.076484861,0.020249511,-0.239153654,-1.234418452,0.067901653,-0.062652291,-0.190601596,-0.000001000,0.066812759,2.210500000,1.484678090,0.041000000,1.931220000,0.048318916,-2.210500000,-1.553543184,0.041000000,-1.931220000
-0.001755440,0.002863933,0.874160083,-0.000382642,0.043916470,-0.000153858,0.999035121,-0.007089198,-0.210419798,-1.057670944,0.051077941,-0.067680062,-0.076633745,0.021141044,-0.239720222,-1.238598171,0.068295247,-0.063172004,-0.190813879,-0.000001000,0.064412019,2.210500000,1.484845192,0.041000000,1.931220000,0.046715832,-2.210500000,-1.554332388,0.041000000,-1.931220000
-0.001768883,0.002850763,0.874117676,-0.000351361,0.043893246,-0.000158687,0.999036153,-0.006311475,-0.211117105,-1.061755380,0.051516349,-0.068252932,-0.076781031,0.022037403,-0.240281504,-1.242730833,0.068684535,-0.063685507,-0.191023786,-0.000001000,0.062057428,2.210500000,1.485016889,0.041000000,1.931220000,0.045184209,-2.210500000,-1.555118846,0.041000000,-1.931220000
-0.001821842,0.003028684,0.874290169,-0.000431089,0.043651211,-0.000190981,0.999046720,-0.005113963,-0.211832197,-1.065704200,0.051978113,-0.068803477,-0.076925115,0.023341103,-0.240860773,-1.246742994,0.069082819,-0.064190091,-0.191230868,-0.000001000,0.060081332,2.210500000,1.485381637,0.041000000,1.931220000,0.041465557,-2.210500000,-1.556153763,0.041000000,-1.931220000
-0.001875323,0.003209129,0.874465500,-0.000512282,0.043406284,-0.000223637,0.999057347,-0.003910908,-0.212547525,-1.069651231,0.052440185,-0.069353727,-0.077069158,0.024650181,-0.241440279,-1.250753564,0.069481221,-0.064694557,-0.191437912,-0.000001000,0.058110233,2.210500000,1.485748933,0.041000000,1.931220000,0.037718031,-2.210500000,-1.557191959,0.041000000,-1.931220000
-0.002278591,0.003293145,0.874714201,-0.000590833,0.043123806,-0.000362225,0.999069496,-0.002702692,-0.213371441,-1.075646725,0.053027931,-0.070198411,-0.077290680,0.025951438,-0.242058237,-1.256884308,0.069984496,-0.065497436,-0.191752492,-0.000001000,0.056473794,2.210500000,1.486400647,0.041000000,1.931220000,0.021603867,-2.210500000,-1.557753501,0.041000000,-1.931220000
-0.002686190,0.003375967,0.874963810,-0.000669352,0.042840858,-0.000502125,0.999081559,-0.001494412,-0.214196701,-1.081667582,0.053617233,-0.071046741,-0.077513162,0.027252597,-0.242676672,-1.263041303,0.070489069,-0.066304010,-0.192068403,-0.000001000,0.054841499,2.210500000,1.487055883,0.041000000,1.931220000,0.005336586,-2.210500000,-1.558309142,0.041000000,-1.931220000
-0.002936912,0.003467083,0.875154549,-0.000726461,0.042595054,-0.000542195,0.999092008,-0.000167291,-0.215046815,-1.087608376,0.054144388,-0.071895709,-0.077735919,0.028737479,-0.243320409,-1.269102539,0.070935675,-0.067125404,-0.192380605,-0.000001000,0.050588449,2.210500000,1.488598600,0.041000000,1.931220000,-0.005151483,-2.210500000,-1.556825249,0.041000000,-1.931220000
-0.003185289,0.003558323,0.875344408,-0.000783250,0.042349802,-0.000580774,0.999102369,0.001161607,-0.215897301,-1.093547972,0.054670614,-0.072744687,-0.077958680,0.030225107,-0.243964526,-1.275162344,0.071381415,-0.067947020,-0.192692751,-0.000001000,0.046296219,2.210500000,1.490154585,0.041000000,1.931220000,-0.015553152,-2.210500000,-1.555310865,0.041000000,-1.931220000
-0.003289661,0.003468871,0.875416675,-0.000747170,0.042139668,-0.000561691,0.999111292,0.002625695,-0.216637829,-1.099453127,0.055111525,-0.073579644,-0.078176617,0.031869730,-0.244503639,-1.281134408,0.071763659,-0.068748552,-0.192995572,-0.000001000,0.040992510,2.210500000,1.491608730,0.041000000,1.931220000,-0.019886324,-2.210500000,-1.553798413,0.041000000,-1.931220000
-0.003392136,0.003377039,0.875487392,-0.000709866,0.041929995,-0.000541848,0.999120152,0.004091564,-0.217376909,-1.105357828,0.055551312,-0.074414417,-0.078394490,0.033516420,-0.245041370,-1.287105318,0.072145068,-0.069549820,-0.193298271,-0.000001000,0.035675478,2.210500000,1.493061533,0.041000000,1.931220000,-0.024139566,-2.210500000,-1.552285987,0.041000000,-1.931220000
-0.003342324,0.003244565,0.875464323,-0.000624938,0.041758778,-0.000506900,0.999127398,0.005315675,-0.217874211,-1.109269499,0.055801682,-0.074955362,-0.078533294,0.034863418,-0.245407484,-1.291017698,0.072367772,-0.070057761,-0.193492341,-0.000001000,0.032563045,2.210500000,1.493907251,0.041000000,1.931220000,-0.023425335,-2.210500000,-1.551618685,0.041000000,-1.931220000
-0.003290632,0.003111589,0.875440095,-0.000539421,0.041588034,-0.000471765,0.999134586,0.006536801,-0.218368526,-1.113156555,0.056049712,-0.075492678,-0.078671122,0.036206714,-0.245771477,-1.294904654,0.072588515,-0.070562079,-0.193685070,-0.000001000,0.029477839,2.210500000,1.494745472,0.041000000,1.931220000,-0.022649751,-2.210500000,-1.550961821,0.041000000,-1.931220000
-0.003094786,0.003037757,0.875353301,-0.000479142,0.041449433,-0.000387196,0.999140413,0.007884981,-0.218873045,-1.117028300,0.056259036,-0.076007281,-0.078805817,0.037706981,-0.246157289,-1.298736897,0.072794696,-0.071031172,-0.193868866,-0.000001000,0.026490922,2.210500000,1.495436332,0.041000000,1.931220000,-0.016346465,-2.210500000,-1.550593467,0.041000000,-1.931220000
-0.002896763,0.002964818,0.875265563,-0.000419245,0.041311315,-0.000301881,0.999146190,0.009235080,-0.219377718,-1.120899814,0.056467776,-0.076521540,-0.078940464,0.039209620,-0.246543430,-1.302568313,0.073000657,-0.071499734,-0.194052527,-0.000001000,0.023505490,2.210500000,1.496124967,0.041000000,1.931220000,-0.009959684,-2.210500000,-1.550229471,0.041000000,-1.931220000
-0.002632446,0.002925017,0.875187603,-0.000345922,0.041047126,-0.000121897,0.999157144,0.010501903,-0.219744085,-1.122718024,0.056615354,-0.076766972,-0.079013843,0.040633425,-0.246842196,-1.304327285,0.073124937,-0.071723556,-0.194147152,-0.000001000,0.021560705,2.210500000,1.496564988,0.041000000,1.931220000,-0.003959293,-2.210500000,-1.550182072,0.041000000,-1.931220000
-0.002367252,0.002885653,0.875109773,-0.000272421,0.040781265,0.000059339,0.999168059,0.011767624,-0.220108622,-1.124509063,0.056762123,-0.077008846,-0.079086410,0.042056186,-0.247139806,-1.306058832,0.073248137,-0.071944140,-0.194240599,-0.000001000,0.019629691,2.210500000,1.497001719,0.041000000,1.931220000,0.002035985,-2.210500000,-1.550138862,0.041000000,-1.931220000
-0.002098051,0.002900950,0.875037652,-0.000227987,0.040374663,0.000155741,0.999184573,0.013843939,-0.220691948,-1.128164367,0.056955994,-0.077462263,-0.079204476,0.044265991,-0.247609735,-1.309619162,0.073459686,-0.072338969,-0.194383572,-0.000000016,0.016774583,2.210500000,1.497353873,0.041000000,1.931220000,0.014181491,-2.210500000,-1.552048944,0.041000000,-1.931220000
-0.001828800,0.002916919,0.874965600,-0.000183912,0.039966321,0.000251097,0.999200979,0.015930239,-0.221277968,-1.131842640,0.057150446,-0.077918285,-0.079323102,0.046485493,-0.248081787,-1.313202022,0.073672323,-0.072735945,-0.194527156,0.000000980,0.013908090,2.210500000,1.497704985,0.041000000,1.931220000,0.026402767,-2.210500000,-1.553983091,0.041000000,-1.931220000
-0.001607369,0.003035630,0.874997273,-0.000187229,0.039539952,0.000299921,0.999217928,0.017957032,-0.221878452,-1.135485953,0.057329858,-0.078351406,-0.079441986,0.048624598,-0.248581961,-1.316747253,0.073881178,-0.073106448,-0.194671098,0.000000997,0.012442494,2.210500000,1.498050712,0.041000000,1.931220000,0.035325092,-2.210500000,-1.557704970,0.041000000,-1.931220000
-0.001386649,0.003155870,0.875030489,-0.000191252,0.039113309,0.000348051,0.999234703,0.019982938,-0.222479150,-1.139128745,0.057509046,-0.078784186,-0.079560873,0.050762506,-0.249082554,-1.320291924,0.074089977,-0.073476558,-0.194815046,0.000001000,0.010997756,2.210500000,1.498396359,0.041000000,1.931220000,0.044198302,-2.210500000,-1.561453466,0.041000000,-1.931220000
-0.001370303,0.003307308,0.875041126,-0.000140431,0.038703778,0.000242008,0.999250689,0.021750610,-0.223237635,-1.142818085,0.057656626,-0.079208310,-0.079669256,0.052512357,-0.249737913,-1.323899315,0.074277139,-0.073834932,-0.194955960,0.000001000,0.010524493,2.210500000,1.498811303,0.041000000,1.931220000,0.047363764,-2.210500000,-1.565777431,0.041000000,-1.931220000
-0.001356668,0.003459160,0.875051463,-0.000088882,0.038294468,0.000133920,0.999266485,0.023514856,-0.223998213,-1.146508042,0.057803787,-0.079632320,-0.079777500,0.054257062,-0.250395325,-1.327507538,0.074464013,-0.074193151,-0.195096834,0.000001000,0.010064115,2.210500000,1.499227166,0.041000000,1.931220000,0.050453520,-2.210500000,-1.570109029,0.041000000,-1.931220000
-0.001551611,0.003585612,0.875092568,-0.000137594,0.038061102,0.000111182,0.999275398,0.024560829,-0.224537240,-1.150380994,0.058031373,-0.080042266,-0.079878385,0.055343549,-0.250832590,-1.331295749,0.074746375,-0.074539225,-0.195240521,0.000001000,0.006954273,2.210500000,1.500536840,0.041000000,1.931220000,0.049398390,-2.210500000,-1.574149822,0.041000000,-1.931220000
-0.001749053,0.003711759,0.875134041,-0.000187507,0.037829841,0.000089466,0.999284174,0.025598196,-0.225073612,-1.154256139,0.058259923,-0.080452044,-0.079979182,0.056422149,-0.251267217,-1.335086117,0.075029881,-0.074885153,-0.195384242,0.000001000,0.003812685,2.210500000,1.501857223,0.041000000,1.931220000,0.048293597,-2.210500000,-1.578187131,0.041000000,-1.931220000
-0.002104097,0.003736772,0.875212390,-0.000262233,0.037733930,0.000023139,0.999287787,0.026525630,-0.225652971,-1.160252149,0.058677097,-0.081050842,-0.080124582,0.057407058,-0.251664915,-1.340976255,0.075474296,-0.075406660,-0.195611389,0.000001000,0.000983123,2.210500000,1.502900501,0.041000000,1.931220000,0.039798665,-2.210500000,-1.581993284,0.041000000,-1.931220000
-0.002461428,0.003760316,0.875291275,-0.000337320,0.037639984,-0.000043835,0.999291307,0.027451468,-0.226232953,-1.166278950,0.059097010,-0.081652383,-0.080270630,0.058390608,-0.252062078,-1.346896876,0.075921046,-0.075930716,-0.195839746,0.000001000,-0.001841908,2.210500000,1.503939756,0.041000000,1.931220000,0.031196446,-2.210500000,-1.585796082,0.041000000,-1.931220000
-0.002884780,0.003848785,0.875413341,-0.000427334,0.037190212,-0.000199008,0.999308094,0.028691941,-0.226670950,-1.170176787,0.059498420,-0.082040007,-0.080370864,0.059589799,-0.252337882,-1.350749333,0.076257086,-0.076285806,-0.195990982,0.000000015,-0.000079290,2.210500000,1.503075495,0.041000000,1.931220000,0.016373445,-2.210500000,-1.586960567,0.041000000,-1.931220000
-0.003309012,0.003938120,0.875535982,-0.000517547,0.036735690,-0.000355356,0.999324820,0.029936606,-0.227107055,-1.174046255,0.059899583,-0.082424780,-0.080470487,0.060791864,-0.252612069,-1.354574231,0.076591651,-0.076638644,-0.196141190,-0.000000983,0.001744459,2.210500000,1.502185870,0.041000000,1.931220000,0.001467550,-2.210500000,-1.588089897,0.041000000,-1.931220000
-0.003415543,0.004089371,0.875617702,-0.000642544,0.036381515,-0.000432466,0.999337673,0.030949592,-0.227320781,-1.175884138,0.060164955,-0.082607177,-0.080527387,0.061801738,-0.252742596,-1.356393581,0.076802104,-0.076811233,-0.196224346,-0.000000997,0.004117099,2.210500000,1.501528884,0.041000000,1.931220000,-0.004943726,-2.210500000,-1.587612819,0.041000000,-1.931220000
-0.003518200,0.004241377,0.875698923,-0.000767966,0.036028559,-0.000508609,0.999350336,0.031959753,-0.227531795,-1.177697241,0.060428670,-0.082787106,-0.080583766,0.062809267,-0.252871371,-1.358188469,0.077011044,-0.076981624,-0.196306685,-0.000001000,0.006496435,2.210500000,1.500874735,0.041000000,1.931220000,-0.011251393,-2.210500000,-1.587116148,0.041000000,-1.931220000
-0.003206019,0.004211143,0.875676768,-0.000774833,0.035788986,-0.000454337,0.999358965,0.033295618,-0.227731342,-1.179438001,0.060672441,-0.082971076,-0.080636867,0.064220965,-0.252994384,-1.359885708,0.077207447,-0.077159856,-0.196385973,-0.000001000,0.007340169,2.210500000,1.501680092,0.041000000,1.931220000,-0.011112789,-2.210500000,-1.585620480,0.041000000,-1.931220000
-0.002887802,0.004178257,0.875653108,-0.000779975,0.035551060,-0.000398167,0.999367478,0.034636223,-0.227930722,-1.181177708,0.060915921,-0.083155105,-0.080689921,0.065638543,-0.253117314,-1.361581525,0.077403668,-0.077338202,-0.196465217,-0.000001000,0.008161561,2.210500000,1.502506684,0.041000000,1.931220000,-0.010880400,-2.210500000,-1.584110277,0.041000000,-1.931220000
-0.002495294,0.004049556,0.875588593,-0.000714634,0.035364531,-0.000283324,0.999374184,0.035962383,-0.228110205,-1.182923074,0.061074813,-0.083338227,-0.080743441,0.067086666,-0.253236298,-1.363260540,0.077544804,-0.077511359,-0.196541429,-0.000001000,0.007582153,2.210500000,1.503907384,0.041000000,1.931220000,-0.004615252,-2.210500000,-1.581869832,0.041000000,-1.931220000
-0.002101808,0.003919592,0.875523540,-0.000648364,0.035178678,-0.000167709,0.999380814,0.037288354,-0.228289427,-1.184668514,0.061232590,-0.083521337,-0.080796967,0.068535191,-0.253355231,-1.364939334,0.077685215,-0.077684447,-0.196617600,-0.000001000,0.006984293,2.210500000,1.505315646,0.041000000,1.931220000,0.001729355,-2.210500000,-1.579619769,0.041000000,-1.931220000
-0.001683380,0.003797877,0.875479938,-0.000499590,0.034851066,-0.000099926,0.999392387,0.038973336,-0.228621996,-1.186314660,0.061308957,-0.083700282,-0.080855020,0.070292659,-0.253626838,-1.366507545,0.077742312,-0.077849218,-0.196692984,-0.000000063,0.007079264,2.210500000,1.506224304,0.041000000,1.931220000,0.010655951,-2.210500000,-1.577799334,0.041000000,-1.931220000
-0.001264653,0.003676261,0.875436592,-0.000349828,0.034521750,-0.000032717,0.999403885,0.040662620,-0.228956403,-1.187959617,0.061384349,-0.083879178,-0.080913127,0.072053828,-0.253900275,-1.368074431,0.077798411,-0.078013889,-0.196768359,0.000000886,0.007182536,2.210500000,1.507126975,0.041000000,1.931220000,0.019613483,-2.210500000,-1.575984048,0.041000000,-1.931220000
-0.000983266,0.003568714,0.875507700,-0.000269215,0.034091785,0.000077715,0.999418667,0.042373614,-0.229164653,-1.189603156,0.061464920,-0.084050895,-0.080961826,0.073852799,-0.254052563,-1.369620075,0.077878975,-0.078162460,-0.196834566,0.000000947,0.006276536,2.210500000,1.508112531,0.041000000,1.931220000,0.028705809,-2.210500000,-1.575132928,0.041000000,-1.931220000
-0.000703929,0.003461377,0.875580516,-0.000189634,0.033660312,0.000188792,0.999433295,0.044084932,-0.229371021,-1.191246673,0.061545569,-0.084222505,-0.081010386,0.075652334,-0.254203043,-1.371165402,0.077959904,-0.078310791,-0.196900637,0.000000994,0.005355477,2.210500000,1.509099324,0.041000000,1.931220000,0.037800147,-2.210500000,-1.574296193,0.041000000,-1.931220000
-0.000143157,0.003500976,0.875609294,-0.000137665,0.033338784,0.000326296,0.999444045,0.045961688,-0.229697437,-1.192821274,0.061554231,-0.084401897,-0.081051725,0.077622653,-0.254478933,-1.372637392,0.077981798,-0.078461679,-0.196959927,0.000000997,0.004753765,2.210500000,1.510468101,0.041000000,1.931220000,0.050101434,-2.210500000,-1.574406047,0.041000000,-1.931220000
0.000421407,0.003542556,0.875637479,-0.000086069,0.033018735,0.000464157,0.999454621,0.047840674,-0.230025471,-1.194394946,0.061561923,-0.084581393,-0.081092968,0.079595274,-0.254756513,-1.374108392,0.078002896,-0.078612601,-0.197019125,0.000001000,0.004156357,2.210500000,1.511842027,0.041000000,1.931220000,0.062445949,-2.210500000,-1.574528661,0.041000000,-1.931220000
0.000699606,0.003699282,0.875724201,-0.000091163,0.032723197,0.000510581,0.999464318,0.049298741,-0.230370104,-1.196031443,0.061511944,-0.084762369,-0.081126557,0.081089950,-0.255062695,-1.375664249,0.077996239,-0.078759609,-0.197068909,0.000001000,0.005205438,2.210500000,1.512389585,0.041000000,1.931220000,0.072075179,-2.210500000,-1.576042836,0.041000000,-1.931220000
0.000974302,0.003857416,0.875811639,-0.000096950,0.032427956,0.000555888,0.999473916,0.050751661,-0.230714940,-1.197668708,0.061461261,-0.084943363,-0.081160053,0.082578781,-0.255369227,-1.377221143,0.077989243,-0.078906569,-0.197118577,0.000001000,0.006274651,2.210500000,1.512927038,0.041000000,1.931220000,0.081671207,-2.210500000,-1.577574027,0.041000000,-1.931220000
0.000932146,0.003881562,0.875918960,-0.000094589,0.032198012,0.000506100,0.999481377,0.051647325,-0.230883633,-1.199435248,0.061421771,-0.085128138,-0.081186395,0.083445478,-0.255506365,-1.378923303,0.078016929,-0.079054085,-0.197165002,0.000001000,0.008503182,2.210500000,1.512972869,0.041000000,1.931220000,0.084987491,-2.210500000,-1.580879791,0.041000000,-1.931220000
0.000885381,0.003903759,0.876026571,-0.000092110,0.031969016,0.000454928,0.999488753,0.052534882,-0.231049763,-1.201203669,0.061382444,-0.085312968,-0.081212634,0.084303124,-0.255641038,-1.380627577,0.078045119,-0.079201610,-0.197211379,0.000001000,0.010748580,2.210500000,1.513011549,0.041000000,1.931220000,0.088212414,-2.210500000,-1.584211372,0.041000000,-1.931220000
0.000625353,0.003903585,0.876091810,-0.000118170,0.031767537,0.000359864,0.999495213,0.053072075,-0.231127191,-1.203056178,0.061363864,-0.085502974,-0.081234204,0.084774795,-0.255682303,-1.382428762,0.078095122,-0.079354426,-0.197260607,0.000001000,0.013307279,2.210500000,1.512932992,0.041000000,1.931220000,0.085285622,-2.210500000,-1.588693552,0.041000000,-1.931220000
0.000362424,0.003903107,0.876156472,-0.000144618,0.031566431,0.000264204,0.999501611,0.053604503,-0.231203411,-1.204909831,0.061345565,-0.085693051,-0.081255712,0.085241217,-0.255722297,-1.384231266,0.078145422,-0.079507314,-0.197309874,0.000001000,0.015870240,2.210500000,1.512852841,0.041000000,1.931220000,0.082275152,-2.210500000,-1.593191382,0.041000000,-1.931220000
0.000116293,0.003911038,0.876241108,-0.000194210,0.031452438,0.000178608,0.999505215,0.053960018,-0.231248637,-1.206778275,0.061351747,-0.085880944,-0.081278963,0.085534262,-0.255723322,-1.386056299,0.078207362,-0.079661891,-0.197360682,0.000001000,0.017837801,2.210500000,1.513220206,0.041000000,1.931220000,0.076562940,-2.210500000,-1.597558959,0.041000000,-1.931220000
-0.000129637,0.003919070,0.876325982,-0.000244078,0.031339485,0.000093132,0.999508764,0.054313418,-0.231293492,-1.208646897,0.061358222,-0.086068810,-0.081302236,0.085825235,-0.255723882,-1.387881601,0.078269440,-0.079816488,-0.197411508,0.000001000,0.019798246,2.210500000,1.513592920,0.041000000,1.931220000,0.070818438,-2.210500000,-1.601924979,0.041000000,-1.931220000
-0.000358892,0.003787615,0.876368112,-0.000234588,0.031239944,0.000006685,0.999511886,0.054650674,-0.231273773,-1.210506369,0.061396178,-0.086255398,-0.081329988,0.086101489,-0.255651378,-1.389695509,0.078343522,-0.079975185,-0.197464710,0.000000063,0.021655472,2.210500000,1.513980103,0.041000000,1.931220000,0.063912986,-2.210500000,-1.605601136,0.041000000,-1.931220000
-0.000587905,0.003654139,0.876409622,-0.000224238,0.031140597,-0.000079777,0.999514986,0.054987696,-0.231253119,-1.212365709,0.061434590,-0.086441968,-0.081357806,0.086377529,-0.255577816,-1.391509252,0.078417777,-0.080133941,-0.197517945,-0.000000888,0.023511203,2.210500000,1.514367496,0.041000000,1.931220000,0.056990716,-2.210500000,-1.609267300,0.041000000,-1.931220000
-0.000572998,0.003589226,0.876437137,-0.000205317,0.031114506,-0.000097210,0.999515801,0.055472153,-0.231338113,-1.214139407,0.061448454,-0.086626099,-0.081390414,0.086851177,-0.255607112,-1.393227186,0.078450379,-0.080292714,-0.197571950,-0.000000947,0.024721149,2.210500000,1.515225023,0.041000000,1.931220000,0.053213609,-2.210500000,-1.611466413,0.041000000,-1.931220000
-0.000554864,0.003525220,0.876464467,-0.000186283,0.031089385,-0.000113730,0.999516584,0.055958561,-0.231424505,-1.215911971,0.061461993,-0.086810199,-0.081423086,0.087327439,-0.255637769,-1.394943851,0.078482429,-0.080451486,-0.197625964,-0.000000994,0.025922550,2.210500000,1.516088771,0.041000000,1.931220000,0.049478121,-2.210500000,-1.613646113,0.041000000,-1.931220000
-0.000559053,0.003401954,0.876361291,-0.000150485,0.031041725,-0.000102610,0.999518073,0.056444945,-0.231468443,-1.217691790,0.061492891,-0.086992657,-0.081457691,0.087839909,-0.255630213,-1.396652319,0.078530789,-0.080607684,-0.197680207,-0.000000997,0.026404380,2.210500000,1.516928243,0.041000000,1.931220000,0.048147457,-2.210500000,-1.614763589,0.041000000,-1.931220000
-0.000563596,0.003277750,0.876256050,-0.000114421,0.030993708,-0.000091054,0.999519569,0.056931330,-0.231511709,-1.219471725,0.061524064,-0.087175089,-0.081492326,0.088352952,-0.255622052,-1.398360657,0.078579408,-0.080763841,-0.197734453,-0.000001000,0.026874814,2.210500000,1.517767331,0.041000000,1.931220000,0.046854877,-2.210500000,-1.615864244,0.041000000,-1.931220000
-0.000651902,0.003164208,0.876186596,-0.000093916,0.030904180,-0.000121413,0.999522340,0.057210537,-0.231472372,-1.220365726,0.061569120,-0.087257864,-0.081515172,0.088627793,-0.255554136,-1.399217746,0.078626879,-0.080834264,-0.197767762,-0.000001000,0.027677038,2.210500000,1.517755699,0.041000000,1.931220000,0.044867147,-2.210500000,-1.616634157,0.041000000,-1.931220000
-0.000741423,0.003050822,0.876117662,-0.000073637,0.030814050,-0.000152381,0.999525120,0.057486737,-0.231431836,-1.221246867,0.061614378,-0.087339192,-0.081537846,0.088899175,-0.255485353,-1.400062476,0.078674333,-0.080903442,-0.197800767,-0.000001000,0.028484080,2.210500000,1.517731716,0.041000000,1.931220000,0.042869324,-2.210500000,-1.617399268,0.041000000,-1.931220000
-0.000830945,0.002937435,0.876048728,-0.000053358,0.030723920,-0.000183349,0.999527891,0.057762936,-0.231391300,-1.222128007,0.061659636,-0.087420520,-0.081560520,0.089170558,-0.255416569,-1.400907206,0.078721787,-0.080972620,-0.197833772,-0.000001000,0.029291121,2.210500000,1.517707733,0.041000000,1.931220000,0.040871501,-2.210500000,-1.618164379,0.041000000,-1.931220000
-0.000920466,0.002824048,0.875979794,-0.000033079,0.030633789,-0.000214317,0.999530652,0.058039136,-0.231350764,-1.223009147,0.061704894,-0.087501849,-0.081583194,0.089441941,-0.255347786,-1.401751937,0.078769241,-0.081041798,-0.197866778,-0.000001000,0.030098163,2.210500000,1.517683750,0.041000000,1.931220000,0.038873679,-2.210500000,-1.618929491,0.041000000,-1.931220000
-0.000899729,0.002710388,0.875771494,-0.000054196,0.030927639,-0.000288715,0.999521583,0.057887863,-0.231259275,-1.224933988,0.061694956,-0.087656722,-0.081625018,0.089257300,-0.255211030,-1.403619296,0.078809847,-0.081171233,-0.197927551,-0.000001000,0.035021234,2.210500000,1.517362410,0.041000000,1.931022438,0.033613758,-2.210500000,-1.621055215,0.041000000,-1.931220000
-0.000877250,0.002596723,0.875560991,-0.000075968,0.031227555,-0.000363800,0.999512232,0.057729832,-0.231166981,-1.226875326,0.061684146,-0.087812758,-0.081667145,0.089065452,-0.255073199,-1.405502818,0.078850344,-0.081301619,-0.197988763,-0.000001000,0.040009364,2.210500000,1.517036370,0.041000000,1.930821754,0.028302276,-2.210500000,-1.623202446,0.041000000,-1.931220000
-0.000663270,0.002471892,0.875478082,-0.000069791,0.031402264,-0.000435002,0.999506730,0.058035425,-0.231120121,-1.228687677,0.061716283,-0.087940738,-0.081721233,0.089341706,-0.254977243,-1.407246669,0.078899093,-0.081409489,-0.198058472,-0.000001000,0.046561786,2.210500000,1.516616099,0.041000000,1.930281807,0.025691938,-2.210500000,-1.624035629,0.041000000,-1.931220000
-0.000446509,0.002346900,0.875397025,-0.000063208,0.031575153,-0.000506148,0.999501250,0.058347749,-0.231073922,-1.230498156,0.061749043,-0.088068310,-0.081775494,0.089624757,-0.254881894,-1.408988492,0.078947963,-0.081517031,-0.198128304,-0.000001000,0.053136917,2.210500000,1.516194461,0.041000000,1.929736935,0.023120814,-2.210500000,-1.624849735,0.041000000,-1.931220000
-0.000384756,0.002205851,0.875349815,-0.000022791,0.031636512,-0.000530558,0.999499299,0.058679794,-0.231070370,-1.232294221,0.061750719,-0.088190275,-0.081817784,0.089969585,-0.254828398,-1.410698999,0.078965592,-0.081617169,-0.198185924,-0.000001000,0.057273326,2.210500000,1.516705446,0.041000000,1.929410650,0.022489736,-2.210500000,-1.624637901,0.041000000,-1.931220000
-0.000325059,0.002064590,0.875303053,0.000018075,0.031696391,-0.000554347,0.999497389,0.059012100,-0.231067385,-1.234090094,0.061751984,-0.088312166,-0.081859916,0.090315233,-0.254775457,-1.412409090,0.078982807,-0.081717209,-0.198243382,-0.000001000,0.061377389,2.210500000,1.517228800,0.041000000,1.929087265,0.021884390,-2.210500000,-1.624412460,0.041000000,-1.931220000
-0.000682976,0.002423831,0.875181186,0.000144793,0.031351369,-0.000715922,0.999508158,0.060095043,-0.232144942,-1.237580155,0.061692226,-0.088547221,-0.081933472,0.091302442,-0.255719684,-1.415736539,0.078901449,-0.081902579,-0.198345928,-0.000001000,0.058290129,2.210500000,1.520654219,0.041000000,1.929567001,0.019012990,-2.210500000,-1.623320134,0.041000000,-1.931220000
-0.001047481,0.002790968,0.875058134,0.000272865,0.030999954,-0.000879670,0.999518962,0.061189826,-0.233239544,-1.241096941,0.061631506,-0.088784062,-0.082007523,0.092299771,-0.256679641,-1.419089502,0.078818536,-0.082089294,-0.198449185,-0.000001000,0.055089427,2.210500000,1.524125418,0.041000000,1.930059407,0.016105843,-2.210500000,-1.622214132,0.041000000,-1.931220000
-0.001021691,0.003079799,0.875079319,0.000145417,0.030640418,-0.000829466,0.999530117,0.062738618,-0.233806873,-1.244532309,0.061993699,-0.088979574,-0.082071385,0.093926110,-0.257117710,-1.422321324,0.079149263,-0.082239800,-0.198541935,-0.000001000,0.052248906,2.210500000,1.526522028,0.041000000,1.930105264,0.017345631,-2.210500000,-1.620887061,0.041000000,-1.931220000
-0.000990223,0.003367490,0.875102603,0.000014252,0.030280761,-0.000776149,0.999541131,0.064294015,-0.234366531,-1.247966492,0.062362045,-0.089174485,-0.082135099,0.095561599,-0.257548186,-1.425551383,0.079486009,-0.082389779,-0.198634531,-0.000001000,0.049413625,2.210500000,1.528903004,0.041000000,1.930144624,0.018645751,-2.210500000,-1.619556774,0.041000000,-1.931220000
-0.000770609,0.003577960,0.875056427,-0.000143230,0.029988455,-0.000664204,0.999550014,0.065536550,-0.234573243,-1.249601610,0.062641325,-0.089263625,-0.082167524,0.096907647,-0.257690590,-1.427075674,0.079732507,-0.082460810,-0.198688015,-0.000001000,0.048596143,2.210500000,1.529749205,0.041000000,1.930041862,0.022613925,-2.210500000,-1.618468806,0.041000000,-1.931220000
-0.000548518,0.003787413,0.875009337,-0.000301059,0.029697033,-0.000551486,0.999558748,0.066774965,-0.234775307,-1.251213031,0.062919432,-0.089351371,-0.082199537,0.098249882,-0.257829200,-1.428577497,0.079977815,-0.082530802,-0.198740983,-0.000001000,0.047805238,2.210500000,1.530575191,0.041000000,1.929937228,0.026617241,-2.210500000,-1.617384030,0.041000000,-1.931220000
-0.000249515,0.004013842,0.874951095,-0.000488540,0.029456907,-0.000435940,0.999565837,0.068038169,-0.234931980,-1.252810423,0.063204390,-0.089433307,-0.082218712,0.099629067,-0.257930586,-1.430081778,0.080244342,-0.082598700,-0.198781792,-0.000001000,0.048097296,2.210500000,1.531024830,0.041000000,1.929658407,0.032880815,-2.210500000,-1.616373055,0.041000000,-1.931220000
0.000050705,0.004240541,0.874892676,-0.000676491,0.029217591,-0.000320348,0.999572795,0.069301765,-0.235087935,-1.254407593,0.063489456,-0.089515151,-0.082237683,0.101008836,-0.258031383,-1.431586098,0.080511204,-0.082666566,-0.198822407,-0.000001000,0.048406504,2.210500000,1.531468510,0.041000000,1.929376828,0.039180185,-2.210500000,-1.615363248,0.041000000,-1.931220000
0.000298406,0.004371339,0.874822042,-0.000798731,0.029073598,-0.000216909,0.999576931,0.070302739,-0.235224190,-1.256058893,0.063721395,-0.089590960,-0.082252033,0.102121307,-0.258122865,-1.433161647,0.080750374,-0.082733910,-0.198858315,-0.000000063,0.049128920,2.210500000,1.531702036,0.041000000,1.929105741,0.046408282,-2.210500000,-1.614831998,0.041000000,-1.931220000
0.000545350,0.004500755,0.874751233,-0.000920024,0.028930979,-0.000113646,0.999580982,0.071299923,-0.235360162,-1.257710974,0.063952566,-0.089666682,-0.082266317,0.103229921,-0.258214213,-1.434738223,0.080989145,-0.082801247,-0.198894155,0.000000888,0.049857297,2.210500000,1.531932530,0.041000000,1.928834806,0.053649776,-2.210500000,-1.614307651,0.041000000,-1.931220000
0.000623708,0.004601089,0.874794027,-0.001010768,0.029203886,-0.000078298,0.999572961,0.071221368,-0.235473340,-1.259572734,0.064044519,-0.089739774,-0.082273018,0.103205206,-0.258295282,-1.436563413,0.081146940,-0.082868141,-0.198921053,0.000000011,0.051711597,2.210500000,1.532068757,0.041000000,1.928273427,0.057781051,-2.210500000,-1.615190788,0.041000000,-1.931220000
0.000699831,0.004701038,0.874838327,-0.001101108,0.029482302,-0.000043851,0.999564695,0.071128543,-0.235586217,-1.261437276,0.064134625,-0.089812831,-0.082279619,0.103165460,-0.258376215,-1.438391901,0.081303662,-0.082935029,-0.198947832,-0.000000891,0.053580831,2.210500000,1.532203733,0.041000000,1.927708196,0.061871072,-2.210500000,-1.616092594,0.041000000,-1.931220000
0.000672895,0.004619222,0.874821154,-0.001090555,0.029690162,-0.000021517,0.999558555,0.070996083,-0.235653750,-1.263315723,0.064233630,-0.089884352,-0.082296404,0.103083565,-0.258409017,-1.440229392,0.081452141,-0.083005037,-0.198986386,-0.000000949,0.054557106,2.210500000,1.532518310,0.041000000,1.927402488,0.064679621,-2.210500000,-1.617285505,0.041000000,-1.931220000
0.000644301,0.004534481,0.874802993,-0.001078380,0.029896886,0.000000623,0.999552406,0.070862985,-0.235720555,-1.265194393,0.064332779,-0.089955848,-0.082313353,0.103000992,-0.258441045,-1.442067027,0.081600488,-0.083075096,-0.199025129,-0.000000995,0.055519019,2.210500000,1.532835776,0.041000000,1.927100954,0.067467559,-2.210500000,-1.618483098,0.041000000,-1.931220000
0.000650551,0.004458462,0.874804070,-0.001030510,0.030027806,0.000049691,0.999548531,0.070939890,-0.235874867,-1.267024150,0.064411693,-0.090026287,-0.082326179,0.103135289,-0.258548014,-1.443845272,0.081706658,-0.083143680,-0.199065929,-0.000000060,0.054681994,2.210500000,1.533768026,0.041000000,1.926986059,0.070714791,-2.210500000,-1.619699662,0.041000000,-1.931220000
0.000657305,0.004382569,0.874805427,-0.000982123,0.030157628,0.000099149,0.999544668,0.071019837,-0.236030446,-1.268853199,0.064490314,-0.090096711,-0.082338944,0.103272729,-0.258656068,-1.445622656,0.081812216,-0.083212243,-0.199106758,0.000000888,0.053818908,2.210500000,1.534709182,0.041000000,1.926873868,0.073968676,-2.210500000,-1.620916502,0.041000000,-1.931220000
0.000689817,0.004318324,0.874849012,-0.000927984,0.030565202,0.000193749,0.999532326,0.070570322,-0.236202034,-1.270785203,0.064492880,-0.090169764,-0.082344583,0.102891162,-0.258779461,-1.447501995,0.081868254,-0.083279823,-0.199140418,0.000000947,0.052199463,2.210500000,1.536049920,0.041000000,1.926690394,0.077421550,-2.210500000,-1.622747061,0.041000000,-1.931220000
0.000722671,0.004254232,0.874893156,-0.000873768,0.030976447,0.000288946,0.999519691,0.070113801,-0.236373833,-1.272718569,0.064494438,-0.090242851,-0.082350128,0.102502726,-0.258903058,-1.449382682,0.081923637,-0.083347391,-0.199173982,0.000000994,0.050570009,2.210500000,1.537395947,0.041000000,1.926505978,0.080877057,-2.210500000,-1.624585742,0.041000000,-1.931220000
0.000728593,0.004176561,0.874908146,-0.000799581,0.031338348,0.000332838,0.999508458,0.069718818,-0.236571346,-1.274634703,0.064507724,-0.090313632,-0.082367307,0.102138052,-0.259043839,-1.451247637,0.081970121,-0.083414662,-0.199216026,0.000000997,0.048901059,2.210500000,1.538377254,0.041000000,1.926392229,0.084662806,-2.210500000,-1.626356674,0.041000000,-1.931220000
0.000734090,0.004098675,0.874922677,-0.000725080,0.031699466,0.000375921,0.999497112,0.069324806,-0.236769264,-1.276550565,0.064521195,-0.090384376,-0.082384670,0.101773751,-0.259184891,-1.453112344,0.082016464,-0.083481928,-0.199258204,0.000001000,0.047231487,2.210500000,1.539352807,0.041000000,1.926279596,0.088453764,-2.210500000,-1.628126537,0.041000000,-1.931220000
0.000655698,0.004127930,0.875012647,-0.000704071,0.031880593,0.000382098,0.999491364,0.069183560,-0.237012365,-1.278396665,0.064576049,-0.090453541,-0.082408437,0.101651472,-0.259364075,-1.454905253,0.082072648,-0.083545991,-0.199304168,0.000001000,0.045537216,2.210500000,1.539916372,0.041000000,1.926180595,0.090793003,-2.210500000,-1.629866064,0.041000000,-1.931220000
0.000576085,0.004158743,0.875103716,-0.000683841,0.032059101,0.000387738,0.999485666,0.069045992,-0.237256125,-1.280241751,0.064631506,-0.090522683,-0.082432297,0.101532713,-0.259543813,-1.456697119,0.082128975,-0.083610008,-0.199350188,0.000001000,0.043842586,2.210500000,1.540473943,0.041000000,1.926081792,0.093111122,-2.210500000,-1.631605149,0.041000000,-1.931220000
0.000380602,0.004121230,0.875156992,-0.000678465,0.032097319,0.000332665,0.999484463,0.069430987,-0.237571324,-1.283815561,0.064915636,-0.090672180,-0.082474364,0.101921004,-0.259708152,-1.460147716,0.082352563,-0.083746556,-0.199440869,0.000001000,0.042174586,2.210500000,1.540489035,0.041000000,1.926087140,0.091722251,-2.210500000,-1.635175893,0.041000000,-1.931220000
0.000183596,0.004082818,0.875209772,-0.000673284,0.032133693,0.000276794,0.999483314,0.069822848,-0.237887463,-1.287412087,0.065202771,-0.090822733,-0.082516671,0.102315957,-0.259872288,-1.463620110,0.082578348,-0.083884056,-0.199532137,0.000001000,0.040506935,2.210500000,1.540496998,0.041000000,1.926093856,0.090284669,-2.210500000,-1.638770706,0.041000000,-1.931220000
-0.000032596,0.004124130,0.875293490,-0.000728997,0.032117002,0.000226962,0.999483824,0.070338935,-0.238189853,-1.291006189,0.065512482,-0.090979177,-0.082553847,0.102836418,-0.260008502,-1.467093761,0.082810134,-0.084030905,-0.199620716,0.000001000,0.040312211,2.210500000,1.540053289,0.041000000,1.926009920,0.085131069,-2.210500000,-1.640942436,0.041000000,-1.931220000
-0.000249091,0.004166705,0.875377698,-0.000785675,0.032099470,0.000177226,0.999484355,0.070856989,-0.238492026,-1.294600252,0.065822552,-0.091135714,-0.082590942,0.103358866,-0.260144274,-1.470567431,0.083042015,-0.084177902,-0.199709252,0.000001000,0.040140814,2.210500000,1.539602427,0.041000000,1.925924549,0.079918619,-2.210500000,-1.643091628,0.041000000,-1.931220000
-0.000309938,0.004290508,0.875401223,-0.000809839,0.032210457,0.000223077,0.999480756,0.070925673,-0.238787500,-1.296447586,0.065909867,-0.091219347,-0.082607625,0.103468875,-0.260358674,-1.472353489,0.083105692,-0.084257864,-0.199751360,0.000001000,0.039990624,2.210500000,1.539697577,0.041000000,1.925825819,0.077995800,-2.210500000,-1.643807291,0.041000000,-1.931220000
-0.000368526,0.004415489,0.875423868,-0.000833532,0.032323310,0.000270316,0.999477081,0.070987834,-0.239082876,-1.298269561,0.065993949,-0.091301921,-0.082624012,0.103572896,-0.260574216,-1.474115046,0.083166928,-0.084336852,-0.199792794,0.000001000,0.039840741,2.210500000,1.539800653,0.041000000,1.925726895,0.076120738,-2.210500000,-1.644502143,0.041000000,-1.931220000
-0.000346975,0.004521000,0.875426227,-0.000892304,0.032410348,0.000320600,0.999474197,0.071532513,-0.239480031,-1.301760567,0.066332373,-0.091449094,-0.082671053,0.104206024,-0.260819847,-1.477482270,0.083430376,-0.084483435,-0.199881071,0.000001000,0.037930003,2.210500000,1.540352417,0.041000000,1.925693692,0.076854830,-2.210500000,-1.644413315,0.041000000,-1.931220000
-0.000324060,0.004626180,0.875428242,-0.000951673,0.032496948,0.000370936,0.999471313,0.072085397,-0.239878917,-1.305279954,0.066675122,-0.091597365,-0.082718614,0.104848150,-0.261065990,-1.480876797,0.083697263,-0.084631166,-0.199970144,0.000001000,0.035989322,2.210500000,1.540911811,0.041000000,1.925661606,0.077633289,-2.210500000,-1.644311162,0.041000000,-1.931220000
-0.000108569,0.004685076,0.875317492,-0.000950486,0.032517807,0.000422603,0.999470615,0.072690596,-0.240149657,-1.306988131,0.066841661,-0.091671224,-0.082742145,0.105525704,-0.261263309,-1.482510140,0.083821089,-0.084705678,-0.200012008,0.000001000,0.034403489,2.210500000,1.541542964,0.041000000,1.925732469,0.082053677,-2.210500000,-1.643766284,0.041000000,-1.931220000
0.000109967,0.004743242,0.875204959,-0.000948342,0.032537627,0.000474292,0.999469949,0.073296622,-0.240418371,-1.308667680,0.067005416,-0.091743907,-0.082765295,0.106203817,-0.261459856,-1.484115646,0.083942653,-0.084779033,-0.200053126,0.000001000,0.032823264,2.210500000,1.542175252,0.041000000,1.925804960,0.086531629,-2.210500000,-1.643214408,0.041000000,-1.931220000
0.000264184,0.004837358,0.875124351,-0.000957882,0.032436864,0.000539080,0.999473182,0.074453533,-0.240901518,-1.311985867,0.067344757,-0.091855145,-0.082796300,0.107458553,-0.261809647,-1.487291206,0.084236570,-0.084889242,-0.200124295,0.000001000,0.029505394,2.210500000,1.542447144,0.041000000,1.926034930,0.096883661,-2.210500000,-1.642825040,0.041000000,-1.931220000
0.000417450,0.004932006,0.875044215,-0.000967594,0.032334316,0.000604063,0.999476458,0.075618595,-0.241387838,-1.315328299,0.067686697,-0.091966953,-0.082827421,0.108721820,-0.262161706,-1.490489997,0.084533037,-0.084999997,-0.200195908,0.000001000,0.026161814,2.210500000,1.542713703,0.041000000,1.926267230,0.107322604,-2.210500000,-1.642438076,0.041000000,-1.931220000
0.000765295,0.004685345,0.874837832,-0.000790462,0.032328598,0.000699146,0.999476737,0.076469039,-0.241589466,-1.316998632,0.067833828,-0.092020608,-0.082848554,0.109647632,-0.262303684,-1.492049242,0.084663790,-0.085052140,-0.200235788,0.000001000,0.023547071,2.210500000,1.543337995,0.041000000,1.926690961,0.117341716,-2.210500000,-1.642271541,0.041000000,-1.931220000
0.001116479,0.004432828,0.874629283,-0.000610124,0.032324541,0.000794746,0.999476923,0.077314084,-0.241786209,-1.318640273,0.067977616,-0.092073266,-0.082869516,0.110567654,-0.262442058,-1.493580354,0.084791700,-0.085103277,-0.200275124,0.000001000,0.020944834,2.210500000,1.543968426,0.041000000,1.927117977,0.127353624,-2.210500000,-1.642108789,0.041000000,-1.931220000
0.001591917,0.004650017,0.874563985,-0.000612976,0.032327957,0.000942626,0.999476683,0.078301124,-0.242239789,-1.320172461,0.068042270,-0.092112783,-0.082886419,0.111661834,-0.262845139,-1.495005173,0.084856136,-0.085134128,-0.200310324,0.000001000,0.017902394,2.210500000,1.544828652,0.041000000,1.927218731,0.142153894,-2.210500000,-1.641456813,0.041000000,-1.931220000
0.002069360,0.004874791,0.874501001,-0.000618785,0.032331494,0.001091350,0.999476413,0.079290458,-0.242697516,-1.321702882,0.068105645,-0.092152087,-0.082903256,0.112758826,-0.263252494,-1.496428276,0.084919547,-0.085164652,-0.200345458,0.000001000,0.014852845,2.210500000,1.545692588,0.041000000,1.927314218,0.157031479,-2.210500000,-1.640796937,0.041000000,-1.931220000
0.002108279,0.005005478,0.874476483,-0.000628854,0.032252081,0.001157748,0.999478898,0.079876248,-0.243029690,-1.323315226,0.068214137,-0.092181486,-0.082912413,0.113398245,-0.263541437,-1.497945869,0.085055243,-0.085183062,-0.200376138,0.000001000,0.012185926,2.210500000,1.545597996,0.041000000,1.927553254,0.168195604,-2.210500000,-1.641312493,0.041000000,-1.931220000
0.002140858,0.005134804,0.874452522,-0.000638985,0.032171468,0.001222955,0.999481412,0.080456205,-0.243360049,-1.324928753,0.068323282,-0.092210741,-0.082921459,0.114031050,-0.263828668,-1.499464828,0.085191985,-0.085201298,-0.200406753,0.000001000,0.009524538,2.210500000,1.545489547,0.041000000,1.927794366,0.179306047,-2.210500000,-1.641845042,0.041000000,-1.931220000
0.001546307,0.004883997,0.874475144,-0.000584858,0.032510352,0.001203734,0.999470503,0.079337158,-0.243283299,-1.327018718,0.068428409,-0.092239095,-0.082921085,0.112895912,-0.263720166,-1.501469358,0.085401170,-0.085213746,-0.200430886,0.000001000,0.008210116,2.210500000,1.544394786,0.041000000,1.928171661,0.177786468,-2.210500000,-1.645706171,0.041000000,-1.931220000
0.000940975,0.004626656,0.874498568,-0.000529627,0.032856443,0.001183062,0.999459241,0.078188904,-0.243199550,-1.329116873,0.068533466,-0.092267433,-0.082920549,0.111730381,-0.263604860,-1.503482236,0.085611600,-0.085226094,-0.200454909,0.000001000,0.006918848,2.210500000,1.543283070,0.041000000,1.928551296,0.176049772,-2.210500000,-1.649624521,0.041000000,-1.931220000
0.000281336,0.004190062,0.874537788,-0.000435660,0.033860558,0.001137800,0.999425824,0.075550065,-0.242897052,-1.331618525,0.068552230,-0.092303581,-0.082932836,0.109045869,-0.263272759,-1.505900092,0.085769111,-0.085244284,-0.200488350,0.000001000,0.007129119,2.210500000,1.542577535,0.041000000,1.928827130,0.164041837,-2.210500000,-1.656452156,0.041000000,-1.931220000
-0.000379167,0.003750619,0.874577259,-0.000341077,0.034875099,0.001092146,0.999391024,0.072887528,-0.242591076,-1.334126593,0.068569623,-0.092339852,-0.082945327,0.106337206,-0.262937212,-1.508324386,0.085925780,-0.085262567,-0.200521941,0.000001000,0.007363263,2.210500000,1.541878458,0.041000000,1.929101314,0.151870602,-2.210500000,-1.663326045,0.041000000,-1.931220000
-0.000626971,0.003456484,0.874621347,-0.000249936,0.035729490,0.000962229,0.999361003,0.071086236,-0.242457913,-1.336435787,0.068586285,-0.092378949,-0.082991286,0.104445667,-0.262743704,-1.510544406,0.085975297,-0.085289299,-0.200580813,0.000001000,0.008505936,2.210500000,1.541526720,0.041000000,1.929270948,0.141040782,-2.210500000,-1.668557029,0.041000000,-1.931220000
-0.000868720,0.003164480,0.874665503,-0.000158846,0.036581505,0.000831076,0.999330315,0.069297581,-0.242327285,-1.338742063,0.068602936,-0.092418088,-0.083037736,0.102566116,-0.262552280,-1.512761429,0.086023242,-0.085316154,-0.200640056,0.000001000,0.009661940,2.210500000,1.541180078,0.041000000,1.929439048,0.130230643,-2.210500000,-1.673763908,0.041000000,-1.931220000
-0.000499893,0.003031000,0.874592202,-0.000041385,0.037231075,0.000832106,0.999306336,0.068748585,-0.242479726,-1.340724787,0.068600067,-0.092463697,-0.083088506,0.102016655,-0.262626908,-1.514613600,0.085980941,-0.085348875,-0.200700410,0.000001000,0.010277961,2.210500000,1.541570122,0.041000000,1.929584540,0.131257905,-2.210500000,-1.675366283,0.041000000,-1.931220000
-0.000120514,0.002900259,0.874516870,0.000076533,0.037877130,0.000835421,0.999282052,0.068221015,-0.242637060,-1.342701918,0.068596860,-0.092509418,-0.083139352,0.101490182,-0.262706134,-1.516459465,0.085937079,-0.085381698,-0.200760784,0.000001000,0.010884649,2.210500000,1.541972900,0.041000000,1.929729642,0.132489760,-2.210500000,-1.676906360,0.041000000,-1.931220000
-0.000046310,0.002688140,0.874515184,0.000181806,0.038109199,0.000742290,0.999273288,0.068209868,-0.242675380,-1.344551742,0.068671038,-0.092543880,-0.083180590,0.101414957,-0.262653628,-1.518168816,0.085948051,-0.085400264,-0.200813287,0.000001000,0.013774419,2.210500000,1.540745371,0.041000000,1.929893578,0.133747014,-2.210500000,-1.677209985,0.041000000,-1.931220000
0.000022994,0.002474714,0.874514680,0.000286877,0.038334619,0.000647610,0.999264707,0.068207011,-0.242711788,-1.346399523,0.068746459,-0.092578161,-0.083221674,0.101346977,-0.262599008,-1.519875975,0.085959902,-0.085418601,-0.200865665,0.000001000,0.016700840,2.210500000,1.539491669,0.041000000,1.930057817,0.135004675,-2.210500000,-1.677493760,0.041000000,-1.931220000
0.000202358,0.002281273,0.874496507,0.000404414,0.038288986,0.000768053,0.999266331,0.068885446,-0.242809933,-1.348057797,0.068813538,-0.092615818,-0.083259194,0.102088532,-0.262598993,-1.521343656,0.085941585,-0.085437588,-0.200917472,0.000001000,0.019963683,2.210500000,1.538372811,0.041000000,1.930172604,0.136585500,-2.210500000,-1.678045303,0.041000000,-1.931220000
0.000383319,0.002088121,0.874478077,0.000522132,0.038239417,0.000891618,0.999268072,0.069573772,-0.242908974,-1.349713320,0.068880496,-0.092653525,-0.083296663,0.102841839,-0.262599772,-1.522807862,0.085922829,-0.085456584,-0.200969272,0.000001000,0.023231410,2.210500000,1.537255910,0.041000000,1.930286674,0.138171016,-2.210500000,-1.678600734,0.041000000,-1.931220000
0.000197602,0.001861142,0.874507237,0.000669823,0.038033755,0.000850254,0.999275869,0.070169306,-0.242998066,-1.351406316,0.068909203,-0.092695377,-0.083328579,0.103390235,-0.262591379,-1.524316373,0.085875803,-0.085473783,-0.201014414,0.000001000,0.026168330,2.210500000,1.536040197,0.041000000,1.930509478,0.135290095,-2.210500000,-1.679489164,0.041000000,-1.931220000
0.000005626,0.001633585,0.874537210,0.000818025,0.037825427,0.000806075,0.999283703,0.070763256,-0.243086988,-1.353099952,0.068937257,-0.092737300,-0.083360401,0.103935133,-0.262582829,-1.525825641,0.085828294,-0.085490952,-0.201059443,0.000001000,0.029099604,2.210500000,1.534822798,0.041000000,1.930734138,0.132332947,-2.210500000,-1.680383276,0.041000000,-1.931220000
-0.000057215,0.001400636,0.874536707,0.000948484,0.037675289,0.000732165,0.999289316,0.071425836,-0.243120074,-1.354784846,0.068960781,-0.092782717,-0.083390633,0.104519732,-0.262522646,-1.527313737,0.085782304,-0.085506438,-0.201106533,0.000001000,0.029385356,2.210500000,1.534987646,0.041000000,1.930963341,0.130423000,-2.210500000,-1.680824875,0.041000000,-1.931220000
-0.000118014,0.001167602,0.874535722,0.001078663,0.037526069,0.000657784,0.999294850,0.072089500,-0.243152278,-1.356469601,0.068984234,-0.092828189,-0.083420839,0.105104958,-0.262461648,-1.528801499,0.085736338,-0.085521897,-0.201153655,0.000001000,0.029629293,2.210500000,1.535174342,0.041000000,1.931192615,0.128529605,-2.210500000,-1.681259322,0.041000000,-1.931220000
-0.000025371,0.001058528,0.874514518,0.001151250,0.037454105,0.000623748,0.999297491,0.072792290,-0.243226286,-1.358131666,0.068977166,-0.092876363,-0.083446925,0.105744956,-0.262448932,-1.530255752,0.085673642,-0.085535609,-0.201199601,0.000001000,0.028368862,2.210500000,1.536062452,0.041000000,1.931207159,0.130032879,-2.210500000,-1.680891647,0.041000000,-1.931220000
0.000069490,0.000951247,0.874493022,0.001223005,0.037383258,0.000590295,0.999300079,0.073495646,-0.243300898,-1.359793402,0.068969656,-0.092924576,-0.083472951,0.106385746,-0.262436915,-1.531709520,0.085610705,-0.085549296,-0.201245530,0.000001000,0.027086683,2.210500000,1.536960702,0.041000000,1.931218599,0.131585256,-2.210500000,-1.680512376,0.041000000,-1.931220000
0.000196604,0.000959951,0.874465247,0.001234190,0.037317590,0.000597336,0.999302515,0.074610295,-0.243488482,-1.363124726,0.068960073,-0.093013809,-0.083516968,0.107442130,-0.262476658,-1.534613940,0.085536398,-0.085563522,-0.201327941,0.000001000,0.024703383,2.210500000,1.537958293,0.041000000,1.931219386,0.138162784,-2.210500000,-1.679802057,0.041000000,-1.931220000
0.000324278,0.000970671,0.874437362,0.001244322,0.037252011,0.000605080,0.999304945,0.075732091,-0.243678029,-1.366485062,0.068950454,-0.093103756,-0.083561298,0.108505736,-0.262517300,-1.537543568,0.085461894,-0.085577758,-0.201410986,0.000001000,0.022300949,2.210500000,1.538957611,0.041000000,1.931219988,0.144827633,-2.210500000,-1.679085985,0.041000000,-1.931220000
0.000319910,0.000992018,0.874380373,0.001236531,0.037193185,0.000576283,0.999307163,0.076259220,-0.243776492,-1.368210041,0.068973803,-0.093145238,-0.083584236,0.108980611,-0.262543169,-1.539052019,0.085456043,-0.085581350,-0.201454233,0.000001000,0.021343376,2.210500000,1.539145803,0.041000000,1.931219998,0.147190188,-2.210500000,-1.679086578,0.041000000,-1.931220000
0.000313463,0.001013532,0.874322927,0.001228459,0.037134465,0.000546910,0.999309373,0.076776987,-0.243873522,-1.369909274,0.068997671,-0.093185957,-0.083606838,0.109446216,-0.262568806,-1.540538095,0.085451272,-0.085584774,-0.201496853,0.000001000,0.020408551,2.210500000,1.539321225,0.041000000,1.931220000,0.149485008,-2.210500000,-1.679098455,0.041000000,-1.931220000
0.000090325,0.001031336,0.874314736,0.001178317,0.037112427,0.000426361,0.999310311,0.076960333,-0.243884078,-1.371721642,0.069061576,-0.093219291,-0.083629264,0.109517192,-0.262507977,-1.542152401,0.085496802,-0.085581263,-0.201534322,0.000001000,0.021553572,2.210500000,1.538643652,0.041000000,1.931220000,0.146435179,-2.210500000,-1.679773682,0.041000000,-1.931220000
-0.000135967,0.001049085,0.874307263,0.001127563,0.037090921,0.000304486,0.999311213,0.077138814,-0.243893375,-1.373535656,0.069126064,-0.093252519,-0.083651688,0.109582426,-0.262445890,-1.543768572,0.085543064,-0.085577651,-0.201571717,0.000001000,0.022728852,2.210500000,1.537953669,0.041000000,1.931220000,0.143307591,-2.210500000,-1.680458560,0.041000000,-1.931220000
-0.000234786,0.001101082,0.874207143,0.001084935,0.037071232,0.000228914,0.999312010,0.077460197,-0.243972373,-1.375351896,0.069199731,-0.093283621,-0.083682210,0.109830717,-0.262451738,-1.545374812,0.085583630,-0.085575546,-0.201611947,0.000001000,0.024294724,2.210500000,1.537518092,0.041000000,1.931220000,0.139490555,-2.210500000,-1.680663261,0.041000000,-1.931220000
-0.000331439,0.001153661,0.874105448,0.001042445,0.037051573,0.000154130,0.999312799,0.077784010,-0.244052557,-1.377168174,0.069273554,-0.093314687,-0.083712871,0.110082120,-0.262458742,-1.546980882,0.085624099,-0.085573466,-0.201652225,0.000001000,0.025867238,2.210500000,1.537086840,0.041000000,1.931220000,0.135661796,-2.210500000,-1.680859797,0.041000000,-1.931220000
-0.000270097,0.001147328,0.873772930,0.001042426,0.037068159,0.000155623,0.999312184,0.078239423,-0.244158195,-1.378998921,0.069364308,-0.093335063,-0.083739648,0.110518610,-0.262494063,-1.548569328,0.085688739,-0.085561679,-0.201691957,0.000001000,0.026892908,2.210500000,1.537068542,0.041000000,1.931220000,0.136090986,-2.210500000,-1.679604991,0.041000000,-1.931220000
-0.000206214,0.001140049,0.873436699,0.001043091,0.037085327,0.000158343,0.999311546,0.078696953,-0.244264244,-1.380829900,0.069455335,-0.093355266,-0.083766363,0.110958077,-0.262529840,-1.550157491,0.085753768,-0.085549735,-0.201731680,0.000001000,0.027909781,2.210500000,1.537056887,0.041000000,1.931220000,0.136588664,-2.210500000,-1.678326840,0.041000000,-1.931220000
-0.000339307,0.001174443,0.872751941,0.001019924,0.037048852,0.000127136,0.999312927,0.079000293,-0.244397341,-1.382743858,0.069588082,-0.093339338,-0.083787887,0.111226957,-0.262607222,-1.551803266,0.085887325,-0.085504822,-0.201768625,0.000001000,0.031035171,2.210500000,1.536003925,0.041000000,1.931220000,0.135984029,-2.210500000,-1.676957800,0.041000000,-1.931220000
-0.000475241,0.001209438,0.872062156,0.000996413,0.037011602,0.000095439,0.999314335,0.079301409,-0.244530828,-1.384659012,0.069721430,-0.093322888,-0.083809337,0.111493376,-0.262685204,-1.553449873,0.086021870,-0.085459433,-0.201805530,0.000001000,0.034190976,2.210500000,1.534935942,0.041000000,1.931220000,0.135363494,-2.210500000,-1.675587449,0.041000000,-1.931220000
-0.000543106,0.000975796,0.870295990,0.001014455,0.037048239,0.000078068,0.999312960,0.079437885,-0.244389498,-1.386504123,0.069993299,-0.093229214,-0.083817173,0.111635234,-0.262560001,-1.554911349,0.086386705,-0.085348648,-0.201829949,0.000001000,0.042876781,2.210500000,1.532688909,0.041000000,1.931220000,0.139825160,-2.210500000,-1.674934338,0.041000000,-1.931220000
-0.000609808,0.000737561,0.868511421,0.001033207,0.037086140,0.000060943,0.999311537,0.079571546,-0.244243468,-1.388348036,0.070267536,-0.093134220,-0.083824777,0.111774962,-0.262431325,-1.556369659,0.086755477,-0.085236745,-0.201854155,0.000001000,0.051657134,2.210500000,1.530421718,0.041000000,1.931220000,0.144373719,-2.210500000,-1.674293490,0.041000000,-1.931220000
-0.000999320,-0.000177154,0.863588475,0.001429728,0.037181905,0.000108844,0.999307485,0.078234308,-0.243621978,-1.387295792,0.070284464,-0.093240311,-0.083745324,0.110476972,-0.262246121,-1.554535339,0.087392543,-0.085396797,-0.201792443,0.000001000,0.075366430,2.210500000,1.525868629,0.041000000,1.931220000,0.179140665,-2.210500000,-1.686415401,0.041000000,-1.924096626
-0.001393924,-0.001102540,0.858616022,0.001832209,0.037278576,0.000157771,0.999303220,0.076873867,-0.242992986,-1.386197861,0.070297333,-0.093349574,-0.083664499,0.109156302,-0.262060025,-1.552649077,0.088033842,-0.085561138,-0.201729376,0.000001000,0.099311229,2.210500000,1.521279480,0.041000000,1.931220000,0.214384306,-2.210500000,-1.698738644,0.041000000,-1.916860881
-0.001867224,-0.000668033,0.849217382,0.001368352,0.037922125,0.000618327,0.999279569,0.073254282,-0.242175637,-1.382957932,0.070073253,-0.094700819,-0.083599707,0.106225772,-0.261949858,-1.549120570,0.088647679,-0.086942709,-0.201714687,0.000001000,0.125716955,2.197202161,1.506841504,0.041000000,1.931220000,0.276965220,-2.156198340,-1.697973077,0.041000000,-1.900787867
-0.002341979,-0.000208386,0.839736922,0.000888480,0.038575750,0.001086491,0.999254693,0.069592935,-0.241354805,-1.379678408,0.069844793,-0.096075023,-0.083535212,0.103265483,-0.261841094,-1.545561706,0.089261008,-0.088346781,-0.201700892,0.000001000,0.152168172,2.183658504,1.492221468,0.041000000,1.931220000,0.340051477,-2.100892885,-1.696965556,0.041000000,-1.884551492
-0.005884774,0.000409192,0.828508832,0.000431731,0.040699413,0.002349009,0.999168581,0.058995280,-0.240786411,-1.379487525,0.068551041,-0.098097581,-0.083645652,0.094031174,-0.261941541,-1.545157324,0.089023978,-0.090306023,-0.201873173,0.000001000,0.144450192,2.089455053,1.491274906,0.041000000,1.931220000,0.378841799,-2.036559292,-1.684318043,0.041000000,-1.882361681
-0.009480024,0.001029472,0.817250863,-0.000024625,0.042847948,0.003625093,0.999075028,0.048279033,-0.240222334,-1.379349451,0.067239076,-0.100131225,-0.083759083,0.084689595,-0.262045565,-1.544806876,0.088772408,-0.092274757,-0.202048636,0.000001000,0.136148008,1.993872529,1.490562125,0.041000000,1.931220000,0.417216723,-1.972071341,-1.671471516,0.041000000,-1.880412030
-0.014128152,-0.000254988,0.806470349,0.000131176,0.044790938,0.003720519,0.998989446,0.036507296,-0.238466346,-1.380057207,0.065780983,-0.102775880,-0.083827955,0.073699665,-0.260954671,-1.545431282,0.088419431,-0.094823709,-0.202205251,0.000001000,0.135838529,1.909300652,1.488273242,0.041000000,1.931220000,0.430444572,-1.908267695,-1.664477367,0.041000000,-1.881633006
-0.018792954,-0.001569612,0.795697396,0.000296671,0.046730505,0.003797233,0.998900272,0.024718843,-0.236691482,-1.380778357,0.064320576,-0.105430212,-0.083896121,0.062683630,-0.259844853,-1.546071126,0.088064848,-0.097381850,-0.202361568,0.000001000,0.135655630,1.824903148,1.485959398,0.041000000,1.931220000,0.443274169,-1.844474887,-1.657575901,0.041000000,-1.882904194
-0.021032778,-0.003963283,0.790586862,0.001362249,0.048184403,0.004201154,0.998828693,0.016398950,-0.234912278,-1.381165706,0.062850322,-0.108234971,-0.083840478,0.054913403,-0.258604767,-1.546378867,0.087454316,-0.100146785,-0.202356458,0.000001000,0.141650745,1.760533192,1.480194285,0.041000000,1.931220000,0.445446042,-1.789980980,-1.652046327,0.041000000,-1.884977953
-0.023228076,-0.006376766,0.785580296,0.002444350,0.049629220,0.004611069,0.998754076,0.008142742,-0.233132995,-1.381546926,0.061379887,-0.111042492,-0.083782562,0.047202772,-0.257362289,-1.546680510,0.086839085,-0.102915517,-0.202348384,0.000001000,0.147759296,1.696530963,1.474365803,0.041000000,1.931220000,0.447422228,-1.735657811,-1.646541942,0.041000000,-1.887066447
-0.009502433,-0.004588897,0.818555903,0.002707228,0.049269779,0.003514387,0.998775655,0.030250207,-0.232165633,-1.370693569,0.055194753,-0.123698631,-0.084330339,0.065745842,-0.256380212,-1.535890283,0.081066725,-0.116575778,-0.203083096,0.000001000,0.211926749,1.166300620,1.383694529,0.041000000,1.931220000,0.376126945,-1.087852403,-1.359940796,0.041000000,-1.908434876
0.004493441,-0.002729718,0.852176192,0.002956198,0.048879643,0.002392128,0.998797436,0.052873043,-0.231212052,-1.359649524,0.048929594,-0.136521934,-0.084888396,0.084734525,-0.255402555,-1.524911791,0.075206832,-0.130420905,-0.203830416,0.000001000,0.277079652,0.628156854,1.291583194,0.041000000,1.931220000,0.303588005,-0.429973654,-1.068568514,0.041000000,-1.930130549
0.003694711,-0.009129800,0.868199761,0.003803423,0.049721437,0.001304992,0.998755030,0.058366145,-0.225948271,-1.390391000,0.052178384,-0.138653714,-0.086876633,0.088237942,-0.245782924,-1.552227792,0.072506201,-0.131409682,-0.205273995,0.000001000,0.285234116,0.394269901,1.033116770,0.041000000,1.931220000,0.344638441,-0.088898273,-1.048235846,0.041000000,-1.930841007
0.002657557,-0.015662985,0.883939749,0.004660279,0.050582953,0.000218419,0.998708966,0.063583190,-0.220615029,-1.421805875,0.055580497,-0.140613193,-0.088887918,0.091491806,-0.236024022,-1.580160931,0.069856483,-0.132191271,-0.206728794,0.000001000,0.292470015,0.165286226,0.771969435,0.041000000,1.931220000,0.387519438,0.247071633,-1.032271142,0.041000000,-1.931213277
0.001387692,-0.010291309,0.871976242,-0.000478990,0.053211853,0.000981277,0.998582649,0.055562654,-0.217039467,-1.424119992,0.056733883,-0.140545474,-0.088755821,0.084817249,-0.232850399,-1.582152326,0.071373305,-0.132068373,-0.206647322,0.000001000,0.322675302,0.047816559,0.733692255,0.097872163,1.931220000,0.374351593,0.227161300,-1.035644877,0.041000000,-1.925427081
0.000113548,-0.004700676,0.859503208,-0.005728527,0.055871402,0.001778115,0.998419956,0.047298650,-0.213496233,-1.425898883,0.057845911,-0.140440471,-0.088584302,0.077960087,-0.229797895,-1.583666596,0.072966760,-0.131928839,-0.206537595,0.000001000,0.353303044,-0.067602125,0.699514139,0.155790328,1.931220000,0.360152889,0.200705561,-1.039374288,0.041000000,-1.919527618
-0.003059864,-0.004180105,0.852732242,-0.003081015,0.057542794,0.001371717,0.998337344,0.037782162,-0.218267722,-1.425515697,0.054176116,-0.141793450,-0.088300580,0.068374448,-0.235075148,-1.583424440,0.070007872,-0.133083522,-0.206304497,0.000001000,0.377160573,-0.148372775,0.682380469,0.248961487,1.931220000,0.308117339,0.215857080,-1.021972041,0.107516533,-1.924938575
-0.006265690,-0.003746060,0.846058590,-0.000298699,0.059196732,0.000944769,0.998245844,0.028244298,-0.223181114,-1.425095613,0.050424712,-0.143171310,-0.088014942,0.058742244,-0.240494560,-1.583152309,0.066971293,-0.134260292,-0.206069294,0.000001000,0.400902560,-0.228552108,0.665537685,0.342734286,1.931220000,0.255436052,0.231718684,-1.004209153,0.175168262,-1.930542561
-0.007355393,-0.002575468,0.848391284,-0.000159344,0.060168596,0.000729925,0.998187949,0.023577089,-0.224833625,-1.421712209,0.049060842,-0.146499199,-0.087970177,0.053572976,-0.242345645,-1.579675968,0.065838377,-0.137745651,-0.205976811,0.000001000,0.417289886,-0.243529044,0.627610877,0.475321149,1.931220000,0.256147461,0.210603604,-1.005579053,0.298438007,-1.922459017
-0.008411387,-0.001393142,0.850867447,-0.000062090,0.061129540,0.000518460,0.998129704,0.018987469,-0.226434190,-1.418281601,0.047735004,-0.149858150,-0.087929250,0.048474802,-0.244139886,-1.576148584,0.064735786,-0.141267785,-0.205886601,0.000001000,0.433560055,-0.257467320,0.589348206,0.608526311,1.931220000,0.257709404,0.188899492,-1.007253734,0.422593734,-1.914157433
-0.007638437,-0.000657540,0.852374250,-0.000078218,0.061274143,0.000448870,0.998120870,-0.034016742,-0.215467678,-1.179611222,0.076203489,-0.323727076,-0.088826971,-0.012196536,-0.236369548,-1.313665059,0.092550589,-0.335089541,-0.207555449,0.000001000,0.440419712,-0.141000937,0.153886047,0.672258026,1.931220000,0.263312006,0.125070723,-0.890064994,0.627512701,-1.906429698
-0.006832133,0.000069916,0.853863375,-0.000096413,0.061403857,0.000381868,0.998112925,-0.087903872,-0.204271985,-0.936650866,0.105215321,-0.500705528,-0.089741810,-0.073881341,-0.228424784,-1.046459049,0.120892748,-0.532381719,-0.209256375,0.000001000,0.447107752,-0.022156415,-0.288819687,0.734722780,1.931220000,0.268988297,0.060473743,-0.770708587,0.833904517,-1.898712428
-0.006538903,-0.000000181,0.854831589,-0.000094634,0.061076617,0.000307134,0.998133029,-0.087395633,-0.202846716,-0.930632591,0.103776595,-0.503918354,-0.089764041,-0.073687820,-0.226926126,-1.039972194,0.119254516,-0.535980764,-0.209286437,0.000001000,0.461772587,0.012585428,-0.352175887,0.669822188,1.931220000,0.263848691,0.030344048,-0.692983011,0.874660413,-1.902615789
-0.006254429,-0.000083889,0.855790913,-0.000092514,0.060741571,0.000232269,0.998153495,-0.085959062,-0.201588193,-0.928658059,0.101818188,-0.504165630,-0.089771038,-0.072438260,-0.225537480,-1.037934869,0.117104627,-0.536274171,-0.209287984,0.000001000,0.476573557,0.045891944,-0.409057966,0.602747932,1.931220000,0.258524497,0.000802585,-0.615967923,0.912589505,-1.906717472
-0.005882242,-0.000115977,0.855794799,-0.000139830,0.058470011,0.000704391,0.998288907,-0.080572335,-0.200756730,-0.926019171,0.100965043,-0.504670474,-0.089770582,-0.066776495,-0.224635367,-1.035147729,0.116100864,-0.536825600,-0.209288000,0.000001000,0.486935383,0.087580836,-0.421236904,0.579284841,1.931220000,0.245437722,-0.005563394,-0.558449237,0.936613245,-1.907919703
-0.005508671,-0.000147251,0.855783613,-0.000187925,0.056167581,0.001185138,0.998420634,-0.075123295,-0.199932004,-0.923369804,0.100129333,-0.505179381,-0.089770009,-0.061045126,-0.223740929,-1.032348760,0.115115181,-0.537381100,-0.209287993,0.000001000,0.497227181,0.129401961,-0.432710651,0.556509714,1.931220000,0.232228491,-0.011563781,-0.501238105,0.960417629,-1.909076194
-0.005236245,-0.000238930,0.855633680,-0.000035046,0.054968461,0.001228456,0.998487335,-0.072060197,-0.199273866,-0.920822643,0.098934547,-0.506315312,-0.089769664,-0.058115131,-0.223107997,-1.029579020,0.114057768,-0.538879885,-0.209288684,0.000001000,0.480052100,0.158300717,-0.408878667,0.591432877,1.929506309,0.226707682,-0.010573185,-0.452140518,0.972948837,-1.908000165
-0.004965669,-0.000331714,0.855481209,0.000121510,0.053789455,0.001263769,0.998551492,-0.069040760,-0.198618776,-0.918277353,0.097733191,-0.507462715,-0.089769324,-0.055236397,-0.222479851,-1.026809814,0.112999042,-0.540395932,-0.209289388,0.000001000,0.462374407,0.186963010,-0.384400628,0.627411850,1.927761260,0.221327562,-0.009454664,-0.403191399,0.985273760,-1.906883282
-0.004801037,-0.000458639,0.855671109,0.000192736,0.053334586,0.001117199,0.998576055,-0.067523476,-0.197611086,-0.916468249,0.096044592,-0.507834632,-0.089772253,-0.054029451,-0.221497222,-1.024777461,0.111518029,-0.541233296,-0.209292255,0.000001000,0.446920361,0.210749799,-0.349152768,0.661893995,1.928667472,0.223660920,-0.007739982,-0.347459321,0.979735707,-1.905263601
-0.004638246,-0.000586157,0.855866959,0.000262480,0.052892288,0.000967469,0.998599720,-0.066032294,-0.196597269,-0.914671938,0.094347528,-0.508193073,-0.089775239,-0.052851556,-0.220508432,-1.022757911,0.110029679,-0.542058868,-0.209295159,0.000001000,0.431504955,0.234451868,-0.313717762,0.696350130,1.929619755,0.226128315,-0.006014941,-0.291609377,0.973887253,-1.903635183
-0.004528840,-0.000745869,0.857099004,0.000653185,0.050854832,0.000582537,0.998705672,-0.060367146,-0.196450831,-0.914911192,0.092160476,-0.504608008,-0.089787738,-0.047724843,-0.220302897,-1.022660037,0.108011948,-0.539091430,-0.209302162,0.000001000,0.432967006,0.264333117,-0.285207680,0.639769832,1.930374911,0.250740039,-0.007581100,-0.226430868,0.895327812,-1.906590949
-0.004420275,-0.000906089,0.858347362,0.001048940,0.048792031,0.000193899,0.998808390,-0.054636282,-0.196318049,-0.915182495,0.089965709,-0.500960856,-0.089800387,-0.042535959,-0.220109694,-1.022592417,0.105985883,-0.536064275,-0.209309230,0.000001000,0.434694777,0.294311651,-0.256806624,0.581756253,1.931126963,0.275700405,-0.009199076,-0.161105490,0.815623607,-1.909618888
-0.004346822,-0.000895506,0.858279875,0.000987864,0.047690115,0.000109712,0.998861685,-0.050495176,-0.195310315,-0.917973894,0.086354436,-0.492485045,-0.089813343,-0.038718731,-0.219028196,-1.024819896,0.102719412,-0.528418334,-0.209319359,0.000001000,0.455355106,0.294250992,-0.189019258,0.401017898,1.931179572,0.328027512,-0.054132197,-0.003780707,0.553782982,-1.915709307
-0.004274025,-0.000881739,0.858187859,0.000918272,0.046606056,0.000031200,0.998912925,-0.046383705,-0.194286271,-0.920812271,0.082716757,-0.483919222,-0.089826305,-0.034927072,-0.217930139,-1.027090158,0.099429818,-0.520686293,-0.209329545,0.000001000,0.476368358,0.293630368,-0.120497687,0.217991814,1.931219143,0.380864765,-0.099872762,0.155259048,0.288547127,-1.921856815
-0.004154277,-0.001096518,0.859102997,0.001333687,0.044645204,0.000100180,0.999002011,-0.041235193,-0.194790020,-0.922002315,0.081678087,-0.479183004,-0.089855143,-0.029907632,-0.218336920,-1.027766519,0.098461733,-0.516702203,-0.209347855,0.000001000,0.509003411,0.294986956,-0.094466004,0.133646769,1.931219894,0.406402307,-0.139238403,0.194068712,0.170497037,-1.926287452
-0.004033734,-0.001315170,0.860035198,0.001757313,0.042669316,0.000171659,0.999087690,-0.036069111,-0.195319653,-0.923164432,0.080683450,-0.474511668,-0.089884250,-0.024867390,-0.218769196,-1.028415876,0.097532979,-0.512781611,-0.209366303,0.000001000,0.541835363,0.296377043,-0.069154197,0.050973604,1.931219989,0.431477330,-0.178496037,0.230841407,0.054940606,-1.930689002
-0.003654546,-0.001504223,0.860934936,0.001797788,0.040958735,0.000341222,0.999159163,-0.030301940,-0.194929273,-0.927083322,0.078315217,-0.465431694,-0.089936851,-0.019158347,-0.218182812,-1.031692819,0.095209822,-0.504533597,-0.209404935,0.000001000,0.580823281,0.293714365,-0.053566842,0.045635038,1.931219995,0.435443977,-0.205828983,0.255846597,0.047478626,-1.930973229
-0.003271302,-0.001692812,0.861834165,0.001832250,0.039252197,0.000512321,0.999227524,-0.024525344,-0.194524466,-0.931045445,0.075925443,-0.456282582,-0.089989821,-0.013438815,-0.217580454,-1.035010969,0.092864798,-0.496217719,-0.209443884,0.000001000,0.619907738,0.290988131,-0.038131987,0.041509245,1.931219999,0.439079601,-0.232974925,0.280667249,0.041711797,-1.931192888
-0.002903190,-0.001566307,0.861144612,0.001695516,0.038523609,0.000476996,0.999256138,-0.020975417,-0.194465433,-0.935789343,0.073932677,-0.445560321,-0.090034984,-0.010124863,-0.217455434,-1.038794686,0.091277475,-0.486807600,-0.209478597,0.000001000,0.636929247,0.278180422,-0.034852793,0.041231888,1.931220000,0.444003396,-0.252253281,0.288329486,0.041324121,-1.931207654
-0.002535357,-0.001434018,0.860425887,0.001555637,0.037812959,0.000437880,0.999283528,-0.017466374,-0.194412749,-0.940547595,0.071947200,-0.434809174,-0.090080003,-0.006855079,-0.217339178,-1.042586951,0.089704064,-0.477377389,-0.209513233,0.000001000,0.653545657,0.265187606,-0.031796790,0.041025193,1.931220000,0.448950843,-0.271387180,0.295676676,0.041035213,-1.931218659
-0.002717627,-0.000781304,0.858640778,0.001100165,0.037621612,0.000415269,0.999291365,-0.018102565,-0.194601932,-0.938321030,0.073387109,-0.435072924,-0.089997132,-0.007582005,-0.217790906,-1.039969536,0.091690463,-0.478472681,-0.209443704,0.000001000,0.656073923,0.236238275,-0.045201718,0.041011581,1.920469925,0.441869888,-0.279421443,0.291035202,0.102509272,-1.929730854
-0.002909235,-0.000119758,0.856837568,0.000639336,0.037439070,0.000392937,0.999298630,-0.018809115,-0.194795220,-0.935975909,0.074885158,-0.435523633,-0.089912090,-0.008376769,-0.218252274,-1.037243328,0.093737284,-0.479746625,-0.209372407,0.000001000,0.658363066,0.207018110,-0.058886041,0.041001248,1.909537386,0.434584771,-0.287267308,0.286190241,0.165031652,-1.928217609
-0.002886893,0.000083630,0.855791943,0.000395308,0.037595149,0.000356656,0.999292911,-0.019963699,-0.194529358,-0.933035743,0.076041783,-0.438772718,-0.089883819,-0.009603705,-0.218232732,-1.034241160,0.095320016,-0.483328545,-0.209352009,0.000001000,0.632516393,0.182277293,-0.064257302,0.148564968,1.919573688,0.420396120,-0.280371325,0.279670196,0.278144868,-1.927931417
-0.002861175,0.000279791,0.854758268,0.000154699,0.037756567,0.000320155,0.999286903,-0.021125351,-0.194256253,-0.930086191,0.077193022,-0.442065948,-0.089856444,-0.010837459,-0.218205604,-1.031234639,0.096895428,-0.486946873,-0.209332414,0.000001000,0.606225877,0.157607138,-0.069497423,0.257825668,1.929940773,0.406098566,-0.273242790,0.273123727,0.392056154,-1.927664581
-0.002757621,0.000347010,0.854689220,0.000024356,0.037997598,0.000279049,0.999277791,-0.022276060,-0.193870553,-0.926990325,0.078016147,-0.445799370,-0.089859692,-0.012074737,-0.218007870,-1.028245228,0.097994923,-0.490795915,-0.209339753,0.000001000,0.575713917,0.134708229,-0.060449087,0.390242370,1.930637367,0.382573586,-0.261321841,0.261442403,0.509623103,-1.929321532
-0.002652640,0.000411865,0.854637853,-0.000103967,0.038240085,0.000237859,0.999268547,-0.023426569,-0.193482788,-0.923891777,0.078833257,-0.449540860,-0.089863501,-0.013312079,-0.217807010,-1.025256130,0.099085695,-0.494649185,-0.209347586,0.000001000,0.545124578,0.111841788,-0.051138844,0.523083520,1.931156701,0.358879469,-0.249313047,0.249666958,0.627257061,-1.931013746
-0.002708156,0.000341746,0.855201840,-0.000721427,0.037821522,0.000845807,0.999283892,-0.023739009,-0.191397839,-0.919178620,0.079411052,-0.454425377,-0.089898609,-0.012826633,-0.215695806,-1.022029172,0.098955407,-0.497597838,-0.209386749,0.000001000,0.531083232,0.106408527,-0.048723093,0.592758552,1.931190854,0.333497542,-0.233917872,0.251248829,0.742524378,-1.931125029
-0.002766396,0.000269336,0.855776271,-0.001347189,0.037391702,0.001464771,0.999298704,-0.024037225,-0.189284083,-0.914438057,0.079984784,-0.459329296,-0.089934250,-0.012311946,-0.213552178,-1.018798176,0.098804393,-0.500531136,-0.209426445,0.000001000,0.517322760,0.101271164,-0.046424363,0.661361448,1.931216771,0.308086967,-0.218465218,0.253057416,0.857751526,-1.931209479
-0.002659344,0.000209652,0.856559446,-0.001285747,0.037196774,0.001262293,0.999306336,-0.023303652,-0.188751878,-0.913174387,0.079051742,-0.458922934,-0.089964291,-0.011483451,-0.212946923,-1.018713233,0.097307946,-0.498570439,-0.209455287,0.000001000,0.518809838,0.122158998,-0.146152594,0.580239799,1.931218542,0.308505872,-0.215187487,0.308222369,0.838921151,-1.930120277
-0.002549058,0.000150217,0.857346706,-0.001210859,0.037006440,0.001043744,0.999313748,-0.022549892,-0.188250617,-0.911978744,0.078089219,-0.458412675,-0.089994223,-0.010648816,-0.212371767,-1.018689845,0.095785175,-0.496513990,-0.209483917,0.000001000,0.520595241,0.143556026,-0.247877030,0.496188721,1.931219840,0.309430143,-0.212147964,0.364431264,0.817467880,-1.929008111
-0.002443247,0.000098432,0.857603694,-0.001145222,0.036440135,0.000905400,0.999334771,-0.020491755,-0.187883297,-0.912763496,0.076477904,-0.453287794,-0.089972692,-0.008406536,-0.212033732,-1.020881384,0.093836785,-0.489531305,-0.209462649,0.000001000,0.529511127,0.179704699,-0.409464396,0.316580769,1.931219930,0.341897018,-0.245840336,0.499126088,0.596784251,-1.922110115
-0.002337518,0.000046788,0.857850863,-0.001079755,0.035866855,0.000768541,0.999355699,-0.018409465,-0.187518458,-0.913584919,0.074854575,-0.448077465,-0.089950207,-0.006138191,-0.211700089,-1.023113936,0.091880514,-0.482457403,-0.209440457,0.000001000,0.538559045,0.216126523,-0.572160221,0.135203425,1.931219999,0.374947956,-0.280212859,0.635274206,0.372411547,-1.915104984
-0.002363387,0.000047593,0.857586417,-0.000893538,0.035482338,0.000631816,0.999369704,-0.018037177,-0.187498844,-0.910543918,0.074811821,-0.448755310,-0.089933494,-0.005878208,-0.211953388,-1.020680275,0.092181816,-0.482722774,-0.209421308,0.000001000,0.515157893,0.206094148,-0.584508696,0.163743824,1.931204866,0.392223160,-0.276646213,0.660730792,0.289161689,-1.902387009
-0.002391493,0.000049290,0.857313273,-0.000705267,0.035101023,0.000495093,0.999383398,-0.017693967,-0.187485100,-0.907437240,0.074795944,-0.449533279,-0.089916878,-0.005652376,-0.212216668,-1.018167268,0.092521508,-0.483112944,-0.209402212,0.000001000,0.491204968,0.195271852,-0.594300618,0.195853729,1.931189475,0.409230108,-0.272434439,0.684305145,0.208311529,-1.889571891
-0.002419600,0.000050987,0.857040128,-0.000516996,0.034719701,0.000358370,0.999396891,-0.017350757,-0.187471357,-0.904330561,0.074780067,-0.450311249,-0.089900263,-0.005426544,-0.212479948,-1.015654261,0.092861199,-0.483503115,-0.209383115,0.000001000,0.467252042,0.184449555,-0.604092540,0.227963634,1.931174084,0.426237056,-0.268222664,0.707879497,0.127461368,-1.876756773
-0.002447706,0.000052684,0.856766983,-0.000328726,0.034338373,0.000221647,0.999410186,-0.017007547,-0.187457614,-0.901223883,0.074764189,-0.451089218,-0.089883647,-0.005200711,-0.212743228,-1.013141255,0.093200891,-0.483893285,-0.209364018,0.000001000,0.443299116,0.173627258,-0.613884462,0.260073539,1.931158694,0.443244004,-0.264010890,0.731453849,0.046611208,-1.863941655
-0.002624544,0.000174258,0.856754326,-0.000186383,0.034310029,0.000174321,0.999411205,-0.020171072,-0.185623612,-0.884846392,0.074935262,-0.452908375,-0.089883524,-0.008395643,-0.211456472,-0.998555776,0.093659659,-0.487037261,-0.209364335,0.000001000,0.445081881,0.139159118,-0.680228985,0.152735381,1.926673098,0.457201613,-0.235700469,0.703801264,0.043111596,-1.861105963
-0.002804117,0.000298036,0.856746460,-0.000044885,0.034288177,0.000128640,0.999411978,-0.023399095,-0.183756131,-0.868224822,0.075109773,-0.454746682,-0.089883704,-0.011653489,-0.210141208,-0.983748259,0.094120617,-0.490231886,-0.209365008,0.000001000,0.447337982,0.104256079,-0.747613633,0.042832471,1.922105285,0.471103138,-0.206946822,0.675206504,0.041034628,-1.858453815
-0.002806624,0.000390539,0.857028272,0.000246239,0.034306109,0.000332301,0.999411287,-0.024451844,-0.183705781,-0.862640030,0.074243510,-0.441649570,-0.089940863,-0.012845588,-0.209959961,-0.977125154,0.093418588,-0.482773270,-0.209397404,0.000001000,0.442298895,0.114075800,-0.749939993,0.041000758,1.926541895,0.477317745,-0.191593092,0.649860777,0.041000013,-1.856440946
-0.002806132,0.000482512,0.857314991,0.000539898,0.034324711,0.000540187,0.999410442,-0.025467739,-0.183686217,-0.857242226,0.073359614,-0.428299418,-0.089998987,-0.014002687,-0.209797926,-0.970640712,0.092696855,-0.475134163,-0.209430337,0.000001000,0.437136212,0.124653224,-0.751164118,0.041000014,1.931131060,0.483402117,-0.176466386,0.624570095,0.041000000,-1.854438907
-0.002713005,0.000513804,0.857627540,0.000633551,0.033787210,0.000506250,0.999428720,-0.023789619,-0.183769148,-0.857685187,0.071988591,-0.414531621,-0.090048070,-0.012545502,-0.209765902,-0.970305061,0.091548785,-0.464495021,-0.209469040,0.000001000,0.435304279,0.134361820,-0.753328622,0.041000000,1.931219413,0.482448785,-0.173985654,0.608736376,0.041000000,-1.855186733
-0.002618072,0.000543912,0.857940593,0.000723302,0.033238852,0.000467596,0.999447066,-0.022058958,-0.183854078,-0.858242060,0.070608068,-0.400755678,-0.090096977,-0.011037329,-0.209736413,-0.970089331,0.090392399,-0.453797369,-0.209507855,0.000001000,0.433537306,0.144053471,-0.755511466,0.041000000,1.931219987,0.481358195,-0.171751557,0.593087096,0.041000000,-1.855988189
-0.002535388,0.000566964,0.858190423,0.000717070,0.032742320,0.000386468,0.999463495,-0.020363243,-0.183940332,-0.859727156,0.069797749,-0.392837927,-0.090129767,-0.009460782,-0.209763615,-0.971349802,0.089658097,-0.446774786,-0.209541102,0.000000066,0.434337511,0.151236943,-0.759777959,0.041000000,1.931219998,0.480347644,-0.174091690,0.586224093,0.041000000,-1.857606043
-0.002452929,0.000589887,0.858439095,0.000709079,0.032246729,0.000304563,0.999479641,-0.018668168,-0.184026610,-0.861229265,0.068997882,-0.385027556,-0.090162261,-0.007882981,-0.209791857,-0.972637332,0.088931531,-0.439819567,-0.209574246,-0.000000884,0.435184772,0.158374439,-0.764082645,0.041000000,1.931220000,0.479338561,-0.176515668,0.579522141,0.041000000,-1.859238860
-0.002389041,0.000697202,0.858827038,0.000757365,0.031924302,0.000223808,0.999489978,-0.017095024,-0.184650492,-0.864437919,0.068142383,-0.376184181,-0.090209941,-0.006410821,-0.210342334,-0.975673683,0.088140821,-0.431347862,-0.209619718,-0.000000947,0.433002176,0.166982721,-0.766523288,0.041000000,1.931220000,0.478903745,-0.175873221,0.579640344,0.041000000,-1.859252911
-0.002325469,0.000805948,0.859217345,0.000806605,0.031604810,0.000143074,0.999500108,-0.015523950,-0.185283499,-0.867675538,0.067285940,-0.367323272,-0.090257880,-0.004940455,-0.210901676,-0.978739717,0.087349023,-0.422850418,-0.209665399,-0.000000994,0.430768153,0.175615966,-0.768932293,0.041000000,1.931220000,0.478478675,-0.175178728,0.579874306,0.041000000,-1.859239487
-0.002545796,0.000871144,0.859262516,0.001309098,0.033997840,0.000768040,0.999420754,-0.021088374,-0.187322921,-0.871118439,0.067284442,-0.360995240,-0.090295354,-0.010195997,-0.212737672,-0.981139193,0.087390546,-0.417997266,-0.209676753,-0.000000997,0.428629635,0.177515474,-0.771880836,0.041000000,1.931220000,0.474534165,-0.177927284,0.574830821,0.050379693,-1.858856923
-0.002771686,0.000935485,0.859300923,0.001820464,0.036443803,0.001406831,0.999333056,-0.026792628,-0.189389904,-0.874565364,0.067299699,-0.354716844,-0.090332624,-0.015583345,-0.214598686,-0.983525606,0.087448399,-0.413215531,-0.209687436,-0.000001000,0.426492988,0.179283024,-0.774839952,0.041000000,1.931220000,0.470520685,-0.180743312,0.569683914,0.059943196,-1.858467126
-0.002953639,0.000940041,0.859409054,0.001807130,0.038279223,0.001383317,0.999264490,-0.030967019,-0.190419312,-0.878419125,0.068116351,-0.347873274,-0.090389556,-0.019830117,-0.215380427,-0.986388301,0.088119851,-0.407556505,-0.209716067,-0.000001000,0.427091477,0.183447909,-0.777301468,0.041000000,1.931220000,0.472674916,-0.185694015,0.567055126,0.058133143,-1.858236705
-0.003134786,0.000943500,0.859518466,0.001784157,0.040103309,0.001347638,0.999193037,-0.035113319,-0.191429669,-0.882280357,0.068947718,-0.341019327,-0.090446849,-0.024055948,-0.216142352,-0.989259741,0.088802569,-0.401881371,-0.209745029,-0.000001000,0.427740186,0.187656811,-0.779753849,0.041000000,1.931220000,0.474942392,-0.190683912,0.564472574,0.056114259,-1.858009210
-0.003262781,0.000980473,0.859784672,0.001377654,0.041814959,0.001427014,0.999123403,-0.038429704,-0.192234966,-0.889658992,0.069885263,-0.328528579,-0.090617466,-0.027065737,-0.216587024,-0.996313909,0.089106238,-0.388995154,-0.209827889,-0.000001000,0.430235394,0.188301973,-0.782105941,0.041000000,1.931220000,0.472961374,-0.189137496,0.555789756,0.070824268,-1.857557061
-0.003389877,0.001018015,0.860053535,0.000964649,0.043524575,0.001508334,0.999050752,-0.041732029,-0.193036788,-0.897097220,0.070824608,-0.315942331,-0.090790004,-0.030054924,-0.217026320,-1.003438942,0.089403484,-0.375986765,-0.209911662,-0.000001000,0.432761885,0.188886758,-0.784456335,0.041000000,1.931220000,0.470908378,-0.187480340,0.547003587,0.085817702,-1.857101105
-0.003562186,0.001126733,0.860595539,0.000876435,0.045562590,0.002197209,0.998958685,-0.046080182,-0.193687589,-0.901399785,0.070425949,-0.310627887,-0.090878117,-0.033815258,-0.217446150,-1.007795788,0.088637949,-0.370166387,-0.209958422,-0.000001000,0.438698349,0.197151039,-0.788140662,0.041000000,1.931220000,0.465185543,-0.183939150,0.545182115,0.099573845,-1.857259366
-0.003735378,0.001236840,0.861142870,0.000794551,0.047606799,0.002897923,0.998861634,-0.050448731,-0.194335445,-0.905641194,0.070001195,-0.305455266,-0.090964583,-0.037590631,-0.217865599,-1.012098645,0.087851687,-0.364486197,-0.210004460,-0.000001000,0.444701318,0.205565095,-0.791851005,0.041000000,1.931220000,0.459391135,-0.180361215,0.543496476,0.113305857,-1.857429605
-0.003686989,0.001267855,0.861567474,0.000567034,0.048162148,0.003106693,0.998834538,-0.051084835,-0.194611873,-0.909685091,0.070079178,-0.300231006,-0.091067553,-0.037859193,-0.217928367,-1.016465827,0.087448384,-0.358407619,-0.210076179,-0.000001000,0.452734885,0.209856148,-0.791120842,0.041000000,1.931220000,0.454293445,-0.173515013,0.543125085,0.127743199,-1.857779845
-0.003634559,0.001297428,0.861989839,0.000336861,0.048690330,0.003306490,0.998808393,-0.051652871,-0.194881528,-0.913725386,0.070166329,-0.295005804,-0.091170824,-0.038063803,-0.217984630,-1.020834183,0.087052064,-0.352321776,-0.210148366,-0.000001000,0.460805482,0.214072012,-0.790309699,0.041000000,1.931220000,0.449208460,-0.166609208,0.542777661,0.142193405,-1.858133368
-0.003668539,0.001311541,0.862079447,0.000343842,0.048879459,0.002930316,0.998800327,-0.050740060,-0.196075716,-0.921121448,0.070040756,-0.285660117,-0.091330908,-0.037179277,-0.219124764,-1.028751241,0.086795350,-0.341451893,-0.210286980,-0.000001000,0.472246250,0.200834867,-0.760677913,0.041000000,1.931220000,0.454081605,-0.158177865,0.536472478,0.145474991,-1.858108528
-0.003703986,0.001325392,0.862163407,0.000354847,0.049062824,0.002544365,0.998792391,-0.049802115,-0.197285596,-0.928574468,0.069911572,-0.276244491,-0.091491957,-0.036276266,-0.220283295,-1.036728533,0.086541005,-0.330500810,-0.210426721,-0.000001000,0.483744221,0.187301488,-0.730556946,0.041000000,1.931220000,0.459123772,-0.149720630,0.530066171,0.148567009,-1.858077266
-0.003456081,0.001372017,0.862286831,-0.000079631,0.046994969,0.003132221,0.998890212,-0.042416693,-0.198054986,-0.941347127,0.068963546,-0.260922044,-0.091592087,-0.027790540,-0.221092062,-1.051588887,0.085324169,-0.311436686,-0.210685436,-0.000001000,0.494675377,0.181860580,-0.729743977,0.041000000,1.931220000,0.466014438,-0.141219620,0.505354693,0.161822442,-1.857357670
-0.003202508,0.001419298,0.862411044,-0.000523020,0.044881851,0.003739539,0.998985166,-0.034902306,-0.198815565,-0.954226192,0.067999142,-0.245481448,-0.091690997,-0.019153144,-0.221893833,-1.066586919,0.084088082,-0.292210284,-0.210946531,-0.000001000,0.505595195,0.176581541,-0.729517234,0.041000000,1.931220000,0.472942079,-0.132717735,0.480277070,0.175281165,-1.856624306
-0.002838796,0.001450204,0.862262556,-0.000678768,0.041693196,0.004336522,0.999120819,-0.025538581,-0.199388640,-0.962254920,0.067034525,-0.235705229,-0.091682483,-0.008894761,-0.222686161,-1.076438915,0.083281205,-0.279878236,-0.211100368,-0.000001000,0.515870170,0.169315791,-0.737230967,0.041000000,1.931220000,0.475550221,-0.132975920,0.462043487,0.184618252,-1.855730994
-0.002473066,0.001480809,0.862109069,-0.000829236,0.038484386,0.004933271,0.999246680,-0.016140957,-0.199958278,-0.970194742,0.066069905,-0.226032839,-0.091671999,0.001393334,-0.223478315,-1.086196585,0.082482197,-0.267672561,-0.211252239,-0.000001000,0.526133325,0.162013625,-0.745090249,0.041000000,1.931220000,0.478079187,-0.133394677,0.443935354,0.193879788,-1.854834751
-0.002168932,0.001521461,0.862241040,-0.000640136,0.036176802,0.004426136,0.999335398,-0.008154519,-0.201207874,-0.979230132,0.064679604,-0.216664149,-0.091656086,0.009208057,-0.225125762,-1.096675145,0.081905993,-0.256371644,-0.211394279,-0.000001000,0.536492385,0.163530984,-0.745113112,0.041000000,1.931220000,0.481140116,-0.127005618,0.434281610,0.204365235,-1.854260856
-0.001865843,0.001562282,0.862377857,-0.000445270,0.033884317,0.003900241,0.999418052,-0.000192034,-0.202469011,-0.988284118,0.063282077,-0.207300614,-0.091640082,0.016980799,-0.226787725,-1.107165941,0.081333570,-0.245086084,-0.211536152,-0.000001000,0.546853072,0.165198039,-0.745002966,0.041000000,1.931220000,0.484210075,-0.120501008,0.424771364,0.214871454,-1.853692432
-0.001321622,0.001635071,0.862926355,-0.000270303,0.031004724,0.004975994,0.999506815,0.009811072,-0.204383912,-1.001723873,0.061804477,-0.196208314,-0.091615031,0.028092451,-0.228623752,-1.121819582,0.079942013,-0.232223227,-0.211754373,-0.000001000,0.565855492,0.175425961,-0.746067400,0.041000000,1.931220000,0.490482562,-0.110373795,0.400279691,0.234895016,-1.852807098
-0.000772622,0.001708492,0.863483011,-0.000095728,0.028113202,0.006083436,0.999586230,0.019854612,-0.206311768,-1.015250533,0.060325290,-0.185081759,-0.091589800,0.039270264,-0.230463228,-1.136555710,0.078534225,-0.219329117,-0.211974106,-0.000001000,0.585029148,0.185823517,-0.747155109,0.041000000,1.931220000,0.496818507,-0.100174800,0.375491161,0.255107164,-1.851915486
-0.000457737,0.001799816,0.863677689,0.000106342,0.026170226,0.005530100,0.999642199,0.027966082,-0.208483801,-1.029637318,0.059547073,-0.175328974,-0.091574665,0.047186927,-0.232825257,-1.151742407,0.078493583,-0.208238941,-0.212185026,-0.000001000,0.605916494,0.183641726,-0.736399470,0.041000000,1.931220000,0.510520205,-0.085070505,0.348177757,0.256693608,-1.851381237
-0.000147114,0.001891465,0.863865777,0.000308913,0.024244415,0.004946506,0.999693776,0.036042378,-0.210660280,-1.044039763,0.058781617,-0.165601200,-0.091559713,0.055044220,-0.235196800,-1.166937308,0.078477830,-0.197181607,-0.212395786,-0.000001000,0.626835038,0.181230920,-0.725428218,0.041000000,1.931220000,0.524356001,-0.069876907,0.320818387,0.257940961,-1.850853495
-0.000007960,0.001970089,0.864175368,0.000066462,0.023267029,0.006849978,0.999705816,0.041940704,-0.213176725,-1.065515811,0.059276691,-0.154153965,-0.091554246,0.063259600,-0.237319600,-1.190645271,0.078416470,-0.183692500,-0.212790103,-0.000001000,0.633480404,0.188228236,-0.730199540,0.041000000,1.931220000,0.554917851,-0.042045279,0.261046015,0.263756602,-1.849617029
0.000127611,0.002048441,0.864487498,-0.000185289,0.022309353,0.008805392,0.999712320,0.047793516,-0.215700274,-1.087139682,0.059798108,-0.142670797,-0.091548977,0.071482464,-0.239437202,-1.214531139,0.078354156,-0.170152574,-0.213188255,-0.000001000,0.639827493,0.195422160,-0.735299848,0.041000000,1.931220000,0.585829239,-0.013949544,0.200596282,0.269667710,-1.848365753
-0.000399616,0.002203645,0.863875029,-0.000170012,0.022300568,0.008181884,0.999717816,0.050014187,-0.218440690,-1.102853686,0.061373199,-0.134809487,-0.091538916,0.073912457,-0.242461696,-1.231631167,0.080648448,-0.161113579,-0.213424506,-0.000001000,0.629394955,0.172968637,-0.722624735,0.041000000,1.931220000,0.605142497,0.022008080,0.146064510,0.263102128,-1.847973299
-0.000939749,0.002360346,0.863244557,-0.000149535,0.022310250,0.007508157,0.999722891,0.052164133,-0.221185328,-1.118452613,0.062968808,-0.127018700,-0.091528761,0.076229652,-0.245503850,-1.248599061,0.082988628,-0.152162227,-0.213657605,-0.000001000,0.618635685,0.149937820,-0.709603502,0.041000000,1.931220000,0.624229917,0.058118791,0.091647971,0.256293600,-1.847597567
-0.001750413,0.002426359,0.862186259,-0.000727799,0.024494126,0.008874530,0.999660318,0.045589260,-0.221926907,-1.123167312,0.066031730,-0.123229616,-0.091502752,0.071962929,-0.246291300,-1.256706695,0.085442106,-0.147298142,-0.213719922,-0.000001000,0.599170715,0.106699147,-0.699812243,0.041000000,1.931219443,0.604990146,0.077490536,0.033225271,0.280470607,-1.847265807
-0.002566068,0.002490699,0.861120067,-0.001317108,0.026717950,0.010278489,0.999589300,0.038853376,-0.222631520,-1.127681148,0.069121730,-0.119514381,-0.091476451,0.067574703,-0.247037140,-1.264650818,0.087897674,-0.142509485,-0.213779087,-0.000001000,0.579545088,0.063087550,-0.690080592,0.041000000,1.931218876,0.585043071,0.096553373,-0.025271361,0.305219434,-1.846934857
-0.002926896,0.002499624,0.859666375,-0.001404127,0.027976221,0.012165864,0.999533567,0.020739707,-0.216031396,-1.062774954,0.071922968,-0.135190196,-0.091359678,0.052751255,-0.242383015,-1.210879978,0.089489356,-0.164503744,-0.213762674,-0.000001000,0.596653204,0.013699157,-0.770864041,0.041000000,1.290717492,0.560795290,0.100580603,-0.076029078,0.332017287,-1.841056408
-0.003278234,0.002507393,0.858204597,-0.001480657,0.029214204,0.014063264,0.999473142,0.002388624,-0.209278848,-0.996420205,0.074718181,-0.151270635,-0.091241017,0.037710061,-0.237616212,-1.155821363,0.091063011,-0.187056869,-0.213744684,-0.000001000,0.614527825,-0.035809777,-0.853536225,0.041000000,0.636851090,0.536457769,0.104294092,-0.126625310,0.358857896,-1.835062202
-0.003393989,0.002409609,0.857734525,-0.001230292,0.029530097,0.015159879,0.999448167,-0.013600016,-0.197812846,-0.916849616,0.074908044,-0.180163147,-0.091146728,0.021802011,-0.226859599,-1.077720948,0.089180721,-0.237268734,-0.214002889,-0.000000019,0.623457237,-0.045174539,-0.879195876,0.041000000,0.357788699,0.509948687,0.107975984,-0.182783029,0.389241812,-1.829966577
-0.003505150,0.002309767,0.857283794,-0.000973549,0.029827970,0.016240858,0.999422623,-0.029542580,-0.186254918,-0.837021278,0.075047095,-0.209305534,-0.091052915,0.005877055,-0.215986167,-0.999171147,0.087231029,-0.288020031,-0.214266481,0.000000982,0.632212189,-0.053756365,-0.903743606,0.041000000,0.086036145,0.483397253,0.111657260,-0.239049214,0.419694834,-1.824888477
-0.003650306,0.002138246,0.857030364,-0.000844067,0.031072330,0.016153646,0.999386240,-0.038851413,-0.180134635,-0.800356747,0.075614659,-0.225681034,-0.091021260,-0.003861581,-0.210164572,-0.962768119,0.086920127,-0.316907862,-0.214405427,0.000001000,0.639774399,-0.055926064,-0.917695503,0.041000000,0.010548168,0.438703162,0.095870525,-0.310410116,0.449645479,-1.822393258
-0.003796094,0.001965393,0.856780599,-0.000716949,0.032334224,0.016044704,0.999348063,-0.048036998,-0.174115378,-0.764494152,0.076190184,-0.241819339,-0.090990761,-0.013485282,-0.204436834,-0.927148132,0.086639672,-0.345389494,-0.214542057,0.000001000,0.647314449,-0.057976634,-0.931450540,0.041000000,-0.061293433,0.393672000,0.079722097,-0.382051460,0.479586791,-1.819946027
-0.003692631,0.001810282,0.856655636,-0.000782356,0.031661997,0.016765110,0.999357712,-0.049760062,-0.169619812,-0.742998355,0.075839359,-0.252852057,-0.090975223,-0.014392212,-0.199992048,-0.907427173,0.084841562,-0.361673456,-0.214616775,0.000001000,0.653910794,-0.056713988,-0.939426969,0.041000000,-0.094812757,0.376466001,0.065541813,-0.440041484,0.517209659,-1.816279814
-0.003583897,0.001655547,0.856533313,-0.000851834,0.030948834,0.017503037,0.999367344,-0.051325308,-0.165156470,-0.721806386,0.075468943,-0.263776802,-0.090960002,-0.015114799,-0.195574394,-0.888042447,0.083011357,-0.377699462,-0.214690184,0.000001000,0.660487183,-0.055381274,-0.947281192,0.041000000,-0.127521642,0.359848448,0.051403151,-0.497742810,0.554994975,-1.812587822
-0.003557057,0.001543115,0.856367164,-0.000741490,0.030312483,0.015358715,0.999422190,-0.050778491,-0.161395370,-0.705753738,0.073934486,-0.273872394,-0.090954807,-0.016908555,-0.192948247,-0.873157574,0.083213614,-0.390812770,-0.214737591,0.000001000,0.662093851,-0.059140906,-0.949260420,0.041000000,-0.140846398,0.365004689,0.048597589,-0.514785833,0.574021924,-1.807332461
-0.003531819,0.001431511,0.856200158,-0.000627623,0.029677476,0.013157922,0.999472722,-0.050190350,-0.157648009,-0.689801642,0.072377253,-0.283951764,-0.090949809,-0.018723269,-0.190357152,-0.858360743,0.083455638,-0.403869091,-0.214784489,0.000001000,0.663603284,-0.063000172,-0.951124701,0.041000000,-0.153791894,0.370586945,0.046013765,-0.531033358,0.592681856,-1.802046512
-0.003330532,0.001479366,0.856213409,-0.000646694,0.028401776,0.011499731,0.999530228,-0.046702307,-0.155581690,-0.682715247,0.070777535,-0.288561676,-0.090953114,-0.016971825,-0.189051562,-0.852337847,0.083151396,-0.408540308,-0.214803139,0.000001000,0.662376074,-0.059215554,-0.950713138,0.041000000,-0.156646577,0.395572223,0.050958702,-0.522824799,0.607074112,-1.792519259
-0.003126033,0.001530129,0.856229948,-0.000668186,0.027114270,0.009851385,0.999583573,-0.043161379,-0.153546028,-0.675790533,0.069177042,-0.293071843,-0.090956572,-0.015155347,-0.187769415,-0.846474958,0.082837193,-0.413058609,-0.214821273,0.000001000,0.661098957,-0.055291538,-0.950260071,0.041000000,-0.159317237,0.420911346,0.056040939,-0.514170242,0.621388540,-1.782914659
-0.003316171,0.001557090,0.856107610,-0.000722069,0.027622038,0.007058900,0.999593254,-0.043991354,-0.151681358,-0.669744986,0.068053864,-0.297907102,-0.090941754,-0.018730702,-0.187047061,-0.841820271,0.083857202,-0.417048362,-0.214819336,0.000000953,0.627617470,-0.061926467,-0.938579963,0.041000000,-0.146181878,0.461331843,0.080594644,-0.460220027,0.595486610,-1.775238406
-0.003514666,0.001583548,0.855982331,-0.000776632,0.028167605,0.004242125,0.999593911,-0.044913902,-0.149820310,-0.663718059,0.066940795,-0.302749247,-0.090926549,-0.022420253,-0.186336562,-0.837191173,0.084905469,-0.421026921,-0.214816974,0.000000906,0.593453918,-0.068785027,-0.926662075,0.041000000,-0.132711760,0.502071752,0.105560740,-0.405310483,0.568732928,-1.767602994
-0.003847934,0.001761001,0.855907945,-0.000982322,0.029034789,0.000522429,0.999577782,-0.046430135,-0.148066459,-0.658763245,0.066192096,-0.307175018,-0.090894180,-0.027461117,-0.186034728,-0.834177532,0.086916944,-0.423146055,-0.214797693,-0.000000027,0.544994804,-0.082929792,-0.916240345,0.041000000,-0.120742802,0.555484460,0.148816361,-0.314546727,0.495321500,-1.763288753
-0.004183872,0.001941445,0.855834567,-0.001190993,0.029907923,-0.003215166,0.999546777,-0.047958133,-0.146314732,-0.653829675,0.065450618,-0.311592539,-0.090861470,-0.032528757,-0.185740992,-0.831195902,0.088947505,-0.425228344,-0.214778077,-0.000000978,0.496252425,-0.097218934,-0.905848262,0.041000000,-0.108803590,0.609148280,0.192434388,-0.223072518,0.420985549,-1.759040321
-0.004237153,0.002031108,0.856048398,-0.000959350,0.030332439,-0.004345672,0.999529959,-0.048802810,-0.145844593,-0.649780891,0.064582893,-0.314536323,-0.090864311,-0.034868685,-0.186332831,-0.828572945,0.090143511,-0.425993268,-0.214785636,-0.000000998,0.369163418,-0.049397827,-1.021375092,0.041000000,-0.102674498,0.644197059,0.194860526,-0.145864424,0.381053140,-1.756549919
-0.004285192,0.002119087,0.856267557,-0.000719539,0.030748596,-0.005427816,0.999512153,-0.049634813,-0.145398225,-0.645748519,0.063712826,-0.317452773,-0.090867812,-0.037158020,-0.186941096,-0.825956642,0.091324038,-0.426733758,-0.214793700,-0.000001000,0.240621258,-0.000424714,-1.139237435,0.041000000,-0.096653171,0.678900570,0.196522647,-0.068920934,0.341758839,-1.754092124
-0.004422857,0.002217250,0.856716318,-0.000460469,0.030904957,-0.005577102,0.999506662,-0.050046533,-0.145804888,-0.644884896,0.063074238,-0.317129958,-0.090889127,-0.037876728,-0.187651466,-0.825734321,0.091212060,-0.425247805,-0.214809611,-0.000001000,0.177748236,0.024078479,-1.180620655,0.041000000,-0.074938255,0.693294092,0.186986695,-0.036809410,0.322256235,-1.754062590
-0.004562397,0.002315625,0.857169885,-0.000200996,0.031055878,-0.005706863,0.999501338,-0.050449457,-0.146229404,-0.644087591,0.062440494,-0.316739348,-0.090910816,-0.038562564,-0.188363973,-0.825562105,0.091073030,-0.423715254,-0.214825688,-0.000001000,0.116249607,0.048069540,-1.220403239,0.041000000,-0.052894887,0.707262545,0.177216377,-0.005636176,0.303167853,-1.754083876
-0.005531795,0.002171089,0.857499937,-0.000091175,0.032459063,-0.009625422,0.999426712,-0.053488531,-0.145696329,-0.644438961,0.061597972,-0.313379494,-0.090936396,-0.045038943,-0.189076911,-0.828015576,0.092678097,-0.416359501,-0.214895319,-0.000001000,0.081378749,0.051824938,-1.244889081,0.041000000,-0.048643566,0.708249881,0.152898613,0.031379278,0.288796681,-1.755673830
-0.006517431,0.002021799,0.857827572,0.000015721,0.033886170,-0.013617940,0.999332917,-0.056579183,-0.145144520,-0.644812805,0.060751365,-0.309961546,-0.090962052,-0.051628617,-0.189789857,-0.830520419,0.094317288,-0.408889814,-0.214965998,-0.000001000,0.047028875,0.055184415,-1.269075635,0.041000000,-0.044740355,0.708983236,0.128296222,0.068509037,0.274517803,-1.757294475
-0.006416637,0.002279174,0.858417816,0.000383607,0.035187065,-0.015910131,0.999254017,-0.058071873,-0.145992979,-0.645612209,0.059519527,-0.308203446,-0.090976161,-0.055000335,-0.190904742,-0.832101515,0.093733534,-0.406053293,-0.214991762,-0.000001000,0.038476610,0.077392187,-1.172564600,0.041000000,-0.020213504,0.708998038,0.099909213,0.080753237,0.269708988,-1.758646308
-0.006296099,0.002543940,0.859012832,0.000756235,0.036485429,-0.018171314,0.999168677,-0.059535521,-0.146866887,-0.646419347,0.058280686,-0.306475513,-0.090990061,-0.058313568,-0.192026931,-0.833665823,0.093109379,-0.403300977,-0.215016709,-0.000001000,0.030393201,0.099942515,-1.073859958,0.041000000,0.004688169,0.708999781,0.071453421,0.092545157,0.265072285,-1.759993257
-0.005865200,0.001752427,0.858248506,0.000886249,0.037212147,-0.016676395,0.999167838,-0.060980452,-0.146022726,-0.646574765,0.058077603,-0.305639737,-0.090971472,-0.058896362,-0.191524186,-0.833678763,0.093810828,-0.401995191,-0.215027373,-0.000001000,0.087701443,0.118940521,-1.022302809,0.041000000,-0.006673429,0.707220568,0.039966449,0.119855157,0.248165347,-1.762284169
-0.005427845,0.000938939,0.857455900,0.001011214,0.037926865,-0.015103285,0.999165863,-0.062424995,-0.145142822,-0.646716624,0.057896068,-0.304822520,-0.090952207,-0.059422352,-0.190987636,-0.833659430,0.094539854,-0.400719498,-0.215037741,-0.000001000,0.146370092,0.137864624,-0.971726517,0.041000000,-0.018789447,0.705404304,0.008416417,0.147487995,0.231003139,-1.764594720
-0.005039092,0.000345817,0.856645545,0.000971029,0.038320987,-0.012893418,0.999181825,-0.063953038,-0.144130472,-0.644954763,0.058452466,-0.306132102,-0.090920598,-0.059392976,-0.189946151,-0.831091879,0.095147330,-0.402632222,-0.215011539,-0.000001000,0.174919665,0.141675550,-0.948389376,0.041562152,-0.018711066,0.693519854,-0.013889089,0.168126112,0.217945034,-1.766453624
-0.004651288,-0.000243000,0.855834844,0.000927613,0.038708655,-0.010671047,0.999193129,-0.065482713,-0.143115535,-0.643155714,0.059023278,-0.307483229,-0.090888748,-0.059352751,-0.188894803,-0.828474550,0.095752431,-0.404607230,-0.214984623,-0.000001000,0.202880885,0.145191252,-0.925584333,0.042135284,-0.018394476,0.681438728,-0.036014010,0.188627592,0.204967099,-1.768303706
-0.004643793,-0.000322836,0.855602313,0.000772098,0.039346025,-0.011845209,0.999155136,-0.067014098,-0.141895126,-0.639920918,0.059278708,-0.310492336,-0.090867669,-0.061942805,-0.187698672,-0.824851257,0.096194150,-0.408133759,-0.214994169,-0.000001000,0.208022066,0.141260073,-0.899049962,0.093924055,-0.019011873,0.675659563,-0.040490733,0.211126584,0.200284050,-1.768818742
-0.004643411,-0.000393153,0.855380595,0.000614484,0.039987992,-0.013082876,0.999114318,-0.068545515,-0.140670875,-0.636659269,0.059528239,-0.313532452,-0.090846791,-0.064582053,-0.186499834,-0.821209148,0.096632812,-0.411689307,-0.215004396,-0.000001000,0.212736435,0.137189611,-0.872445840,0.146670733,-0.019646738,0.669998265,-0.044637376,0.233662936,0.195756144,-1.769308809
-0.004673115,-0.000374855,0.855327733,0.000372578,0.040321372,-0.013990918,0.999088736,-0.069512720,-0.139263614,-0.632912040,0.059630067,-0.317228788,-0.090828701,-0.066461795,-0.185258522,-0.817509702,0.097038309,-0.415013158,-0.215021668,-0.000001000,0.209227035,0.131731553,-0.846666445,0.187897284,-0.020843213,0.660690659,-0.041953598,0.249445129,0.210959200,-1.769617887
-0.004703445,-0.000354712,0.855278383,0.000128918,0.040648295,-0.014892088,0.999062523,-0.070468187,-0.137852545,-0.629154708,0.059728823,-0.320938775,-0.090810668,-0.068325736,-0.184016326,-0.813809064,0.097443115,-0.418332188,-0.215039086,-0.000001000,0.205546548,0.126244627,-0.820904208,0.228884171,-0.022051371,0.651307195,-0.039127719,0.265086809,0.226572739,-1.769923201
-0.004639277,-0.000284824,0.855328890,0.000311207,0.039856883,-0.014948308,0.999093529,-0.068983938,-0.137491751,-0.624748707,0.059560714,-0.324647942,-0.090800298,-0.067276403,-0.183789388,-0.809059473,0.097670463,-0.421915207,-0.215056602,-0.000001000,0.204044214,0.125188087,-0.801393379,0.237930694,-0.022187888,0.654847646,-0.035241767,0.281863368,0.230722510,-1.769153556
-0.004573262,-0.000213964,0.855381347,0.000501816,0.039043597,-0.014988012,0.999124970,-0.067452031,-0.137151474,-0.620330034,0.059387392,-0.328357092,-0.090790078,-0.066170162,-0.183582281,-0.804289391,0.097894346,-0.425503383,-0.215074120,-0.000001000,0.202584430,0.124218091,-0.782004667,0.246353284,-0.022303472,0.658640556,-0.031335106,0.298662097,0.234648345,-1.768362913
-0.004489077,-0.000211017,0.855465255,0.000567992,0.038563026,-0.012914571,0.999172550,-0.067408718,-0.136936010,-0.617089547,0.059542410,-0.330895799,-0.090786934,-0.064557490,-0.183055688,-0.800502998,0.097207216,-0.428309508,-0.215089732,-0.000001000,0.211328617,0.125844838,-0.777511162,0.222706376,-0.022834352,0.661901977,-0.044182511,0.312570008,0.250618745,-1.764516333
-0.004404560,-0.000209311,0.855549737,0.000631891,0.038088354,-0.010802467,0.999215785,-0.067392598,-0.136722825,-0.613870584,0.059703426,-0.333413125,-0.090783920,-0.062935566,-0.182523259,-0.796734575,0.096503444,-0.431101347,-0.215105310,-0.000001000,0.220259208,0.127519021,-0.773289759,0.198473632,-0.023372819,0.665153689,-0.057335974,0.326425109,0.266809172,-1.760613928
-0.004099586,-0.000179712,0.855621642,0.001504787,0.036720247,-0.010458560,0.999269722,-0.064013512,-0.138201184,-0.610829968,0.059060269,-0.334604169,-0.090794141,-0.059797725,-0.183704340,-0.791907929,0.096047399,-0.434862833,-0.215115142,-0.000001000,0.233109419,0.135689709,-0.764934761,0.188334418,-0.023662223,0.651313461,-0.081924936,0.350145017,0.313575108,-1.753485444
-0.003790013,-0.000149531,0.855693285,0.002394560,0.035333397,-0.010151520,0.999321151,-0.060564252,-0.139714840,-0.607793073,0.058400331,-0.335767537,-0.090804639,-0.056628251,-0.184921177,-0.787059201,0.095596522,-0.438644552,-0.215124854,-0.000001000,0.246041418,0.143995957,-0.756493510,0.178489287,-0.023946431,0.637116585,-0.106752517,0.374070769,0.360979048,-1.746289644
-0.003247249,-0.000108860,0.855523001,0.003006131,0.034545657,-0.009652138,0.999351989,-0.058076244,-0.140876360,-0.606158955,0.057847203,-0.336394733,-0.090803126,-0.054203207,-0.185989119,-0.784107007,0.095543146,-0.441361378,-0.215132995,-0.000001000,0.262175549,0.159014924,-0.750089476,0.195561841,-0.024029461,0.576963594,-0.125413448,0.382617054,0.482925615,-1.741864328
-0.002699917,-0.000067983,0.855347975,0.003612246,0.033769617,-0.009148975,0.999381239,-0.055607073,-0.142030979,-0.604552327,0.057296168,-0.337011421,-0.090801378,-0.051792752,-0.187054143,-0.781191978,0.095497560,-0.444057336,-0.215141105,-0.000001000,0.278372431,0.174165438,-0.743725365,0.213161891,-0.024108550,0.515910016,-0.143953532,0.390861953,0.606332968,-1.737493304
-0.002382529,0.000005141,0.855301689,0.003854824,0.033335603,-0.008618816,0.999399617,-0.054211096,-0.142411154,-0.603388251,0.056709293,-0.337527092,-0.090801193,-0.050378838,-0.187311580,-0.778828859,0.095306401,-0.446669665,-0.215159128,-0.000001000,0.300966625,0.211122666,-0.731354130,0.249260689,-0.024732460,0.458247376,-0.144200885,0.392286105,0.729427556,-1.737866130
-0.002070225,0.000078978,0.855258250,0.004089363,0.032909134,-0.008088055,0.999417255,-0.052838846,-0.142774207,-0.602233959,0.056121626,-0.338040530,-0.090801042,-0.048986956,-0.187551162,-0.776477943,0.095112023,-0.449280144,-0.215177370,-0.000001000,0.323702251,0.248562002,-0.718850088,0.285768460,-0.025368416,0.400659702,-0.144043819,0.393559462,0.852515229,-1.738343833
-0.001955511,-0.000069883,0.855233305,0.004313061,0.033058092,-0.007994722,0.999412149,-0.052828259,-0.142696258,-0.601392316,0.055352074,-0.338492372,-0.090801357,-0.049247219,-0.187295808,-0.774459027,0.094657717,-0.452020250,-0.215195598,-0.000001000,0.339789922,0.293043421,-0.695638902,0.381401095,-0.031331798,0.367182063,-0.149151211,0.397314336,0.906081583,-1.738159929
-0.001845006,-0.000223488,0.855208754,0.004536527,0.033219306,-0.007910708,0.999406483,-0.052846681,-0.142608913,-0.600557333,0.054578647,-0.338942902,-0.090801681,-0.049542681,-0.187029911,-0.772447184,0.094197874,-0.454763118,-0.215213826,-0.000001000,0.355735963,0.337674868,-0.672199607,0.478293351,-0.037408677,0.334218073,-0.154370759,0.401122078,0.958166825,-1.737961929
-0.001485308,-0.000573799,0.855947739,0.003648322,0.032417439,-0.007789388,0.999437404,-0.050120933,-0.139672404,-0.600583698,0.053698962,-0.338253337,-0.090816936,-0.046598270,-0.183578453,-0.771979607,0.092417470,-0.455043799,-0.215238552,-0.000001000,0.352560742,0.375483451,-0.651842745,0.553518298,-0.043504451,0.303198328,-0.166013664,0.415869394,0.960424098,-1.741996535
-0.001120758,-0.000927940,0.856701592,0.002738465,0.031596769,-0.007667329,0.999467537,-0.047341750,-0.136680417,-0.600626835,0.052817208,-0.337541572,-0.090832481,-0.043590772,-0.180064967,-0.771542100,0.090611352,-0.455276536,-0.215263405,-0.000001000,0.349013194,0.413159179,-0.631545903,0.628321341,-0.049600593,0.272216441,-0.177781644,0.430829724,0.961711125,-1.746113558
-0.000830623,-0.001122176,0.857508533,0.002912474,0.030673617,-0.006822218,0.999501928,-0.044283996,-0.136491655,-0.601239352,0.050957179,-0.335075498,-0.090865163,-0.039707543,-0.179212190,-0.771740627,0.087511452,-0.453401909,-0.215283258,-0.000001000,0.345390681,0.448201372,-0.627519166,0.643510005,-0.049967027,0.235051495,-0.188712371,0.459019026,0.922121154,-1.754887928
-0.000542136,-0.001312872,0.858316649,0.003110475,0.029748146,-0.005961088,0.999534811,-0.041220075,-0.136364954,-0.601864474,0.049075491,-0.332570585,-0.090898225,-0.035804924,-0.178418319,-0.771953235,0.084382907,-0.451480626,-0.215303000,-0.000001000,0.341766509,0.483185260,-0.623852641,0.657378833,-0.050206608,0.197749658,-0.199624562,0.487501211,0.881626185,-1.763765409
-0.000530894,-0.001788770,0.859730788,0.003469986,0.030446155,-0.004841380,0.999518660,-0.042161378,-0.136394102,-0.603908756,0.047005708,-0.329040767,-0.090970916,-0.035703541,-0.177797377,-0.773909066,0.081045284,-0.447906999,-0.215348807,-0.000000069,0.354340044,0.500165443,-0.626286109,0.531788249,-0.053832114,0.154990020,-0.200563871,0.520364872,0.830116109,-1.771570290
-0.000525454,-0.002270636,0.861157611,0.003832871,0.031178084,-0.003716252,0.999499588,-0.043186506,-0.136426511,-0.605982739,0.044931987,-0.325489499,-0.091044437,-0.035681713,-0.177180054,-0.775901380,0.077703285,-0.444298790,-0.215395159,0.000000882,0.367252582,0.516768826,-0.628847244,0.403278912,-0.057528483,0.112116155,-0.201294457,0.553320234,0.778375497,-1.779352723
-0.001157222,-0.002038156,0.860463599,0.003435232,0.032847131,-0.003305045,0.999449019,-0.047791345,-0.136184203,-0.608401780,0.044440934,-0.321748810,-0.091175705,-0.039438400,-0.176443921,-0.778148580,0.075966021,-0.440595882,-0.215453482,0.000000947,0.383746638,0.509893990,-0.580307051,0.333236419,-0.058646568,0.084872851,-0.214172461,0.625925248,0.681860051,-1.784229492
-0.001801457,-0.001791700,0.859728091,0.003022702,0.034534410,-0.002907795,0.999394708,-0.052466222,-0.135936520,-0.610827573,0.043980847,-0.318004414,-0.091308104,-0.043269015,-0.175705464,-0.780400767,0.074260154,-0.436891122,-0.215512040,0.000000994,0.400310767,0.502559792,-0.530767036,0.264337857,-0.059714208,0.057935367,-0.227288135,0.699306026,0.584468564,-1.789049411
-0.001838888,-0.001756728,0.859256804,0.002478175,0.037021811,-0.002771755,0.999307541,-0.058209335,-0.134997174,-0.612511282,0.044057825,-0.316055990,-0.091358580,-0.048557634,-0.174550445,-0.782122914,0.073679791,-0.434807000,-0.215533543,0.000000997,0.362960911,0.484250647,-0.486900184,0.273771779,-0.060359242,0.032621256,-0.231354009,0.760393256,0.508914640,-1.789860334
-0.001862866,-0.001726444,0.858791375,0.001930705,0.039526712,-0.002641488,0.999213157,-0.063976132,-0.134042494,-0.614178540,0.044146709,-0.314147385,-0.091407239,-0.053878578,-0.173386191,-0.783833309,0.073124381,-0.432758810,-0.215554224,0.000001000,0.324415735,0.465698177,-0.443159110,0.284942402,-0.060994907,0.007343137,-0.235219241,0.821207926,0.433844874,-1.790582374
-0.003108753,-0.001302813,0.866110767,0.002952687,0.040898572,-0.002094372,0.999156745,-0.066286956,-0.141710269,-0.638292510,0.043295617,-0.290531509,-0.095568392,-0.054318606,-0.180016743,-0.809982726,0.069055361,-0.399092943,-0.218125131,0.000001000,0.195801845,0.500041088,-0.818449551,0.165514491,0.197407654,-0.031315383,-0.240006232,0.935217635,0.434386618,-1.790074784
-0.004380060,-0.000870999,0.873592114,0.004007311,0.042246732,-0.001538578,0.999097987,-0.068525882,-0.149557426,-0.662873462,0.042424969,-0.266464036,-0.099815101,-0.054657092,-0.186809458,-0.836640572,0.064913244,-0.364769303,-0.220749092,0.000001000,0.065314168,0.535484434,-1.202457517,0.043369611,0.461199242,-0.070252269,-0.244812400,1.050334013,0.436501383,-1.789541612
-0.009400376,0.000441149,0.873249685,0.003558863,0.041881705,-0.000460659,0.999116132,-0.074879734,-0.152071434,-0.670267961,0.042594111,-0.261103157,-0.100731292,-0.059773798,-0.189252531,-0.844469437,0.064741506,-0.356826474,-0.220799998,0.000001000,-0.127251343,0.492773789,-1.186626340,0.041000000,0.541561582,-0.088764365,-0.237029685,1.065741204,0.442192538,-1.789429051
-0.014494862,0.001770714,0.872752473,0.003080673,0.041482720,0.000627591,0.999134275,-0.081314996,-0.154479932,-0.677322446,0.042783824,-0.256112365,-0.101581593,-0.064985035,-0.191609552,-0.851925794,0.064648317,-0.349405558,-0.220800000,0.000001000,-0.321044989,0.448516960,-1.162884822,0.041000000,0.618294993,-0.106872381,-0.228997914,1.079175769,0.447954447,-1.789324812
-0.018216702,0.002683863,0.871086238,0.002574285,0.040826924,0.001431617,0.999161892,-0.086356122,-0.156803188,-0.682021356,0.046026351,-0.252533364,-0.102020595,-0.068828292,-0.193890539,-0.856837454,0.067333291,-0.344287720,-0.220800000,0.000001000,-0.458466546,0.433133002,-1.126490384,0.041000000,0.660558573,-0.124238820,-0.218095144,1.089432160,0.467794359,-1.789487048
-0.021907764,0.003587675,0.869393792,0.002067262,0.040165316,0.002229270,0.999188423,-0.091365989,-0.159124533,-0.686667450,0.049337327,-0.248986017,-0.102450375,-0.072640877,-0.196169821,-0.861692057,0.070080556,-0.339221520,-0.220800000,0.000001000,-0.594624145,0.418396423,-1.089812245,0.041000000,0.702049281,-0.141588631,-0.207128002,1.099617291,0.487949923,-1.789655258
-0.022192637,0.003450699,0.868968040,0.001563440,0.040102560,0.002055823,0.999192231,-0.092206382,-0.158716334,-0.688232647,0.051496416,-0.247723442,-0.102545158,-0.073328200,-0.195747209,-0.863377609,0.071924754,-0.337448908,-0.220800000,0.000001000,-0.647712888,0.412967785,-1.077670895,0.041000000,0.727463554,-0.144376701,-0.197160518,1.104910464,0.492282384,-1.789856501
-0.022406754,0.003292104,0.868568601,0.001059684,0.040052234,0.001862204,0.999195290,-0.092960163,-0.158251435,-0.689733846,0.053631578,-0.246508327,-0.102632983,-0.073950603,-0.195268471,-0.864997330,0.073750193,-0.335744712,-0.220800000,0.000001000,-0.699076065,0.407732499,-1.066039240,0.041000000,0.752543876,-0.146862285,-0.187213800,1.110102017,0.496286156,-1.790058429
-0.023322139,0.004026489,0.868300393,0.000691476,0.039951826,0.002148993,0.999199057,-0.094600065,-0.159395824,-0.691190693,0.055298842,-0.245213595,-0.102714299,-0.075147514,-0.196378064,-0.866649457,0.075097325,-0.333900190,-0.220800000,0.000001000,-0.693862419,0.416921829,-1.063626388,0.041000000,0.734382738,-0.172987393,-0.190728602,1.106080321,0.487545803,-1.790274201
-0.024251222,0.004778318,0.868034747,0.000325916,0.039850430,0.002445166,0.999202611,-0.096257276,-0.160571649,-0.692646674,0.056956967,-0.243917308,-0.102795488,-0.076355648,-0.197518684,-0.868302216,0.076435113,-0.332052926,-0.220800000,0.000001000,-0.687543584,0.426392933,-1.061393618,0.041000000,0.715376909,-0.199574283,-0.194506365,1.101878651,0.478556503,-1.790490244
-0.023629513,0.004348926,0.868425123,0.000321238,0.039757168,0.002649914,0.999205806,-0.095647137,-0.160757012,-0.693923269,0.058746039,-0.242636673,-0.102863326,-0.075393649,-0.197670709,-0.869708536,0.077894992,-0.330264591,-0.220800000,0.000001000,-0.608053128,0.446401325,-1.058347884,0.041000000,0.657783343,-0.251142883,-0.199338648,1.086852988,0.446626098,-1.790836429
-0.022973276,0.003893234,0.868830105,0.000324595,0.039664084,0.002852626,0.999208946,-0.094986515,-0.160920323,-0.695195870,0.060538026,-0.241356387,-0.102930867,-0.074383332,-0.197800723,-0.871109370,0.079357590,-0.328477568,-0.220800000,0.000001000,-0.526933510,0.466644328,-1.055284050,0.041000000,0.599330623,-0.303267700,-0.204194410,1.071586330,0.414184911,-1.791185512
-0.020450572,0.001866221,0.869586853,0.000481470,0.039968964,0.002602751,0.999197416,-0.092140542,-0.158819047,-0.696617562,0.062075182,-0.240126539,-0.103000360,-0.071549697,-0.195662029,-0.872605046,0.080614567,-0.326755575,-0.220800000,0.000001000,-0.432261467,0.475334247,-1.050567827,0.041000000,0.554123332,-0.382051537,-0.206454908,1.045072873,0.344340282,-1.790850653
-0.017888981,-0.000193530,0.870350931,0.000641543,0.040282127,0.002343445,0.999185392,-0.089249035,-0.156670587,-0.698042361,0.063607028,-0.238897742,-0.103069894,-0.068678073,-0.193476067,-0.874102699,0.081867259,-0.325034937,-0.220800000,0.000001000,-0.337307056,0.483783454,-1.045817177,0.041000000,0.509192012,-0.461390821,-0.208661333,1.018325087,0.273716342,-1.790501543
-0.016879922,-0.002157742,0.869963206,0.000665956,0.040403366,0.000427414,0.999183137,-0.085883867,-0.153711722,-0.703344805,0.061902056,-0.235303425,-0.103431503,-0.066379905,-0.190296535,-0.880167844,0.079772640,-0.319696841,-0.220800000,0.000000070,-0.203493023,0.471443347,-1.000804833,0.041000000,0.459204698,-0.563922988,-0.213046195,0.998771631,0.159343667,-1.777239421
-0.015901095,-0.004120094,0.869553052,0.000687726,0.040520714,-0.001520880,0.999177304,-0.082509476,-0.150737076,-0.708722754,0.060134056,-0.231663047,-0.103798798,-0.064092902,-0.187097656,-0.886321928,0.077612842,-0.314288306,-0.220800000,-0.000000879,-0.068922318,0.458698433,-0.955008516,0.041000000,0.409118935,-0.666906765,-0.217473475,0.979358262,0.044119120,-1.763725857
-0.017705340,-0.006068821,0.868095766,0.000481732,0.040171493,-0.003037536,0.999188067,-0.076820075,-0.154012028,-0.751765264,0.058074083,-0.203074579,-0.106320993,-0.057346898,-0.189738325,-0.933545182,0.074602410,-0.273575267,-0.220800000,-0.000000949,-0.053209657,0.460709283,-0.987279384,0.041000000,0.380634661,-0.752533123,-0.176307549,0.965324876,0.041295401,-1.235239705
-0.019572335,-0.008017240,0.866614870,0.000270601,0.039811656,-0.004544453,0.999196831,-0.071078477,-0.157427890,-0.795657004,0.056007528,-0.173923602,-0.108891775,-0.050500356,-0.192510659,-0.981694429,0.071572798,-0.232066211,-0.220800000,-0.000000999,-0.040176907,0.463052835,-1.021310445,0.041000000,0.352637439,-0.837768120,-0.134113626,0.951412793,0.041006002,-0.695142381
-0.020475690,-0.008857073,0.866002047,0.000089668,0.039147540,-0.004587175,0.999222908,-0.070747135,-0.156258899,-0.798036512,0.056555223,-0.172585285,-0.109016734,-0.049990808,-0.191309402,-0.984199566,0.072026026,-0.230173318,-0.220800000,-0.000001000,-0.027844478,0.453770049,-1.031854116,0.041707060,0.351911185,-0.882142879,-0.116349340,0.948173670,0.041000000,-0.663540769
-0.021358635,-0.009673428,0.865407610,-0.000090626,0.038476961,-0.004598884,0.999248901,-0.070530379,-0.154992804,-0.799536823,0.057158285,-0.171836019,-0.109089892,-0.049615473,-0.190023987,-0.985737995,0.072553018,-0.229119466,-0.220800000,-0.000001000,-0.015526880,0.444241026,-1.041900341,0.042429095,0.351762510,-0.925652247,-0.099102455,0.945160593,0.041000000,-0.642708719
-0.021835890,-0.010234809,0.864570064,0.000089547,0.038021131,-0.004397932,0.999267253,-0.070272450,-0.154806279,-0.800570203,0.057500057,-0.171210875,-0.109149934,-0.049062520,-0.189776573,-0.986727465,0.072733628,-0.228288902,-0.220800000,-0.000001000,-0.025496075,0.435559427,-1.044220377,0.052432600,0.351460042,-0.946068577,-0.091601258,0.941801456,0.041000000,-0.628039874
-0.022305245,-0.010791226,0.863727785,0.000276739,0.037569472,-0.004192838,0.999285184,-0.070013719,-0.154640776,-0.801594492,0.057836740,-0.170588148,-0.109209721,-0.048506108,-0.189549371,-0.987706246,0.072907492,-0.227462686,-0.220800000,-0.000001000,-0.035899237,0.426894328,-1.046389969,0.062616833,0.351154578,-0.966035240,-0.084289828,0.938435581,0.041000000,-0.613491038
-0.022418296,-0.009852437,0.864253480,0.000166146,0.037303912,-0.003795451,0.999296745,-0.066037932,-0.160498811,-0.826031465,0.058856413,-0.157245246,-0.110229821,-0.043216375,-0.194564216,-1.012743058,0.072946020,-0.209138435,-0.220800000,-0.000001000,-0.059030798,0.419691056,-1.060736404,0.062118996,0.351262838,-0.913062698,-0.114454608,0.942307527,0.041000000,-0.428275898
-0.022523369,-0.008880169,0.864809805,0.000048886,0.037042510,-0.003393758,0.999307927,-0.061978918,-0.166491716,-0.850992655,0.059891378,-0.143617535,-0.111271424,-0.037820661,-0.199696433,-1.038318537,0.072981518,-0.190422398,-0.220800000,-0.000001000,-0.082447352,0.412520515,-1.075355483,0.061381984,0.351380361,-0.858457021,-0.145458492,0.946341531,0.041000000,-0.239239481
-0.019766814,-0.006454292,0.866416152,-0.000417574,0.038001736,-0.002843791,0.999273539,-0.055686824,-0.172571816,-0.874181681,0.058598140,-0.135430670,-0.112469553,-0.030518390,-0.205816913,-1.063856410,0.072690726,-0.178104426,-0.220800000,-0.000001000,-0.088021687,0.393430108,-1.077437620,0.051387716,0.350597429,-0.697520285,-0.183872444,0.918473637,0.041000000,-0.236313444
-0.016949652,-0.003997628,0.868044738,-0.000891429,0.038986757,-0.002290680,0.999236704,-0.049347435,-0.178653762,-0.897333174,0.057255592,-0.127359037,-0.113670998,-0.023175739,-0.211958322,-1.089393486,0.072393024,-0.165921961,-0.220800000,-0.000001000,-0.093218137,0.374087247,-1.079254234,0.041197387,0.349795427,-0.534331535,-0.222443334,0.889930084,0.041000000,-0.237329087
-0.014139393,-0.002783228,0.869065687,-0.000547162,0.040229764,-0.001590590,0.999189040,-0.042166764,-0.185591125,-0.928210711,0.056189514,-0.120693588,-0.115476624,-0.014690655,-0.218608216,-1.122221366,0.072324885,-0.155408791,-0.220800000,-0.000001000,-0.099733757,0.387071855,-1.092216377,0.041000000,0.337217712,-0.404885676,-0.221883581,0.886636047,0.041000000,-0.245389536
-0.011329271,-0.001593366,0.870074634,-0.000186733,0.041477780,-0.000887594,0.999139015,-0.034969476,-0.192545385,-0.959240858,0.055128897,-0.114055914,-0.117294184,-0.006183005,-0.225268154,-1.155193258,0.072261281,-0.144928594,-0.220800000,-0.000001000,-0.106275433,0.400695015,-1.105398674,0.041000000,0.324407397,-0.276106327,-0.220550895,0.883840753,0.041000000,-0.253589138
-0.010450547,-0.000847092,0.870498042,0.000421453,0.042436772,-0.000343303,0.999099007,-0.031068114,-0.199263465,-0.986282419,0.056142483,-0.110234281,-0.118926340,-0.001281864,-0.231346431,-1.182201200,0.073619320,-0.138537236,-0.220800000,-0.000000021,-0.128629283,0.427392298,-1.127286234,0.041000000,0.342682588,-0.182507359,-0.231230271,0.883451459,0.041000000,-0.257058003
-0.009615128,-0.000110765,0.870908321,0.001035193,0.043389219,0.000197431,0.999057689,-0.027240653,-0.205976249,-1.013234550,0.057202575,-0.106475787,-0.120554338,0.003538414,-0.237411667,-1.209075420,0.075009234,-0.132237556,-0.220800000,0.000000979,-0.151337668,0.454382724,-1.149368981,0.041000000,0.361654769,-0.089697194,-0.242178979,0.883116112,0.041000000,-0.260420796
-0.010670499,0.000545442,0.870695196,0.001443748,0.043466692,0.000654101,0.999053619,-0.027553408,-0.209587486,-1.022588821,0.058056608,-0.105344744,-0.121093963,0.003735531,-0.240691959,-1.217917957,0.075796562,-0.130333625,-0.220800000,0.000001000,-0.211474068,0.457813167,-1.158552904,0.041000000,0.421087888,-0.045473114,-0.277771006,0.937828441,0.052910653,-0.256675554
-0.011765914,0.001199952,0.870468869,0.001847955,0.043525619,0.001108991,0.999049987,-0.027953850,-0.213133035,-1.031570382,0.058906277,-0.104269347,-0.121610536,0.003834734,-0.243913269,-1.226378596,0.076571128,-0.128522793,-0.220800000,0.000001000,-0.272403166,0.460744627,-1.167463640,0.041000000,0.481377939,-0.002278051,-0.313884961,0.993706639,0.065073566,-0.252779768
-0.013542984,0.001213690,0.870403462,0.002112378,0.043070051,0.001462887,0.999068751,-0.028989114,-0.214660689,-1.035925310,0.059553642,-0.103779289,-0.121838595,0.003116650,-0.245251346,-1.230335958,0.077133310,-0.127698282,-0.220800000,0.000001000,-0.314146211,0.475709529,-1.119360738,0.041000000,0.509296445,0.007013492,-0.320873594,1.017833030,0.131736371,-0.251918413
-0.015336187,0.001212264,0.870341865,0.002373492,0.042602289,0.001814391,0.999087644,-0.030039403,-0.216140586,-1.040170738,0.060196219,-0.103303083,-0.122059826,0.002379222,-0.246544852,-1.234186740,0.077690466,-0.126897115,-0.220800000,0.000001000,-0.355435176,0.490959229,-1.069908484,0.041000000,0.536448806,0.015502635,-0.327172912,1.041207945,0.199689036,-0.251128875
-0.015541062,0.001170776,0.870726263,0.002704439,0.042213741,0.001921198,0.999103095,-0.029255666,-0.217184995,-1.041745817,0.060507192,-0.103106178,-0.122169539,0.003233295,-0.247462037,-1.235571014,0.077849197,-0.126567349,-0.220800000,0.000001000,-0.392354425,0.519809616,-1.050055727,0.041000000,0.547831849,0.007098714,-0.328267261,1.048224260,0.237015855,-0.250557564
-0.015710425,0.001128392,0.871120634,0.003036946,0.041826953,0.002022534,0.999118207,-0.028430922,-0.218219667,-1.043261190,0.060810751,-0.102915518,-0.122276758,0.004122953,-0.248370807,-1.236900140,0.077999021,-0.126248123,-0.220800000,0.000001000,-0.429175972,0.548964101,-1.030864785,0.041000000,0.558862305,-0.001682918,-0.329245232,1.054874812,0.273657911,-0.249991133
-0.016891835,0.000609343,0.871072650,0.003055952,0.041432647,0.002131941,0.999134351,-0.029040819,-0.217938530,-1.045113990,0.061282716,-0.102759508,-0.122359365,0.003621374,-0.247989160,-1.238539259,0.078409637,-0.125952025,-0.220800000,0.000001000,-0.463494165,0.563340144,-1.023212673,0.041000000,0.567403100,-0.032971516,-0.322693038,1.058456601,0.303837753,-0.249586401
-0.018094237,0.000080407,0.871015491,0.003068454,0.041038177,0.002241514,0.999150353,-0.029680473,-0.217630101,-1.046973788,0.061758174,-0.102604217,-0.122441460,0.003090939,-0.247580748,-1.240184807,0.078825662,-0.125656407,-0.220800000,0.000001000,-0.497760435,0.577409660,-1.015799893,0.041000000,0.575892256,-0.064726941,-0.315984657,1.061974740,0.333883560,-0.249185023
-0.019669143,-0.000133428,0.871131311,0.002784911,0.040347853,0.002359514,0.999179027,-0.030255425,-0.217180931,-1.049089280,0.062423422,-0.102424014,-0.122553267,0.002677098,-0.246977949,-1.242086777,0.079307082,-0.125314236,-0.220800000,0.000001000,-0.494847101,0.583327379,-1.012131405,0.041000000,0.560352049,-0.094513720,-0.313576741,1.069690298,0.339124296,-0.249632880
-0.021252819,-0.000339845,0.871251203,0.002494397,0.039650541,0.002477711,0.999207423,-0.030828855,-0.216728447,-1.051210790,0.063093137,-0.102243224,-0.122665772,0.002266003,-0.246370573,-1.243994783,0.079790042,-0.124970969,-0.220800000,0.000001000,-0.491058504,0.589053194,-1.008551064,0.041000000,0.544246157,-0.124254154,-0.311270064,1.077504670,0.343781085,-0.250100729
-0.021034528,-0.000694623,0.871219359,0.002366881,0.038894638,0.002399567,0.999237633,-0.028637198,-0.216436762,-1.052999384,0.064005313,-0.102046626,-0.122797128,0.004525337,-0.245869513,-1.245535352,0.080331522,-0.124611346,-0.220800000,0.000001000,-0.421284424,0.569194883,-1.005341652,0.041000000,0.487676469,-0.153469159,-0.313935206,1.087628335,0.315171255,-0.251909366
-0.020776398,-0.001052682,0.871184160,0.002242967,0.038137418,0.002317081,0.999267300,-0.026384410,-0.216148632,-1.054780618,0.064922849,-0.101849679,-0.122928901,0.006843711,-0.245370802,-1.247067798,0.080874296,-0.124251362,-0.220800000,0.000001000,-0.350051524,0.548770954,-1.002140441,0.041000000,0.430212200,-0.182672548,-0.316710266,1.097803054,0.285825961,-0.253747644
-0.018217501,-0.001525345,0.871156043,0.001965510,0.038944521,0.001941378,0.999237555,-0.023841445,-0.215081752,-1.056991364,0.065291773,-0.101669446,-0.123038402,0.009201777,-0.244160993,-1.249081306,0.081077065,-0.123857378,-0.220800000,0.000001000,-0.260825088,0.512424195,-0.986941091,0.041000000,0.374139686,-0.214319730,-0.329400506,1.106622086,0.215608090,-0.258755402
-0.015610667,-0.002000395,0.871128073,0.001684853,0.039784182,0.001559563,0.999205658,-0.021292434,-0.213998646,-1.059211060,0.065649267,-0.101489560,-0.123147438,0.011560670,-0.242936368,-1.251104838,0.081272751,-0.123462686,-0.220800000,0.000001000,-0.171223751,0.475745681,-0.971491757,0.041000000,0.318096170,-0.246017829,-0.342297331,1.115412872,0.144538628,-0.263829196
-0.013378107,-0.001984505,0.870510924,0.001108288,0.040596098,0.001104973,0.999174413,-0.019130528,-0.212737109,-1.061661383,0.065459595,-0.101304549,-0.123268947,0.013501272,-0.241623383,-1.253458309,0.081121206,-0.123050877,-0.220800000,0.000001000,-0.086521824,0.432076200,-0.948381811,0.041000000,0.281893245,-0.294643803,-0.338776646,1.125312037,0.095589377,-0.271626504
-0.011154264,-0.001957181,0.869880054,0.000524830,0.041407319,0.000648686,0.999142001,-0.016977637,-0.211471415,-1.064117077,0.065257179,-0.101119418,-0.123390745,0.015432131,-0.240308339,-1.255819464,0.080961575,-0.122638669,-0.220800000,0.000001000,-0.001934004,0.388243898,-0.925093449,0.041000000,0.246152409,-0.343664029,-0.334873597,1.135237016,0.047155307,-0.279487243
-0.011019230,-0.002507353,0.869311909,-0.000140528,0.041763639,0.000208743,0.999127487,-0.016904041,-0.209129224,-1.066705949,0.065059577,-0.100869203,-0.123481723,0.015310120,-0.237931830,-1.258449957,0.080840864,-0.122200147,-0.220800000,0.000000070,0.045950689,0.354318589,-0.905761195,0.041000000,0.242828404,-0.428138822,-0.315869708,1.137686568,0.043726816,-0.291726789
-0.010930899,-0.003070437,0.868745166,-0.000807717,0.042109758,-0.000230835,0.999112638,-0.016876936,-0.206762963,-1.069297797,0.064862083,-0.100617532,-0.123572012,0.015142209,-0.235531588,-1.261086471,0.080721024,-0.121761036,-0.220800000,-0.000000880,0.093014737,0.320614790,-0.886517396,0.041000000,0.240229207,-0.513406344,-0.296528180,1.139968977,0.041304603,-0.304064241
-0.012645560,-0.003969805,0.868242589,-0.001003025,0.042064395,-0.000607624,0.999114213,-0.018720366,-0.204879684,-1.071517812,0.064517174,-0.100395481,-0.123631257,0.013121322,-0.233569509,-1.263399028,0.080354767,-0.121426403,-0.220800000,-0.000000946,0.107860960,0.302126878,-0.874289701,0.073483261,0.242113668,-0.596976456,-0.254906553,1.125351601,0.041136410,-0.299192424
-0.014398068,-0.004876231,0.867741359,-0.001188427,0.042010808,-0.000983095,0.999115966,-0.020603061,-0.203006543,-1.073730021,0.064169170,-0.100174052,-0.123689850,0.011061538,-0.231616629,-1.265704784,0.079983337,-0.121093963,-0.220800000,-0.000000994,0.122030879,0.283958372,-0.862209286,0.106648398,0.244092249,-0.680510938,-0.212817231,1.110379471,0.041015531,-0.293959357
-0.016312833,-0.006253263,0.867276026,-0.001062299,0.042532537,-0.001919592,0.999092673,-0.023809563,-0.201006000,-1.075875543,0.063734930,-0.099969884,-0.123732210,0.007271585,-0.229498224,-1.268014030,0.079455474,-0.120812582,-0.220800000,-0.000000997,0.109358537,0.279855719,-0.848970227,0.146572796,0.242414705,-0.752145861,-0.186043528,1.095914998,0.041006824,-0.286068665
-0.018231432,-0.007641418,0.866811541,-0.000928808,0.043067813,-0.002869348,0.999067599,-0.027047354,-0.199002445,-1.078019488,0.063298651,-0.099766124,-0.123774187,0.003440737,-0.227375907,-1.270323359,0.078923914,-0.120532407,-0.220800000,-0.000001000,0.096051758,0.276085524,-0.835703782,0.186656955,0.240650745,-0.823499529,-0.159631822,1.081462523,0.041000768,-0.278115157
-0.019878944,-0.008410429,0.866578090,-0.000607467,0.043561835,-0.003134015,0.999045632,-0.030049599,-0.198328083,-1.079963906,0.062571092,-0.099550834,-0.123830111,0.000252685,-0.226514699,-1.272321477,0.077985529,-0.120256927,-0.220800000,-0.000001000,0.072532072,0.282883699,-0.825143068,0.202156273,0.239353608,-0.863053170,-0.149851411,1.071063394,0.041000341,-0.268131046
-0.021520463,-0.009165752,0.866349746,-0.000281973,0.044054928,-0.003383535,0.999023341,-0.033046636,-0.197683107,-1.081903913,0.061837093,-0.099335290,-0.123886344,-0.002921157,-0.225681371,-1.274312715,0.077038149,-0.119981551,-0.220800000,-0.000001000,0.048786596,0.289915522,-0.814642172,0.217112065,0.238066790,-0.901903770,-0.140438689,1.060753877,0.041000038,-0.258102043
-0.022354447,-0.008258655,0.866577715,-0.000396835,0.044447435,-0.003247090,0.999006369,-0.029582376,-0.202212492,-1.110347553,0.062524124,-0.094043969,-0.124975950,0.001388582,-0.227980674,-1.302152049,0.075128204,-0.113020746,-0.220800000,-0.000001000,0.025210666,0.300496904,-0.832481186,0.181860520,0.238652812,-0.857304779,-0.179322299,1.055687550,0.041000016,0.003215497
-0.023171481,-0.007316661,0.866815262,-0.000520942,0.044837823,-0.003102543,0.998989325,-0.025982484,-0.206850495,-1.139347546,0.063240984,-0.088646100,-0.126087248,0.005855414,-0.230345736,-1.330533976,0.073198054,-0.105919603,-0.220800000,-0.000001000,0.001638295,0.311152797,-0.850915100,0.145555045,0.239278148,-0.810954050,-0.219219726,1.050731286,0.041000000,0.269807982
-0.020215712,-0.004958898,0.868386765,-0.001020477,0.045381934,-0.002625135,0.998965739,-0.012718886,-0.214502123,-1.187009828,0.064811476,-0.084771623,-0.128045731,0.020527936,-0.236855215,-1.379757281,0.075805057,-0.100298913,-0.220800000,-0.000001000,0.003820050,0.317207144,-0.866469864,0.094017341,0.238059099,-0.650147092,-0.266311806,1.033004117,0.041000000,0.417776145
-0.017171482,-0.002567938,0.869989545,-0.001528815,0.045929614,-0.002139921,0.998941217,0.000771299,-0.222224413,-1.235109688,0.066401984,-0.080932866,-0.130024079,0.035439753,-0.243461869,-1.429469258,0.078518443,-0.094712936,-0.220800000,-0.000001000,0.006605667,0.323153598,-0.881957120,0.042122486,0.236796805,-0.486656459,-0.313572581,1.014977506,0.041000000,0.562962904
-0.014295426,-0.001211571,0.871494644,-0.001175807,0.046100646,-0.001273092,0.998935297,0.015415273,-0.229353967,-1.283854685,0.067990084,-0.081011485,-0.132143656,0.051087217,-0.249068628,-1.477412288,0.080886519,-0.093668679,-0.220800000,-0.000001000,0.008117226,0.353372888,-0.906863155,0.041000000,0.198466208,-0.351982553,-0.343123600,0.994757522,0.041000000,0.618606210
-0.011423089,0.000121923,0.872997582,-0.000803756,0.046263309,-0.000397825,0.998928877,0.030084755,-0.236470417,-1.332613945,0.069578130,-0.081176711,-0.134266354,0.066750945,-0.254653282,-1.525316210,0.083246961,-0.092724831,-0.220800000,-0.000001000,0.009600618,0.384128808,-0.931977421,0.041000000,0.159316097,-0.217945733,-0.372283088,0.974489046,0.041000000,0.672269871
-0.010233856,0.000235493,0.873743369,-0.000101173,0.046444172,0.000088060,0.998920878,0.037687686,-0.240112160,-1.360093269,0.070362422,-0.082126395,-0.135418104,0.074436109,-0.257272203,-1.550736896,0.084175498,-0.092910449,-0.220800000,-0.000000022,-0.014777956,0.427469822,-0.971128125,0.041000000,0.148188106,-0.142980456,-0.402242248,1.022573360,0.041000000,0.703273328
-0.009079480,0.000323799,0.874473475,0.000608256,0.046625378,0.000565880,0.998912100,0.045144267,-0.243681941,-1.387131882,0.071130068,-0.083092325,-0.136549745,0.081956036,-0.259829703,-1.575691948,0.085074379,-0.093119459,-0.220800000,0.000000977,-0.039692137,0.471071477,-1.010569526,0.041000000,0.137640458,-0.069238564,-0.432217970,1.072073274,0.041000000,0.733807488
-0.009022027,0.000210354,0.873986625,0.001530033,0.047719576,0.001031494,0.998859068,0.043551621,-0.245586375,-1.391100189,0.070497990,-0.083268768,-0.136683805,0.080529138,-0.261657016,-1.579182076,0.084575544,-0.093188431,-0.220800000,0.000001000,-0.082320524,0.501573165,-1.011258937,0.041000000,0.166200486,-0.042081170,-0.429049642,1.087421815,0.041000000,0.735762908
-0.008990260,0.000092186,0.873471279,0.002456779,0.048835044,0.001496821,0.998802714,0.041747081,-0.247451813,-1.394528288,0.069833136,-0.083426724,-0.136794506,0.078892744,-0.263467231,-1.582169585,0.084043981,-0.093254123,-0.220800000,0.000001000,-0.125363701,0.531768107,-1.011040940,0.041000000,0.195676249,-0.016014588,-0.425105221,1.101970676,0.041000000,0.737049137
-0.012653833,-0.002129065,0.873475297,0.002836969,0.048959627,0.002150841,0.998794413,0.040897734,-0.246115005,-1.417158009,0.070552620,-0.083829056,-0.137835846,0.077593530,-0.260574218,-1.600351237,0.083247032,-0.092572282,-0.220800000,0.000001000,-0.217991731,0.609747189,-1.074453481,0.041000000,0.277664172,-0.059383671,-0.367011946,1.146590245,0.209434069,0.735767084
-0.016399104,-0.004396812,0.873490797,0.003205075,0.049062276,0.002809032,0.998786629,0.040069505,-0.244707402,-1.440212242,0.071302709,-0.084236791,-0.138897762,0.076301770,-0.257577225,-1.618868804,0.082444216,-0.091873914,-0.220800000,0.000001000,-0.311715993,0.688782692,-1.139272779,0.041000000,0.360813044,-0.104287852,-0.307721536,1.191874623,0.381591912,0.734428252
-0.016442305,-0.004293221,0.873111310,0.003489598,0.049345576,0.002872570,0.998771538,0.039827308,-0.245425185,-1.442404096,0.070992772,-0.084309248,-0.139003096,0.076002430,-0.258199762,-1.620614636,0.082047189,-0.091842207,-0.220800000,0.000001000,-0.326811602,0.693346389,-1.128632765,0.041000000,0.373784036,-0.120178454,-0.293107374,1.192590196,0.411515524,0.734780102
-0.016408256,-0.004140149,0.872723582,0.003772376,0.049632637,0.002923699,0.998756138,0.039597339,-0.246187318,-1.444160624,0.070660717,-0.084374708,-0.139088469,0.075723798,-0.258897826,-1.622010499,0.081658630,-0.091824410,-0.220800000,0.000001000,-0.340266506,0.696356119,-1.116418179,0.041000000,0.385290660,-0.135463644,-0.279425449,1.192375772,0.438471203,0.735167232
-0.017145975,-0.004338189,0.872687312,0.003869620,0.049596033,0.002819495,0.998757884,0.039013352,-0.246192513,-1.445913794,0.070720967,-0.084374719,-0.139166700,0.074986429,-0.258815551,-1.623408725,0.081653398,-0.091744200,-0.220800000,0.000001000,-0.355875767,0.701970766,-1.102817428,0.041000000,0.393447869,-0.144536688,-0.273769372,1.192577283,0.465924674,0.735441767
-0.017901984,-0.004544550,0.872659370,0.003962466,0.049551758,0.002711609,0.998760016,0.038420974,-0.246179770,-1.447666885,0.070790514,-0.084373179,-0.139244762,0.074238188,-0.258714784,-1.624807007,0.081657250,-0.091662512,-0.220800000,0.000001000,-0.371536082,0.707647145,-1.089183827,0.041000000,0.401525702,-0.153462512,-0.268303497,1.192788650,0.493389942,0.735713634
-0.018806775,-0.004785838,0.872680829,0.003891707,0.049397883,0.002614917,0.998768174,0.037862791,-0.245781573,-1.449508595,0.070997104,-0.084366838,-0.139331006,0.073537480,-0.258195082,-1.626263677,0.081746020,-0.091571647,-0.220800000,0.000001000,-0.381961441,0.709687072,-1.072878620,0.041000000,0.407862097,-0.160937306,-0.262129230,1.194161049,0.508466897,0.735726649
-0.019714866,-0.005027900,0.872703384,0.003817319,0.049241577,0.002518474,0.998776428,0.037305366,-0.245374831,-1.451352269,0.071206734,-0.084360391,-0.139417431,0.072837826,-0.257666092,-1.627721642,0.081836672,-0.091480579,-0.220800000,0.000001000,-0.392270736,0.711646375,-1.056514180,0.041000000,0.414159882,-0.168379930,-0.255939257,1.195559190,0.523269192,0.735733924
-0.020665729,-0.005215013,0.872731011,0.003631077,0.049268449,0.002393814,0.998776103,0.036345848,-0.244778595,-1.453435457,0.071414234,-0.084358939,-0.139509359,0.071725940,-0.256919206,-1.629411642,0.081894041,-0.091391532,-0.220800000,0.000001000,-0.388153562,0.698128018,-1.044276446,0.041000000,0.416374599,-0.168469235,-0.253783300,1.198104484,0.522612010,0.735756063
-0.021617648,-0.005400770,0.872758763,0.003442076,0.049299836,0.002268459,0.998775517,0.035376413,-0.244177687,-1.455524553,0.071621682,-0.084357610,-0.139601422,0.070603887,-0.256166946,-1.631107365,0.081950589,-0.091302536,-0.220800000,0.000001000,-0.383680579,0.684227925,-1.032140491,0.041000000,0.418488611,-0.168377181,-0.251726837,1.200678071,0.521573540,0.735778568
-0.021718498,-0.005267327,0.872932287,0.003302429,0.049402427,0.002118809,0.998771248,0.035504932,-0.244079930,-1.457495371,0.071653528,-0.084371237,-0.139710802,0.070541676,-0.255897922,-1.632710616,0.081773095,-0.091234177,-0.220800000,0.000001000,-0.379615962,0.665099641,-1.021454380,0.041000000,0.424892930,-0.163796889,-0.255061135,1.202666344,0.511458232,0.735931788
-0.021799446,-0.005126420,0.873109220,0.003163936,0.049506680,0.001968592,0.998766841,0.035659125,-0.243993939,-1.459463423,0.071681268,-0.084385213,-0.139820586,0.070504248,-0.255640197,-1.634311704,0.081590127,-0.091166302,-0.220800000,0.000001000,-0.375560894,0.645849099,-1.010802174,0.041000000,0.431397574,-0.159111642,-0.258521492,1.204640930,0.501130667,0.736088065
-0.021529641,-0.004714802,0.873175870,0.003053348,0.048952699,0.001835573,0.998794744,0.037720005,-0.244377066,-1.461105519,0.071695149,-0.084415881,-0.139947695,0.072393628,-0.255846367,-1.635580407,0.081327540,-0.091119545,-0.220800000,0.000001000,-0.376997549,0.626113291,-1.000444581,0.041000000,0.441748234,-0.154412679,-0.264532924,1.205287090,0.485125275,0.736233421
-0.021251806,-0.004296986,0.873239996,0.002943397,0.048383632,0.001702947,0.998823038,0.039824534,-0.244770933,-1.462740152,0.071708712,-0.084446932,-0.140075201,0.074327118,-0.256063156,-1.636841502,0.081063131,-0.091073272,-0.220800000,0.000001000,-0.378559921,0.606366373,-0.990093733,0.041000000,0.452186937,-0.149713403,-0.270602757,1.205902839,0.468989903,0.736378527
-0.021046138,-0.003699860,0.873227598,0.002854943,0.048075584,0.001680982,0.998838206,0.041299831,-0.245529280,-1.464621211,0.071729991,-0.084484848,-0.140189599,0.075713540,-0.256691334,-1.638330594,0.080914449,-0.091023058,-0.220800000,0.000001000,-0.382227564,0.592103949,-0.979011702,0.041000000,0.460613513,-0.151306021,-0.272809531,1.205339253,0.449517225,0.736363106
-0.020842257,-0.003098294,0.873213306,0.002767020,0.047773994,0.001661756,0.998852956,0.042759550,-0.246296651,-1.466508371,0.071751461,-0.084522934,-0.140303672,0.077086418,-0.257329697,-1.639825330,0.080768633,-0.090972747,-0.220800000,0.000001000,-0.385947329,0.577977310,-0.967911568,0.041000000,0.468990273,-0.153054415,-0.274920663,1.204746469,0.429961921,0.736343711
-0.020698246,-0.002645435,0.873178565,0.002486527,0.047555421,0.001525866,0.998864341,0.043964652,-0.246545232,-1.468542576,0.072135493,-0.084521072,-0.140428156,0.078172186,-0.257475353,-1.641478342,0.081044512,-0.090883071,-0.220800000,0.000001000,-0.385962053,0.565937361,-0.957063993,0.041000000,0.470440115,-0.164376159,-0.273364458,1.202343999,0.404748224,0.735935998
-0.020555641,-0.002196067,0.873143343,0.002201512,0.047338790,0.001387236,0.998875502,0.045163777,-0.246781632,-1.470580235,0.072528038,-0.084518273,-0.140552883,0.079251213,-0.257609442,-1.643135071,0.081330293,-0.090792471,-0.220800000,0.000001000,-0.385889787,0.553946405,-0.946222347,0.041000000,0.471727322,-0.175922671,-0.271722150,1.199899040,0.379401676,0.735519167
-0.020575852,-0.002751208,0.872495919,0.002233551,0.046695594,0.001785813,0.998905072,0.046742125,-0.246266643,-1.472350616,0.072945153,-0.084497904,-0.140681544,0.081058952,-0.256997234,-1.644371657,0.081591838,-0.090712380,-0.220800000,0.000001000,-0.370760228,0.540489848,-0.882979308,0.041000000,0.517769906,-0.205145401,-0.262047540,1.193813142,0.346561785,0.734155400
-0.020599698,-0.003328777,0.871834825,0.002272667,0.046042846,0.002196384,0.998934466,0.048328940,-0.245734877,-1.474115030,0.073362817,-0.084477142,-0.140810293,0.082882962,-0.256368362,-1.645598863,0.081852841,-0.090632523,-0.220800000,0.000001000,-0.355294475,0.527000567,-0.818566269,0.041000000,0.564811772,-0.234762799,-0.252193588,1.187645950,0.313554586,0.732770491
-0.020012442,-0.003744227,0.871518718,0.002242367,0.045845313,0.002069314,0.998943891,0.050103119,-0.245088853,-1.475944530,0.073541650,-0.084393373,-0.140915291,0.084499851,-0.255641837,-1.646944139,0.081961332,-0.090478975,-0.220800000,0.000001000,-0.318250320,0.506062203,-0.788204221,0.041000000,0.595000567,-0.265262272,-0.246272114,1.181470470,0.268381480,0.730511843
-0.019410075,-0.004155668,0.871211141,0.002210350,0.045659033,0.001928950,0.998952775,0.051881931,-0.244440005,-1.477775641,0.073714577,-0.084308046,-0.141019701,0.086111619,-0.254912897,-1.648292334,0.082066051,-0.090323605,-0.220800000,0.000001000,-0.280672604,0.484939648,-0.758684140,0.041000000,0.624772643,-0.295783557,-0.240447878,1.175294785,0.222907552,0.728231590
-0.018157603,-0.004209276,0.871193080,0.002153683,0.044655521,0.001646990,0.998998766,0.056499338,-0.244154978,-1.479257182,0.073661457,-0.084179446,-0.141138982,0.090420651,-0.254562659,-1.649278381,0.081954831,-0.090119635,-0.220800000,0.000001000,-0.226656257,0.469093302,-0.748039473,0.041000000,0.649774956,-0.321275026,-0.252193279,1.168785922,0.153720879,0.724239342
-0.016889908,-0.004254505,0.871181799,0.002096437,0.043632822,0.001361713,0.999044507,0.061183212,-0.243878471,-1.480730538,0.073603044,-0.084049834,-0.141258612,0.094792840,-0.254221288,-1.650255948,0.081838554,-0.089914527,-0.220800000,0.000001000,-0.172254988,0.453370503,-0.737836788,0.041000000,0.674665581,-0.346648718,-0.264350086,1.162269259,0.083978953,0.720207007
-0.015563738,-0.004097025,0.871416004,0.001767067,0.042752298,0.000990089,0.999083649,0.065889101,-0.243311916,-1.482822082,0.073566248,-0.083875475,-0.141358564,0.099145622,-0.253675177,-1.651863398,0.081988210,-0.089628406,-0.220800000,0.000001000,-0.121364696,0.429884751,-0.735750958,0.041000000,0.683808582,-0.380895231,-0.268618188,1.155125588,0.063218732,0.709769618
-0.014236260,-0.003935012,0.871655698,0.001431612,0.041874910,0.000616533,0.999121645,0.070595482,-0.242738875,-1.484927448,0.073529935,-0.083700115,-0.141458075,0.103497969,-0.253124489,-1.653484931,0.082143812,-0.089340473,-0.220800000,0.000001000,-0.070552906,0.406225427,-0.733846611,0.041000000,0.692599481,-0.415340131,-0.272709907,1.147967898,0.043553692,0.699189018
-0.013638415,-0.003803144,0.871413433,0.000939712,0.041329339,0.000215720,0.999145113,0.073462556,-0.241737494,-1.487450716,0.073514761,-0.083543158,-0.141561110,0.106076225,-0.252204388,-1.655627216,0.082433030,-0.089085929,-0.220800000,0.000000073,-0.033630207,0.372019112,-0.737363293,0.041000000,0.684195422,-0.458180739,-0.273699234,1.141066326,0.042111482,0.683020211
-0.013058863,-0.003672031,0.871159085,0.000443889,0.040792060,-0.000185776,0.999167542,0.076283513,-0.240725374,-1.489984462,0.073500118,-0.083386662,-0.141664233,0.108609998,-0.251275024,-1.657782558,0.082725598,-0.088832222,-0.220800000,-0.000000878,0.002944247,0.337548350,-0.741015898,0.041000000,0.675360229,-0.501231855,-0.274610775,1.134171177,0.041126178,0.666711290
-0.013439931,-0.003729342,0.870541578,0.000048782,0.040472168,-0.000506794,0.999180536,0.077027617,-0.239609754,-1.492311942,0.073421687,-0.083214242,-0.141749204,0.109157467,-0.250215125,-1.659858160,0.082862366,-0.088610729,-0.220800000,-0.000000946,0.025176157,0.313078977,-0.747104868,0.041000000,0.669960886,-0.552441347,-0.277460934,1.127002367,0.041055507,0.648453290
-0.013843493,-0.003791064,0.869915568,-0.000343966,0.040157352,-0.000825927,0.999192968,0.077723090,-0.238491710,-1.494634593,0.073341763,-0.083041449,-0.141833750,0.109658426,-0.249152169,-1.661931894,0.082995486,-0.088389990,-0.220800000,-0.000000994,0.047072225,0.288843795,-0.753250886,0.041000000,0.664641997,-0.603841874,-0.280356488,1.119827149,0.041006253,0.630149651
-0.014994275,-0.004060994,0.869244160,-0.000690974,0.040573130,-0.001991703,0.999174348,0.075871899,-0.237039773,-1.496711901,0.073286734,-0.082855812,-0.141883721,0.107071249,-0.247715964,-1.664019451,0.083075265,-0.088175415,-0.220800000,-0.000000997,0.052640011,0.280713980,-0.756276691,0.041000000,0.664148871,-0.659878343,-0.286266355,1.112187850,0.041002777,0.613713162
-0.016161670,-0.004335552,0.868571744,-0.001036964,0.041005084,-0.003176299,0.999153351,0.073964085,-0.235580412,-1.498783755,0.073232259,-0.082669889,-0.141932924,0.104415411,-0.246271460,-1.666107314,0.083153857,-0.087960977,-0.220800000,-0.000001000,0.057844760,0.272942246,-0.759233121,0.041000000,0.663763039,-0.716017885,-0.292243242,1.104538232,0.041000319,0.597318187
-0.017689534,-0.004636792,0.867992166,-0.001118765,0.041208824,-0.003455350,0.999143954,0.071589555,-0.234677716,-1.500413363,0.072940953,-0.082502895,-0.141974729,0.101853367,-0.245318593,-1.667671591,0.082826958,-0.087787730,-0.220800000,-0.000001000,0.053356783,0.271525288,-0.761938338,0.060122281,0.664214144,-0.759202474,-0.293730935,1.096635661,0.041000139,0.591591382
-0.019226436,-0.004938700,0.867414917,-0.001193942,0.041406837,-0.003711697,0.999134762,0.069203322,-0.233788978,-1.502031883,0.072643710,-0.082336376,-0.142016349,0.099293675,-0.244378053,-1.669222740,0.082489892,-0.087615516,-0.220800000,-0.000001000,0.048625777,0.270267666,-0.764637255,0.079724021,0.664686235,-0.802062239,-0.295106070,1.088726747,0.041000016,0.586132063
-0.020543221,-0.005270749,0.867072608,-0.001300386,0.041571744,-0.003914441,0.999127007,0.067135113,-0.232842465,-1.503267946,0.072413768,-0.082173165,-0.142045857,0.097085312,-0.243338296,-1.670416002,0.082128757,-0.087447782,-0.220800000,-0.000001000,0.037561673,0.271549339,-0.767383714,0.105803716,0.665114698,-0.832628762,-0.296336171,1.084969369,0.041000007,0.588121261
-0.021854810,-0.005603509,0.866735844,-0.001407568,0.041735867,-0.004115920,0.999119210,0.065074412,-0.231894588,-1.504494981,0.072185414,-0.082010033,-0.142075078,0.094885241,-0.242296197,-1.671600816,0.081767053,-0.087280154,-0.220800000,-0.000001000,0.026348080,0.272890950,-0.770131295,0.132036319,0.665542131,-0.862905110,-0.297562849,1.081309985,0.041000001,0.590286276
-0.022833682,-0.005725089,0.866620047,-0.001329574,0.041852801,-0.004005210,0.999114875,0.063499668,-0.231669588,-1.505498272,0.071741301,-0.081861376,-0.142098600,0.093330569,-0.241944542,-1.672537985,0.081128493,-0.087134767,-0.220800000,-0.000001000,0.012810015,0.279211225,-0.772792556,0.152654646,0.665381520,-0.875691296,-0.296709200,1.083054202,0.041000000,0.601517118
-0.023805104,-0.005841941,0.866509197,-0.001247433,0.041968677,-0.003887510,0.999110585,0.061935805,-0.231460772,-1.506496553,0.071292357,-0.081713044,-0.142121994,0.091790348,-0.241608347,-1.673469609,0.080483734,-0.086989879,-0.220800000,-0.000001000,-0.000780096,0.285642974,-0.775451884,0.173147266,0.665207743,-0.888085872,-0.295808972,1.084919408,0.041000000,0.612950948
-0.024235111,-0.005814748,0.866735594,-0.001082613,0.042104588,-0.003585720,0.999106188,0.064348140,-0.231121335,-1.521251279,0.069181004,-0.078440004,-0.142603942,0.093840561,-0.239953244,-1.686768311,0.076635167,-0.083623734,-0.220800000,-0.000001000,-0.029441392,0.298441276,-0.820123558,0.202911707,0.665278448,-0.883879367,-0.301860832,1.084314663,0.041000000,0.879889310
-0.024651526,-0.005783938,0.866970458,-0.000915716,0.042240996,-0.003279308,0.999101649,0.066860296,-0.230778619,-1.536351358,0.067027916,-0.075088518,-0.143097403,0.095980912,-0.238265031,-1.700377487,0.072706169,-0.080176721,-0.220800000,-0.000001000,-0.058481046,0.311399410,-0.865849944,0.232908915,0.665355289,-0.879256095,-0.308087222,1.083647912,0.041000000,1.153242067
-0.023731057,-0.005501660,0.867384384,-0.001026923,0.041757551,-0.003032696,0.999122643,0.070499870,-0.231246528,-1.541316474,0.067361887,-0.074079094,-0.143267401,0.099720921,-0.238665227,-1.704880750,0.073231356,-0.079105881,-0.220800000,-0.000001000,-0.062527901,0.324710413,-0.875405687,0.193587479,0.666267830,-0.839258603,-0.306821904,1.078438649,0.041000000,1.251796067
-0.022778906,-0.005213422,0.867802554,-0.001144720,0.041259402,-0.002787500,0.999143924,0.074166162,-0.231733647,-1.546041404,0.067754797,-0.073125173,-0.143429733,0.103498840,-0.239114916,-1.709168214,0.073862101,-0.078091353,-0.220800000,-0.000001000,-0.065982462,0.338029779,-0.884104235,0.152623285,0.667200176,-0.798422790,-0.305379043,1.073121735,0.041000000,1.346207577
-0.021338311,-0.004347511,0.868538822,-0.001238620,0.040755135,-0.002447690,0.999165399,0.078822461,-0.233488596,-1.551712934,0.068705751,-0.072307682,-0.143624589,0.108377560,-0.240920900,-1.714431440,0.075322408,-0.077231998,-0.220800000,-0.000001000,-0.069510822,0.353282871,-0.893153629,0.097631365,0.670048709,-0.730633731,-0.319848462,1.060428117,0.041000000,1.440284003
-0.019886933,-0.003468847,0.869282114,-0.001331992,0.040250717,-0.002105791,0.999186505,0.083500617,-0.235271535,-1.557405362,0.069669024,-0.071493202,-0.143820164,0.113280582,-0.242756826,-1.719716207,0.076801029,-0.076376068,-0.220800000,-0.000001000,-0.073040813,0.368578654,-0.902210769,0.042329757,0.672939545,-0.662249630,-0.334669174,1.047571645,0.041000000,1.534353031
-0.018453439,-0.002840906,0.870621271,-0.001165824,0.040272917,-0.001657733,0.999186662,0.088841669,-0.237688560,-1.570811622,0.071505619,-0.071036524,-0.144324274,0.118791632,-0.245028945,-1.732140201,0.079289581,-0.075948714,-0.220800000,-0.000001000,-0.081519011,0.389902099,-0.905819113,0.041000157,0.703331976,-0.588659870,-0.340186860,1.030894080,0.041000000,1.641026731
-0.017020385,-0.002219141,0.871975105,-0.000993263,0.040308080,-0.001207059,0.999186076,0.094199050,-0.240121205,-1.584407890,0.073363726,-0.070588660,-0.144835985,0.124317659,-0.247311809,-1.744740051,0.081803009,-0.075531916,-0.220800000,-0.000001000,-0.090119095,0.411374019,-0.909293241,0.041000004,0.734401832,-0.514941884,-0.345475392,1.014122394,0.041000000,1.748010910
-0.016265722,-0.002158536,0.872842189,-0.000608514,0.040614771,-0.000776844,0.999174393,0.109469832,-0.240751231,-1.646947357,0.075259608,-0.072512687,-0.147499337,0.138300005,-0.246158079,-1.800746174,0.083423848,-0.077340512,-0.220800000,-0.000001000,-0.111266202,0.438660367,-0.893086374,0.041000000,0.982836235,-0.451886026,-0.346525129,0.998147263,0.041000000,1.838834575
-0.015527051,-0.002111159,0.873697799,-0.000218762,0.040927845,-0.000347112,0.999162020,0.124974301,-0.241338763,-1.710640555,0.077156381,-0.074492626,-0.150213410,0.152481692,-0.244923338,-1.857775508,0.085023645,-0.079201566,-0.220800000,-0.000001000,-0.132709079,0.466083779,-0.876415570,0.041000000,1.236394549,-0.389081505,-0.347474945,0.982190910,0.041000000,1.929277290
-0.015724368,-0.002840610,0.874126232,0.000542460,0.041371205,0.000336228,0.999143641,0.125169294,-0.241911009,-1.717601266,0.077173752,-0.074744194,-0.150500545,0.152760087,-0.245285080,-1.863649860,0.084926294,-0.079364982,-0.220800000,-0.000000025,-0.147760521,0.522031762,-0.848874136,0.041000000,1.310293201,-0.342959514,-0.346152108,0.993517646,0.041000000,1.931220000
-0.015942232,-0.003587114,0.874545288,0.001311835,0.041817374,0.001025134,0.999123884,0.125028222,-0.242482919,-1.723316612,0.077149868,-0.074957822,-0.150734405,0.152733284,-0.245681867,-1.868401282,0.084791688,-0.079491131,-0.220800000,0.000000971,-0.162671662,0.578605903,-0.821094076,0.041000000,1.380248050,-0.297203730,-0.344779382,1.005443288,0.041000000,1.931220000
-0.016467367,-0.004450503,0.874156839,0.001782877,0.042564537,0.001321745,0.999091254,0.123601296,-0.241914468,-1.728673111,0.076853519,-0.075251205,-0.150977510,0.151200653,-0.245013883,-1.872697512,0.084399645,-0.079608488,-0.220800000,0.000000997,-0.199109382,0.608577294,-0.786892146,0.041000000,1.434811703,-0.266001540,-0.328399850,1.019286357,0.041000000,1.931220000
-0.017000080,-0.005316775,0.873748474,0.002246560,0.043319088,0.001608679,0.999057467,0.122142656,-0.241317892,-1.734020759,0.076550450,-0.075546556,-0.151220842,0.149630882,-0.244319637,-1.876982516,0.084001253,-0.079725629,-0.220800000,0.000001000,-0.236078026,0.637892563,-0.752531830,0.041000000,1.488995752,-0.235158295,-0.311650194,1.033176717,0.041000000,1.931220000
-0.018102645,-0.006165136,0.872902268,0.002533186,0.043856545,0.001769495,0.999033060,0.120370387,-0.239825734,-1.740137316,0.075433516,-0.075726019,-0.151517730,0.147526645,-0.242677080,-1.881581442,0.082566823,-0.079646215,-0.220800000,0.000001000,-0.278517358,0.659069593,-0.721267977,0.041000000,1.536567612,-0.214999924,-0.299162294,1.047356498,0.041000000,1.931220000
-0.019218517,-0.007013077,0.872045838,0.002815676,0.044388917,0.001927364,0.999008499,0.118590794,-0.238312662,-1.746271829,0.074297575,-0.075902777,-0.151815868,0.145409926,-0.241012378,-1.886187699,0.081108199,-0.079562210,-0.220800000,0.000001000,-0.321084447,0.680056571,-0.690076435,0.041000000,1.583985057,-0.195091076,-0.286773918,1.061543038,0.041000000,1.931220000
-0.020593964,-0.007580418,0.870964805,0.003007400,0.044605727,0.002063974,0.998998010,0.116621206,-0.237041915,-1.750496199,0.073033364,-0.075825759,-0.152018590,0.143144479,-0.239587758,-1.889063422,0.079400792,-0.079324152,-0.220800000,0.000001000,-0.367466844,0.703090638,-0.662454583,0.041000000,1.622506461,-0.186079648,-0.280112157,1.075104894,0.041000000,1.931220000
-0.021976178,-0.008140443,0.869877917,0.003196757,0.044814306,0.002200029,0.998987797,0.114646664,-0.235777486,-1.754670767,0.071765808,-0.075742125,-0.152218824,0.140875154,-0.238169397,-1.891894026,0.077686899,-0.079082077,-0.220800000,0.000001000,-0.413948717,0.726178078,-0.634925803,0.041000000,1.660795923,-0.177352343,-0.273599702,1.088650464,0.041000000,1.931220000
-0.023368102,-0.008426897,0.868888777,0.003845274,0.044437896,0.002714456,0.999001061,0.113746392,-0.235601272,-1.758609803,0.069386892,-0.075339095,-0.152403859,0.139526522,-0.237629216,-1.893574587,0.074235475,-0.078618052,-0.220800000,0.000001000,-0.432414957,0.706595368,-0.552436353,0.041000000,1.694065364,-0.179547359,-0.267200031,1.103124549,0.067881358,1.931029747
-0.024760265,-0.008706595,0.867902052,0.004505128,0.044047002,0.003238224,0.999014054,0.112872649,-0.235451932,-1.762543024,0.066980531,-0.074928178,-0.152588519,0.138200627,-0.237110722,-1.895226747,0.070741142,-0.078148545,-0.220800000,0.000001000,-0.450189346,0.685958913,-0.468589641,0.041000000,1.727210835,-0.182012105,-0.260803144,1.117621564,0.095426556,1.930834795
-0.025776582,-0.008843439,0.867329411,0.004441969,0.043732581,0.003262779,0.999028070,0.112557485,-0.233863302,-1.766185125,0.064846748,-0.074116195,-0.152769188,0.136981034,-0.235139246,-1.895909838,0.067416470,-0.077405975,-0.220800000,0.000001000,-0.478865550,0.668679973,-0.410510334,0.041000000,1.746623850,-0.184520732,-0.253071687,1.130319688,0.160392537,1.930618189
-0.026784135,-0.008976951,0.866766427,0.004361949,0.043419940,0.003275692,0.999042017,0.112255347,-0.232241106,-1.769820437,0.062719321,-0.073294858,-0.152949764,0.135763920,-0.233133884,-1.896570330,0.064095755,-0.076657035,-0.220800000,0.000001000,-0.507796001,0.651479335,-0.353031961,0.041000000,1.765716602,-0.187030383,-0.245309105,1.142975859,0.226231227,1.930401077
-0.027488625,-0.008958541,0.866223814,0.004101525,0.043046443,0.003231160,0.999059428,0.112153508,-0.230891953,-1.771379899,0.061380117,-0.072704455,-0.153048020,0.135138963,-0.231663214,-1.896298793,0.062205941,-0.076188203,-0.220800000,0.000001000,-0.537995306,0.641376996,-0.326285930,0.041000000,1.773228156,-0.207087253,-0.244948251,1.179099215,0.285186607,1.930717914
-0.028185244,-0.008936185,0.865681730,0.003836414,0.042671356,0.003185136,0.999076720,0.112056872,-0.229549894,-1.772885435,0.060061389,-0.072120052,-0.153144137,0.134529389,-0.230206434,-1.896003045,0.060353299,-0.075726647,-0.220800000,0.000001000,-0.568227574,0.631459055,-0.300338256,0.041000000,1.780438857,-0.227599959,-0.244779678,1.215832196,0.343963175,1.931048620
-0.028926486,-0.008874971,0.865079594,0.003343269,0.043099871,0.003014558,0.999060627,0.109830676,-0.227316418,-1.773796668,0.057891344,-0.071345074,-0.153223360,0.131680919,-0.227912710,-1.894994128,0.057707976,-0.075206086,-0.220800001,0.000001000,-0.607877702,0.627758643,-0.288692202,0.041000000,1.822564781,-0.244755408,-0.235324674,1.247290603,0.393669019,1.931131233
-0.029668828,-0.008812799,0.864475980,0.002844505,0.043548160,0.002840911,0.999043240,0.107552025,-0.225060984,-1.774693263,0.055700330,-0.070565401,-0.153302166,0.128777299,-0.225598371,-1.893967645,0.055043128,-0.074684071,-0.220800002,0.000001000,-0.647759812,0.624211382,-0.277398428,0.041000000,1.865550744,-0.261828161,-0.225640925,1.278619086,0.443151432,1.931207734
-0.029795417,-0.008622613,0.864226915,0.002579949,0.043677041,0.002716475,0.999038678,0.106896252,-0.224065824,-1.774646957,0.054378800,-0.069877652,-0.153347631,0.127703159,-0.224637059,-1.892563726,0.053542985,-0.074216983,-0.220800026,0.000001000,-0.667478236,0.623075377,-0.281553994,0.041000000,1.898088620,-0.260051193,-0.226050789,1.286444714,0.459948327,1.931179568
-0.029907645,-0.008429441,0.863986120,0.002320854,0.043798469,0.002593186,0.999034325,0.106278328,-0.223100055,-1.774578662,0.053077547,-0.069192047,-0.153392318,0.126671685,-0.223707301,-1.891151004,0.052070005,-0.073751176,-0.220800050,0.000001000,-0.686726412,0.621995606,-0.286069862,0.041000000,1.930382831,-0.257834622,-0.226696052,1.293722221,0.475982947,1.931148961
-0.029964013,-0.008424196,0.864053748,0.002222714,0.043805718,0.002517377,0.999034425,0.106207803,-0.222847605,-1.774570998,0.053034337,-0.069080823,-0.153397367,0.126515618,-0.223464819,-1.890969323,0.052032918,-0.073665770,-0.220798932,0.000001000,-0.678250374,0.621926932,-0.290151864,0.041000000,1.931208505,-0.255335737,-0.225604298,1.294602810,0.474000664,1.931164889
-0.030018933,-0.008423822,0.864129369,0.002128745,0.043810008,0.002442799,0.999034626,0.106151464,-0.222613640,-1.774564906,0.053023728,-0.068984485,-0.153401389,0.126382236,-0.223240146,-1.890819544,0.052033042,-0.073590222,-0.220797783,0.000001000,-0.669055873,0.621884460,-0.294222624,0.041000000,1.931218684,-0.252829535,-0.224467531,1.295317626,0.471551480,1.931182023
-0.029613499,-0.008497773,0.864414366,0.002098014,0.043816939,0.002358504,0.999034590,0.106812151,-0.222423738,-1.774489063,0.053039986,-0.068875499,-0.153404772,0.126941535,-0.223067364,-1.890613683,0.052084948,-0.073494401,-0.220795191,0.000001000,-0.636527858,0.615208168,-0.309947543,0.041000000,1.930849771,-0.254131936,-0.218496601,1.295413882,0.460903140,1.931101929
-0.029196683,-0.008573561,0.864704540,0.002068845,0.043823934,0.002273969,0.999034540,0.107490567,-0.222234926,-1.774411496,0.053056909,-0.068766201,-0.153408139,0.127517961,-0.222895865,-1.890406436,0.052138136,-0.073398078,-0.220792562,0.000001000,-0.603422884,0.608367844,-0.325960630,0.041000000,1.930471486,-0.255528511,-0.212406139,1.295494844,0.450052064,1.931019430
-0.028077118,-0.008717990,0.865299798,0.002064281,0.043923081,0.002154019,0.999030461,0.109112204,-0.222072058,-1.774310675,0.053222914,-0.068631430,-0.153409699,0.129005372,-0.222771489,-1.890184670,0.052410140,-0.073260267,-0.220786959,0.000001000,-0.539162266,0.582340627,-0.352450373,0.041000000,1.922072545,-0.266139434,-0.207864346,1.292361749,0.431530554,1.930365783
-0.026941119,-0.008864023,0.865902190,0.002060292,0.044024381,0.002033241,0.999026263,0.110755897,-0.221909796,-1.774209310,0.053392405,-0.068496063,-0.153411217,0.130514086,-0.222648216,-1.889962564,0.052687262,-0.073121486,-0.220781286,0.000001000,-0.474173095,0.555864738,-0.379185105,0.041000000,1.913486048,-0.276965828,-0.203358767,1.289153495,0.412829676,1.929698780
-0.024848498,-0.008389310,0.866888629,0.002022478,0.044261318,0.001814522,0.999016293,0.113701364,-0.222706288,-1.774234670,0.053724836,-0.068325651,-0.153412999,0.133266446,-0.223544935,-1.889885635,0.053290765,-0.072917287,-0.220772149,0.000001000,-0.394782965,0.522385923,-0.413168980,0.041000000,1.901570419,-0.295307832,-0.204575648,1.281967961,0.383460947,1.927818480
-0.022730995,-0.007898451,0.867885057,0.001983784,0.044501779,0.001593255,0.999006065,0.116680688,-0.223527717,-1.774263326,0.054061506,-0.068154328,-0.153414789,0.136051152,-0.224468183,-1.889812481,0.053902757,-0.072711386,-0.220762922,0.000001000,-0.315018274,0.488724967,-0.447341401,0.041000000,1.889568201,-0.313845311,-0.205941366,1.274678980,0.353814754,1.925906623
-0.020301583,-0.006974888,0.868760315,0.001902139,0.044842080,0.001337151,0.998991382,0.120064993,-0.225229669,-1.774741486,0.055027142,-0.067948905,-0.153425602,0.139282908,-0.226370753,-1.890157083,0.055374784,-0.072437851,-0.220760743,0.000001000,-0.238217456,0.464709758,-0.481992494,0.041000000,1.880258157,-0.337552564,-0.212190816,1.263599670,0.306423348,1.922036222
-0.017864410,-0.006040557,0.869632558,0.001819426,0.045184858,0.001080180,0.998976402,0.123459376,-0.226953533,-1.775230831,0.056008430,-0.067742632,-0.153436639,0.142525788,-0.228297693,-1.890512081,0.056868212,-0.072162632,-0.220758739,0.000001000,-0.161490390,0.440934576,-0.516655498,0.041000000,1.871015104,-0.361388463,-0.218561793,1.252426041,0.258590366,1.918117085
-0.015809454,-0.005313538,0.870012466,0.001690757,0.045750121,0.000775377,0.998951183,0.125944626,-0.228684661,-1.776490749,0.057990050,-0.067509321,-0.153471067,0.144933285,-0.230345678,-1.891545087,0.059608974,-0.071831489,-0.220775377,0.000001000,-0.095274702,0.428726959,-0.548545541,0.041000000,1.863590240,-0.373641904,-0.249571622,1.237274551,0.177871458,1.912978705
-0.013763400,-0.004591347,0.870380907,0.001561017,0.046320546,0.000469459,0.998925297,0.128408702,-0.230415957,-1.777768614,0.059994968,-0.067275379,-0.153506039,0.147321325,-0.232396482,-1.892593885,0.062378786,-0.071499044,-0.220792449,0.000001000,-0.029303824,0.416788752,-0.580371002,0.041000000,1.856207721,-0.385625589,-0.281155292,1.222030417,0.096386633,1.907811929
-0.012534829,-0.003818071,0.870436555,0.001197238,0.047171117,0.000196899,0.998886086,0.129198005,-0.231984234,-1.780064971,0.062775267,-0.067005197,-0.153578167,0.148166881,-0.234373418,-1.894597667,0.066144958,-0.071105573,-0.220796180,0.000000074,0.002771113,0.403128154,-0.605099837,0.041000000,1.848622448,-0.417999174,-0.287237392,1.200184157,0.069619591,1.889448673
-0.011327597,-0.003043461,0.870484038,0.000827349,0.048028957,-0.000074791,0.998845598,0.129943589,-0.233548254,-1.782387916,0.065575806,-0.066734068,-0.153651264,0.148972173,-0.236348426,-1.896626378,0.069937139,-0.070710509,-0.220799562,-0.000000877,0.033961228,0.389422594,-0.629643422,0.041000000,1.841031882,-0.450905019,-0.292653796,1.178165553,0.044280906,1.870740934
-0.011561417,-0.002881757,0.870161567,0.000353189,0.048526771,-0.000371970,0.998821751,0.129185204,-0.233505645,-1.784677185,0.067661307,-0.066508368,-0.153743118,0.148243674,-0.236600715,-1.898714769,0.072742190,-0.070405820,-0.220799809,-0.000000946,0.033021386,0.362355250,-0.650290804,0.041000000,1.831857781,-0.496120161,-0.291750269,1.154452324,0.042429324,1.841895754
-0.011831095,-0.002735304,0.869829889,-0.000123566,0.049015600,-0.000669784,0.998797781,0.128389394,-0.233423056,-1.786965616,0.069729014,-0.066283799,-0.153835439,0.147477008,-0.236810135,-1.900804646,0.075522677,-0.070103380,-0.220799978,-0.000000994,0.031282015,0.334955408,-0.670841233,0.041000000,1.822644275,-0.541641610,-0.290689475,1.130696925,0.041162200,1.812798311
-0.013042957,-0.002925655,0.869394599,-0.000474707,0.049178009,-0.000942701,0.998789472,0.126663571,-0.232562824,-1.788687057,0.070645060,-0.066108361,-0.153902193,0.145709960,-0.236082846,-1.902446933,0.076779261,-0.069900024,-0.220799990,-0.000000997,0.024979487,0.317743313,-0.688505382,0.041000000,1.820760853,-0.587486318,-0.296788355,1.112517250,0.041071498,1.787363208
-0.014276821,-0.003123871,0.868956890,-0.000822915,0.049332784,-0.001215037,0.998781319,0.124916029,-0.231684431,-1.790395258,0.071534212,-0.065934071,-0.153968350,0.143919549,-0.235333682,-1.904078768,0.078000256,-0.069698981,-0.220799999,-0.000001000,0.018570396,0.300769131,-0.706102128,0.041000000,1.819048609,-0.633338575,-0.303054436,1.094467783,0.041008269,1.762013630
-0.015628942,-0.003336803,0.868525844,-0.000979286,0.049303715,-0.001426384,0.998782334,0.123203007,-0.230917229,-1.791562536,0.071682854,-0.065800342,-0.154011935,0.142125696,-0.234608750,-1.905232279,0.078264843,-0.069561095,-0.220800000,-0.000001000,0.010869196,0.293337734,-0.719813939,0.055572530,1.819616149,-0.680421664,-0.305197943,1.082725982,0.041003577,1.741100193
-0.016984143,-0.003550119,0.868094972,-0.001130661,0.049269854,-0.001636143,0.998783523,0.121490883,-0.230152923,-1.792715728,0.071812212,-0.065667669,-0.154054933,0.140331754,-0.233884448,-1.906373333,0.078504525,-0.069424853,-0.220800000,-0.000001000,0.003134349,0.286154840,-0.733424582,0.070524542,1.820243056,-0.727536804,-0.307234095,1.071148439,0.041000409,1.720302276
-0.018249461,-0.003871599,0.867573336,-0.001452050,0.048436123,-0.002249563,0.998822693,0.121606542,-0.228649118,-1.792999895,0.071645307,-0.065564031,-0.154090697,0.140106281,-0.232382955,-1.906769315,0.078322917,-0.069316618,-0.220800000,-0.000001000,-0.007196541,0.282351646,-0.745276669,0.100053892,1.821142949,-0.756879513,-0.298556804,1.056538345,0.041000179,1.711083952
-0.019512566,-0.004195744,0.867049464,-0.001777625,0.047582630,-0.002872922,0.998861592,0.121767224,-0.227127097,-1.793262656,0.071471103,-0.065461109,-0.154126283,0.139919444,-0.230862319,-1.907146944,0.078130933,-0.069209073,-0.220800000,-0.000001000,-0.017591376,0.278631702,-0.757085438,0.129942312,1.822049566,-0.785784448,-0.289615617,1.041853552,0.041000020,1.702150858
-0.020436394,-0.004562730,0.866802873,-0.001731321,0.046609664,-0.002998356,0.998907179,0.122535367,-0.226279852,-1.793287973,0.070801076,-0.065381755,-0.154144214,0.140575481,-0.229982339,-1.907236875,0.077366216,-0.069132136,-0.220800000,-0.000001000,-0.022908437,0.281817783,-0.768383013,0.159289282,1.822549478,-0.803776017,-0.286804880,1.030431057,0.041000009,1.698511480
-0.021352277,-0.004930719,0.866562774,-0.001676307,0.045633856,-0.003112127,0.998951979,0.123317734,-0.225448407,-1.793307729,0.070119438,-0.065302952,-0.154161731,0.141251254,-0.229117360,-1.907320069,0.076588088,-0.069055916,-0.220800000,-0.000001000,-0.028106597,0.285165573,-0.779668618,0.188623572,1.823039867,-0.821512041,-0.284137693,1.019084951,0.041000001,1.694996058
-0.021845858,-0.005146136,0.866417922,-0.001611728,0.044298812,-0.003112291,0.999012178,0.125430906,-0.224855012,-1.792973382,0.069251689,-0.065235335,-0.154175592,0.143315332,-0.228481355,-1.907037831,0.075584885,-0.068990201,-0.220800000,-0.000001000,-0.033491989,0.287786593,-0.792258023,0.210772373,1.823311670,-0.826826242,-0.281130731,1.012534647,0.041000000,1.699215935
-0.022328375,-0.005357555,0.866275565,-0.001546896,0.042954278,-0.003109473,0.999071003,0.127578945,-0.224267855,-1.792629757,0.068379065,-0.065168011,-0.154189357,0.145415782,-0.227851349,-1.906746019,0.074575785,-0.068924761,-0.220800000,-0.000001000,-0.038882286,0.290388571,-0.804881586,0.232732923,1.823577747,-0.831815006,-0.278114868,1.006109988,0.041000000,1.703638468
-0.022320349,-0.005414315,0.866513064,-0.001381852,0.041792450,-0.002966909,0.999120953,0.130193410,-0.223997924,-1.792569662,0.067085118,-0.064978714,-0.154193218,0.148025247,-0.227528157,-1.906732925,0.073174441,-0.068725222,-0.220800019,-0.000001000,-0.047955189,0.299191348,-0.829313711,0.247916029,1.823589552,-0.819433200,-0.274341314,0.999323097,0.041000000,1.724710231
-0.022300208,-0.005467255,0.866759943,-0.001214331,0.040635078,-0.002820889,0.999169334,0.132819393,-0.223735827,-1.792516569,0.065780767,-0.064786404,-0.154196833,0.150647281,-0.227212541,-1.906726714,0.071763409,-0.068522372,-0.220800039,-0.000001000,-0.057119033,0.308147255,-0.854037450,0.262931766,1.823595077,-0.806622424,-0.270549049,0.992527261,0.041000000,1.746193149
-0.021521550,-0.005355041,0.867147612,-0.001141015,0.040043448,-0.002595345,0.999193917,0.135615607,-0.223794319,-1.793839428,0.065164502,-0.064273207,-0.154240107,0.153550733,-0.227289818,-1.908046027,0.071261641,-0.067984615,-0.220800020,-0.000001000,-0.069069031,0.322461229,-0.891336647,0.243945554,1.824154582,-0.771630285,-0.263477703,0.984339783,0.041000000,1.799053422
-0.020725155,-0.005238965,0.867538573,-0.001069902,0.039465034,-0.002367940,0.999217574,0.138415801,-0.223860307,-1.795194463,0.064564328,-0.063752506,-0.154284308,0.156460765,-0.227376283,-1.909396336,0.070781136,-0.067439028,-0.220800000,-0.000001000,-0.081084180,0.336900498,-0.928929913,0.224164229,1.824727041,-0.736119449,-0.256329678,0.976119762,0.041000000,1.852647434
-0.019536441,-0.004568514,0.867958137,-0.001141820,0.039389722,-0.002137648,0.999220985,0.141256823,-0.225204978,-1.798501917,0.065706276,-0.062994469,-0.154377778,0.159542096,-0.228785867,-1.912683884,0.072272426,-0.066669377,-0.220800000,-0.000001000,-0.088972631,0.351931066,-0.953484277,0.171660231,1.826039632,-0.675389919,-0.268736027,0.962629566,0.041000000,1.891654437
-0.018337584,-0.003883731,0.868378441,-0.001217436,0.039327414,-0.001907280,0.999223816,0.144098900,-0.226582705,-1.801859843,0.066893260,-0.062230297,-0.154472521,0.162627855,-0.230229656,-1.916021513,0.073814689,-0.065893933,-0.220800000,-0.000001000,-0.096754400,0.366976921,-0.977701568,0.118310304,1.827371356,-0.614008450,-0.281647886,0.949003127,0.041000000,1.930284344
-0.016758602,-0.003425843,0.868813582,-0.001184195,0.039596452,-0.001643347,0.999213700,0.146939130,-0.228012405,-1.805839357,0.068486078,-0.061550248,-0.154579664,0.165719550,-0.231703546,-1.919894268,0.075743167,-0.065226540,-0.220800000,-0.000001000,-0.104376357,0.369126105,-0.990400198,0.079972513,1.828615280,-0.544818148,-0.281831474,0.947956402,0.041000000,1.931219980
-0.015170185,-0.002973586,0.869249091,-0.001148252,0.039873710,-0.001378580,0.999203117,0.149779314,-0.229443395,-1.809834298,0.070088970,-0.060872288,-0.154687115,0.168811393,-0.233178184,-1.923780306,0.077681232,-0.064561829,-0.220800000,-0.000001000,-0.111994348,0.370955179,-1.002812922,0.042007340,1.829857024,-0.475434023,-0.281699132,0.947221920,0.041000000,1.931219999
-0.014224761,-0.002635699,0.870171902,-0.001000177,0.041498363,-0.000846455,0.999137713,0.149074535,-0.231001341,-1.815948439,0.071983826,-0.060481914,-0.154869319,0.168408849,-0.234612904,-1.929585061,0.079684604,-0.064242468,-0.220800000,-0.000001000,-0.120576677,0.389480536,-1.002421256,0.041001037,1.843228107,-0.417592038,-0.283773850,0.953748356,0.041000000,1.931220000
-0.013296825,-0.002300922,0.871107967,-0.000849049,0.043159539,-0.000307055,0.999067785,0.148273333,-0.232562740,-1.822120223,0.073886623,-0.060099364,-0.155053557,0.167911256,-0.236046539,-1.935442005,0.081689753,-0.063932500,-0.220800000,-0.000001000,-0.129185237,0.408460036,-1.001681307,0.041000026,1.856929112,-0.360064003,-0.285908601,0.960472291,0.041000000,1.931220000
-0.012830715,-0.002217357,0.871962960,-0.000483398,0.044619745,-0.000001174,0.999003926,0.147721621,-0.233846508,-1.830197000,0.075378385,-0.060233336,-0.155356743,0.167340185,-0.237078249,-1.942893970,0.083034897,-0.064149704,-0.220800000,-0.000001000,-0.137779345,0.435140632,-0.989272285,0.041000000,1.893146824,-0.305763599,-0.290661526,0.969756339,0.041000000,1.931220000
-0.012376573,-0.002140303,0.872815852,-0.000112187,0.046074641,0.000298656,0.998937949,0.147176375,-0.235123083,-1.838323144,0.076859494,-0.060380694,-0.155663011,0.166767209,-0.238099543,-1.950387269,0.084362938,-0.064380570,-0.220800000,-0.000001000,-0.146373079,0.462020800,-0.976560865,0.041000000,1.929948048,-0.251546837,-0.295482300,0.979106730,0.041000000,1.931220000
-0.012977332,-0.002443357,0.873458735,0.000406519,0.046909720,0.000549621,0.998898899,0.145785789,-0.235813930,-1.844013513,0.077390574,-0.060786269,-0.155907586,0.165266896,-0.238589568,-1.955462128,0.084675972,-0.064785819,-0.220800000,-0.000000028,-0.168375431,0.500744001,-0.952601578,0.041000000,1.931021574,-0.212226013,-0.299184694,0.989965016,0.041000000,1.931220000
-0.013604109,-0.002755785,0.874096438,0.000928863,0.047729466,0.000799380,0.998859548,0.144374354,-0.236490331,-1.849643807,0.077898223,-0.061198213,-0.156150639,0.163743711,-0.239066491,-1.960477339,0.084963972,-0.065195369,-0.220800000,0.000000969,-0.190708488,0.539759295,-0.928364879,0.041000000,1.931213924,-0.173272576,-0.302859504,1.000860491,0.041000000,1.931220000
-0.014783997,-0.003219793,0.874149702,0.001340769,0.048037136,0.001010496,0.998844139,0.142947227,-0.236432364,-1.854442024,0.077882000,-0.061740087,-0.156380215,0.162193298,-0.238854239,-1.964606380,0.084697179,-0.065664918,-0.220800000,0.000000997,-0.229701784,0.563957596,-0.894983821,0.041000000,1.931219504,-0.144246846,-0.300779021,1.012827968,0.041000000,1.931220000
-0.015978981,-0.003687939,0.874187013,0.001749661,0.048330816,0.001220557,0.998829105,0.141519672,-0.236354353,-1.859217531,0.077851479,-0.062285506,-0.156609423,0.160642142,-0.238623177,-1.968711233,0.084415243,-0.066136103,-0.220800000,0.000001000,-0.269149824,0.587751464,-0.861353167,0.041000000,1.931219985,-0.115492095,-0.298541446,1.024824706,0.041000000,1.931220000
-0.017557968,-0.004245698,0.873807654,0.002067731,0.048295424,0.001413720,0.998829954,0.139894345,-0.235789933,-1.862972412,0.077448842,-0.062741345,-0.156800333,0.158915976,-0.237948281,-1.971814396,0.083741878,-0.066479142,-0.220800000,0.000001000,-0.308241725,0.612795725,-0.827380359,0.041000000,1.931219999,-0.095473445,-0.293268975,1.037022856,0.041000000,1.931220000
-0.019146956,-0.004805791,0.873417445,0.002383436,0.048251455,0.001606443,0.998831085,0.138263867,-0.235212847,-1.866700714,0.077036515,-0.063194850,-0.156990247,0.157185253,-0.237261828,-1.974891474,0.083058319,-0.066818845,-0.220800000,0.000001000,-0.347324351,0.637872548,-0.793398641,0.041000000,1.931220000,-0.075682291,-0.287917472,1.049226251,0.041000000,1.931220000
-0.020675716,-0.005315013,0.872716034,0.002595842,0.048049984,0.001760512,0.998840008,0.136742105,-0.234357548,-1.869434534,0.076286313,-0.063491237,-0.157135448,0.155578269,-0.236327940,-1.977030983,0.082027005,-0.067001207,-0.220800000,0.000001000,-0.383632827,0.657791257,-0.761360290,0.041000000,1.931220000,-0.061981390,-0.284134333,1.060149770,0.041000000,1.931220000
-0.022202976,-0.005822967,0.872006870,0.002805674,0.047844584,0.001913617,0.998849019,0.135223053,-0.233495318,-1.872143575,0.075527694,-0.063783708,-0.157279536,0.153974367,-0.235387886,-1.979147132,0.080987026,-0.067179650,-0.220800000,0.000001000,-0.419872183,0.677581448,-0.729370359,0.041000000,1.931220000,-0.048432233,-0.280390271,1.071041399,0.041000000,1.931220000
-0.023574861,-0.006287606,0.870745062,0.003422110,0.046694881,0.002571521,0.998900027,0.135520510,-0.233170359,-1.874345560,0.073465070,-0.063963356,-0.157412756,0.154348236,-0.234955856,-1.980320683,0.078370625,-0.067213067,-0.220800000,0.000001000,-0.439815713,0.671266659,-0.664640776,0.041000000,1.930086630,-0.044493047,-0.279670502,1.080426216,0.041021354,1.931220000
-0.024942496,-0.006751060,0.869468134,0.004049662,0.045519240,0.003243231,0.998949989,0.135867664,-0.232860098,-1.876533674,0.071366771,-0.064139917,-0.157545679,0.154776214,-0.234537724,-1.981468446,0.075711094,-0.067242515,-0.220800000,0.000001000,-0.459313413,0.664237675,-0.599015483,0.041000000,1.928922253,-0.040816775,-0.279033473,1.089769808,0.041043292,1.931220000
-0.025823569,-0.007058916,0.868760829,0.004064008,0.044910621,0.003305904,0.998977272,0.135910111,-0.231096316,-1.878759087,0.069003537,-0.064037357,-0.157676596,0.154372188,-0.232630112,-1.982269818,0.072675389,-0.067003957,-0.220800000,0.000001000,-0.479525334,0.654923942,-0.540675617,0.041000000,1.916046828,-0.051982521,-0.276082806,1.095358832,0.085489554,1.931220000
-0.026691648,-0.007362616,0.868068736,0.004061978,0.044317130,0.003352313,0.999003631,0.135944422,-0.229293719,-1.880985495,0.066633228,-0.063927343,-0.157807459,0.153945943,-0.230682723,-1.983061939,0.069629638,-0.066758243,-0.220800000,0.000001000,-0.499756329,0.645549197,-0.482530304,0.041000000,1.902858664,-0.063544617,-0.273070355,1.100847591,0.131122148,1.931220000
-0.027189482,-0.007685351,0.867620647,0.003927786,0.044056176,0.003264954,0.999015999,0.135766267,-0.227201763,-1.882732264,0.064349618,-0.063648314,-0.157919771,0.153240707,-0.228499225,-1.983345330,0.066789355,-0.066416042,-0.220800000,0.000001000,-0.515723321,0.642546444,-0.446074097,0.041000000,1.890449177,-0.086205298,-0.269995105,1.121359644,0.191975783,1.931220000
-0.027678195,-0.008008555,0.867178569,0.003790337,0.043803410,0.003174299,0.999027937,0.135582879,-0.225102680,-1.884467218,0.062068144,-0.063365121,-0.158031626,0.152528599,-0.226309910,-1.983616191,0.063954133,-0.066071466,-0.220800000,0.000001000,-0.531585281,0.639700647,-0.410152140,0.041000000,1.878058869,-0.109139362,-0.266918308,1.142241753,0.253204345,1.931220000
-0.027898113,-0.008141387,0.866908152,0.003621606,0.043742707,0.003032014,0.999031664,0.135418603,-0.223261168,-1.886176825,0.059840693,-0.062882943,-0.158150528,0.151771145,-0.224443420,-1.983641078,0.061292068,-0.065569184,-0.220800000,0.000001000,-0.541847067,0.635674235,-0.391475777,0.041000000,1.869716446,-0.110437209,-0.259503929,1.145530401,0.310076912,1.931219991
-0.028110720,-0.008269041,0.866642404,0.003452024,0.043687226,0.002888325,0.999035118,0.135254848,-0.221426662,-1.887885742,0.057614711,-0.062395353,-0.158269621,0.151012458,-0.222585709,-1.983659274,0.058634713,-0.065062613,-0.220800000,0.000001000,-0.551956526,0.631615709,-0.373268500,0.041000000,1.861484127,-0.111146545,-0.251971568,1.148340502,0.366830994,1.931219982
-0.028229247,-0.008212232,0.866294921,0.003339744,0.044103176,0.002670149,0.999017831,0.134192403,-0.221089093,-1.888282037,0.057447002,-0.062323266,-0.158287032,0.149789191,-0.222269588,-1.983836682,0.058448833,-0.064987378,-0.220800000,0.000001000,-0.542115580,0.637892348,-0.370701495,0.041000000,1.867037847,-0.105329418,-0.248263847,1.148314257,0.380052074,1.931057302
-0.028345342,-0.008150654,0.865945325,0.003228945,0.044531303,0.002450046,0.998999767,0.133106726,-0.220790223,-1.888644398,0.057332502,-0.062261919,-0.158301815,0.148553913,-0.221993320,-1.984018207,0.058326844,-0.064923293,-0.220800000,0.000001000,-0.531758887,0.644436165,-0.368538814,0.041000000,1.872947957,-0.099343572,-0.244654999,1.148214690,0.392147761,1.930890417
-0.028235479,-0.008434806,0.865749976,0.003196160,0.045421728,0.002373114,0.998959969,0.131303957,-0.220181673,-1.889089446,0.057279588,-0.062188415,-0.158314013,0.146669992,-0.221402360,-1.984263961,0.058266673,-0.064855461,-0.220800000,0.000001000,-0.488366738,0.654192148,-0.370548260,0.041000000,1.883201273,-0.090199623,-0.239715306,1.146595628,0.409574172,1.930562360
-0.028120044,-0.008727485,0.865558430,0.003165296,0.046323519,0.002299711,0.998918827,0.129483501,-0.219565486,-1.889536532,0.057228193,-0.062114611,-0.158326148,0.144770072,-0.220803639,-1.984511300,0.058208026,-0.064787537,-0.220800000,0.000001000,-0.444159814,0.664027355,-0.372660605,0.041000000,1.893561707,-0.080977784,-0.234742790,1.144939090,0.427132058,1.930230328
-0.027131840,-0.009384765,0.865466081,0.003244993,0.045906465,0.002162417,0.998938131,0.131674440,-0.218496313,-1.889059580,0.056772860,-0.062068681,-0.158347158,0.146795273,-0.219730423,-1.983875931,0.057647098,-0.064759413,-0.220800000,0.000001000,-0.352981951,0.637776595,-0.391296691,0.041000000,1.885399963,-0.070660617,-0.226439283,1.143689264,0.450609840,1.929969349
-0.026119814,-0.010051996,0.865376440,0.003327706,0.045453403,0.002023378,0.998958868,0.133974870,-0.217414776,-1.888557405,0.056306502,-0.062023512,-0.158368410,0.148927610,-0.218644255,-1.983216468,0.057072461,-0.064732376,-0.220800000,0.000001000,-0.260522004,0.610540861,-0.410383797,0.041000000,1.876732653,-0.060313553,-0.218044856,1.142450538,0.474249206,1.929710308
-0.023881383,-0.009750780,0.865781370,0.003303539,0.045800699,0.001605311,0.998943845,0.136673569,-0.217505944,-1.888192888,0.055776472,-0.061969848,-0.158369411,0.151277676,-0.218754725,-1.982755917,0.056575644,-0.064680484,-0.220794340,0.000001000,-0.145056980,0.556885011,-0.442140502,0.041000000,1.857710797,-0.039864998,-0.214814730,1.141310997,0.507471281,1.928926591
-0.021610900,-0.009424253,0.866199225,0.003276578,0.046168899,0.001179951,0.998927577,0.139382676,-0.217627761,-1.887831969,0.055244778,-0.061915961,-0.158369883,0.153633432,-0.218896470,-1.982300564,0.056080862,-0.064627943,-0.220788532,0.000001000,-0.028990702,0.502538652,-0.474228336,0.041000000,1.838418318,-0.019152433,-0.211719576,1.140174047,0.540943808,1.928129160
-0.013712855,-0.005771849,0.866644896,0.002721912,0.048943759,-0.000040886,0.998797826,0.149121143,-0.226490619,-1.896689629,0.066090428,-0.059212163,-0.158630910,0.162527306,-0.229485256,-1.986280440,0.070318900,-0.061728411,-0.220794050,0.000001000,0.112159732,0.452459038,-0.560323531,0.041000000,1.883409742,0.038397767,-0.180236160,1.026659469,0.725164513,1.924908933
-0.005676014,-0.002037417,0.867091253,0.002154204,0.051777498,-0.001281343,0.998655500,0.159032980,-0.235569063,-1.905774653,0.077216685,-0.056443008,-0.158898364,0.171582434,-0.240331705,-1.990369704,0.084920303,-0.058758662,-0.220799846,0.000001000,0.253928832,0.402484657,-0.647750745,0.041000000,1.929986643,0.096856518,-0.148052586,0.910373247,0.913103219,1.921628951
-0.005244866,-0.001241637,0.865351132,0.001857870,0.055258082,-0.001447578,0.998469327,0.150025808,-0.236122658,-1.900500457,0.076303929,-0.053828100,-0.158959990,0.160288281,-0.242596071,-1.973698239,0.085150656,-0.057497346,-0.220791028,0.000001000,0.296826352,0.355541173,-0.639132372,0.041000000,1.931220000,0.131711775,-0.132367357,0.748374186,1.028561743,1.915154489
-0.005020595,-0.000525790,0.863551538,0.001568895,0.058755595,-0.001584577,0.998269907,0.140504033,-0.236444374,-1.894835687,0.075063709,-0.051217387,-0.159016017,0.148440623,-0.244627002,-1.956462075,0.084990113,-0.056282500,-0.220781811,0.000001000,0.337034540,0.308680129,-0.627901535,0.041000000,1.931220000,0.165925010,-0.117130887,0.585131723,1.142048787,1.908593137
-0.005443541,-0.000117497,0.861207915,0.001297809,0.063038161,-0.001532490,0.998009097,0.093055796,-0.242810953,-1.737179071,0.076344393,-0.082442247,-0.159619506,0.093758771,-0.254466385,-1.769481216,0.090797811,-0.103269280,-0.220790562,0.000001000,0.365812073,0.242789743,-0.566518432,0.041000000,1.931220000,0.204811325,-0.111042991,0.325781720,1.132126465,1.902068625
-0.005883260,0.000282826,0.858850194,0.001027163,0.067339923,-0.001475474,0.997728471,0.044624709,-0.249334182,-1.575583646,0.077690405,-0.114543942,-0.160237181,0.037966887,-0.264508121,-1.578101490,0.096760174,-0.151505186,-0.220799779,0.000001000,0.394293385,0.176406219,-0.503835652,0.041000000,1.931220000,0.243818741,-0.105192177,0.063941128,1.119006038,1.895545068
-0.008080856,0.000245592,0.854574673,0.000038251,0.071265861,-0.000959772,0.997456894,0.030926114,-0.247311880,-1.572588701,0.078301656,-0.115994561,-0.160275956,0.024953384,-0.262923430,-1.574255744,0.097931631,-0.153515526,-0.220800000,0.000001000,0.444937350,0.225015948,-0.465983161,0.179861708,1.931220000,0.250987294,-0.130143775,0.053303911,1.111685282,1.895098242
-0.010321641,0.000197608,0.850252033,-0.000968309,0.075181407,-0.000432785,0.997169309,0.018080867,-0.245079620,-1.573490438,0.078894854,-0.116692109,-0.160300509,0.012990910,-0.261053087,-1.575017552,0.098985380,-0.154390142,-0.220800000,0.000001000,0.496125832,0.276450965,-0.428740730,0.322135133,1.931220000,0.257373593,-0.155852162,0.048838553,1.104507018,1.894800716
-0.009069593,0.000374499,0.852332714,-0.000713370,0.077892888,-0.000385790,0.996961404,0.013173798,-0.245621527,-1.571304713,0.078161070,-0.118277677,-0.160262349,0.007870245,-0.261746970,-1.572845436,0.098742843,-0.156197501,-0.220782826,0.000001000,0.479547017,0.273469654,-0.387667744,0.503802398,1.931220000,0.262547900,-0.173348621,0.045737190,1.092893221,1.894690619
-0.007722427,0.000557514,0.854587770,-0.000424073,0.080571037,-0.000351864,0.996748717,0.008482900,-0.246238980,-1.569034910,0.077391150,-0.119887427,-0.160222482,0.002935895,-0.262510681,-1.570593423,0.098465006,-0.158030259,-0.220765185,0.000001000,0.461122768,0.269006482,-0.346490445,0.686542433,1.931220000,0.267689202,-0.190621454,0.042672971,1.081158636,1.894585625
-0.007486243,0.000625399,0.855633075,-0.000373924,0.081250341,-0.000048350,0.996693654,0.006079286,-0.246506344,-1.563770283,0.077359533,-0.121837766,-0.160279265,0.000556013,-0.262742344,-1.565265585,0.098521166,-0.160307848,-0.220781045,0.000001000,0.434654469,0.261607437,-0.291160020,0.809360512,1.931220000,0.265425754,-0.194799322,0.042935100,1.066956169,1.894599479
-0.007278815,0.000690305,0.856647069,-0.000329965,0.081877876,0.000262142,0.996642281,0.003734874,-0.246764645,-1.558428141,0.077347026,-0.123796921,-0.160338549,-0.001757752,-0.262960236,-1.559858135,0.098585972,-0.162596949,-0.220797773,0.000001000,0.407977965,0.254132403,-0.235463268,0.930627629,1.931220000,0.262970649,-0.198638253,0.043283324,1.052689826,1.894616408
-0.007333762,0.000673887,0.856917647,-0.000362379,0.081797744,0.000392766,0.996648807,0.002131879,-0.246824775,-1.551207283,0.077735529,-0.125959477,-0.160398039,-0.003353146,-0.262865146,-1.552667037,0.098794485,-0.165097353,-0.220799052,0.000001000,0.411298037,0.258805047,-0.179489497,0.940885673,1.931220000,0.255501608,-0.193321694,0.045387017,1.044339258,1.894191854
-0.007396201,0.000655148,0.857166999,-0.000396974,0.081697403,0.000518255,0.996656966,0.000550053,-0.246879246,-1.543932782,0.078135483,-0.128127841,-0.160457534,-0.004928029,-0.262761121,-1.545425011,0.099007102,-0.167603789,-0.220799890,0.000001000,0.415474590,0.263824538,-0.123507816,0.947974116,1.931220000,0.247889406,-0.187743723,0.047540834,1.036157600,1.893754694
-0.007171048,0.000451117,0.857234196,-0.000427224,0.079278857,0.001038833,0.996851845,0.004341487,-0.246597099,-1.535623246,0.078350376,-0.130271361,-0.160511671,-0.000828802,-0.262390647,-1.537100659,0.099169200,-0.170098598,-0.220799953,0.000001000,0.433137353,0.264851694,-0.085450303,0.905397338,1.931220000,0.247437281,-0.171039522,0.049957427,1.045076818,1.893082396
-0.006938036,0.000242022,0.857296415,-0.000457352,0.076796453,0.001570200,0.997045450,0.008279756,-0.246305753,-1.527285426,0.078560213,-0.132414203,-0.160565662,0.003425482,-0.262012892,-1.528746731,0.099329918,-0.172593090,-0.220799995,0.000001000,0.451168652,0.265769752,-0.047882601,0.861463363,1.931220000,0.247180819,-0.154031276,0.052381201,1.054463349,1.892403673
-0.006664808,0.000262437,0.856591407,-0.000374863,0.073561632,0.001481535,0.997289502,-0.032810028,-0.236000471,-1.315382866,0.088357877,-0.234251023,-0.162107767,-0.035523343,-0.250197743,-1.330739607,0.106149707,-0.278662444,-0.220799998,0.000001000,0.471425543,0.232516497,0.045058250,0.798072287,1.931220000,0.256949318,-0.131813362,0.046448142,1.075334983,1.891787288
-0.006390540,0.000288784,0.855866566,-0.000289460,0.070306590,0.001376826,0.997524438,-0.075063853,-0.225436314,-1.098217862,0.098403400,-0.338665076,-0.163688342,-0.075589031,-0.238086920,-1.127829672,0.113141644,-0.387409361,-0.220800000,0.000001000,0.491739969,0.198379863,0.139430579,0.734178216,1.931220000,0.266976978,-0.109460771,0.040299045,1.096503524,1.891172514
-0.006346037,0.000186220,0.855551152,-0.000195516,0.067755146,0.001219436,0.997701215,-0.071797358,-0.224736559,-1.086495991,0.099372549,-0.344829499,-0.163748798,-0.072327063,-0.237462523,-1.116843642,0.114176293,-0.393652706,-0.220800000,0.000001000,0.493851778,0.170527849,0.135120220,0.725200845,1.931220000,0.278201470,-0.087167622,0.040812434,1.106545033,1.891525625
-0.006308101,0.000079971,0.855247442,-0.000101328,0.065223392,0.001060533,0.997870119,-0.067229695,-0.224318771,-1.080646581,0.100082255,-0.348185519,-0.163765803,-0.067826603,-0.237166459,-1.111343635,0.115040658,-0.396966053,-0.220800000,0.000001000,0.495443277,0.142855477,0.127989080,0.717793232,1.931220000,0.289460173,-0.064876172,0.041516265,1.116268482,1.891906402
-0.006319274,0.000078634,0.854881576,-0.000079053,0.063573337,0.000893727,0.997976766,-0.064628875,-0.223903720,-1.075275607,0.100711216,-0.351980162,-0.163799847,-0.065327436,-0.236907055,-1.106243274,0.115928261,-0.400852598,-0.220800000,0.000000075,0.489644137,0.102294329,0.107947926,0.734845093,1.931220000,0.298180417,-0.045405568,0.041997427,1.125421200,1.892403280
-0.006331803,0.000080193,0.854513994,-0.000058764,0.061947465,0.000726701,0.998079145,-0.062082364,-0.223488744,-1.069917844,0.101337947,-0.355786916,-0.163834362,-0.062883529,-0.236648664,-1.101153949,0.116816505,-0.404754969,-0.220800000,-0.000000876,0.483640927,0.061377296,0.087550302,0.752572327,1.931220000,0.306830568,-0.026012854,0.042472441,1.134558158,1.892903363
-0.005849596,0.000112239,0.854410784,0.000330422,0.058748677,0.001081543,0.998272164,-0.072418014,-0.208261912,-0.969482607,0.099782857,-0.445643217,-0.164310813,-0.072634997,-0.221463923,-1.005084941,0.114517115,-0.500137265,-0.220800000,-0.000000949,0.446197998,0.067657058,-0.064582678,0.816633352,1.931220000,0.317452661,-0.035190884,0.168694899,1.092705115,1.890175047
-0.005354428,0.000145083,0.854314501,0.000729270,0.055508053,0.001450046,0.998456920,-0.083091161,-0.192647026,-0.866556450,0.098170606,-0.537753917,-0.164798843,-0.082705970,-0.205888129,-0.906632370,0.112134212,-0.597916230,-0.220800000,-0.000000999,0.407931383,0.075173323,-0.220166973,0.881908270,1.931220000,0.328126417,-0.045117435,0.298211795,1.049516192,1.887362150
-0.004892271,0.000097385,0.854737053,0.000774778,0.053822229,0.001498999,0.998549108,-0.079730421,-0.189369870,-0.853848774,0.094712228,-0.539304991,-0.164784816,-0.079185228,-0.202770612,-0.895429227,0.108560563,-0.597941998,-0.220773479,-0.000001000,0.364619723,0.101688075,-0.357026110,0.711747939,1.931220000,0.323660050,-0.071596385,0.420978365,0.956273274,1.882539569
-0.004431063,0.000047369,0.855174534,0.000810116,0.052181009,0.001538754,0.998636129,-0.075965857,-0.186447729,-0.843737120,0.091200728,-0.538250226,-0.164756342,-0.075273386,-0.200011580,-0.886736670,0.104952651,-0.595154935,-0.220746195,-0.000001000,0.321162892,0.128749505,-0.493346434,0.534813000,1.931220000,0.318758028,-0.098551628,0.543550696,0.861590061,1.877659160
-0.004168172,0.000019965,0.855649227,0.000738435,0.051461310,0.001361496,0.998673788,-0.073496439,-0.185273852,-0.842293242,0.089082376,-0.532568519,-0.164752169,-0.072848767,-0.198941463,-0.886147423,0.102769629,-0.587872995,-0.220746065,-0.000001000,0.281860867,0.144997933,-0.532190510,0.422703066,1.931220000,0.302212456,-0.123231122,0.598253296,0.770816174,1.871822992
-0.003910731,-0.000006818,0.856124942,0.000663811,0.050766915,0.001178273,0.998709613,-0.071062619,-0.184148026,-0.841087601,0.087002314,-0.526759640,-0.164748664,-0.070465025,-0.197917767,-0.885780898,0.100625770,-0.580467512,-0.220746681,-0.000001000,0.242673037,0.160949162,-0.568355429,0.312374862,1.931220000,0.285346859,-0.147848066,0.651090480,0.680149736,1.865960555
-0.004008472,-0.000008342,0.856177315,0.000522038,0.052366043,0.001133226,0.998627178,-0.075072756,-0.183692404,-0.840277156,0.086709042,-0.519527840,-0.164762256,-0.074239584,-0.197646522,-0.886332933,0.100140877,-0.570588923,-0.220768527,-0.000001000,0.232985753,0.176413279,-0.573748414,0.237019745,1.931220000,0.282187020,-0.170337827,0.667260741,0.624847731,1.864055164
-0.004115563,-0.000009200,0.856218544,0.000378495,0.054025405,0.001091813,0.998538893,-0.079252532,-0.183254425,-0.839477115,0.086462808,-0.512258581,-0.164776297,-0.078176262,-0.197395085,-0.886909149,0.099699658,-0.560645228,-0.220790932,-0.000001000,0.224075078,0.191864573,-0.578331321,0.162585304,1.931220000,0.279387989,-0.192771589,0.682465737,0.570476704,1.862253944
-0.004375411,-0.000049069,0.856152214,0.000257733,0.056562972,0.000813832,0.998398669,-0.086092020,-0.183061008,-0.837936653,0.087413374,-0.507357420,-0.164786405,-0.084922839,-0.197448017,-0.886858623,0.100498701,-0.552922452,-0.220795652,-0.000001000,0.232883940,0.203500370,-0.558964877,0.144003742,1.931220000,0.295328479,-0.201903170,0.658125949,0.565041493,1.860693784
-0.004639630,-0.000090055,0.856082806,0.000137621,0.059125299,0.000529075,0.998250420,-0.093007620,-0.182874590,-0.836375003,0.088398188,-0.502524025,-0.164796400,-0.091749824,-0.197509659,-0.886790162,0.101333235,-0.545263229,-0.220799866,-0.000001000,0.242199865,0.215026982,-0.538913095,0.127020471,1.931220000,0.311805221,-0.210654095,0.632654544,0.561006636,1.859140522
-0.004898567,-0.000117863,0.855894479,0.000121708,0.060686097,0.000363811,0.998156827,-0.098537099,-0.182461593,-0.830576041,0.090004789,-0.500843059,-0.164798501,-0.097102410,-0.197407944,-0.882643127,0.102816887,-0.540615624,-0.220799978,-0.000001000,0.258037732,0.208336443,-0.499586350,0.181836044,1.931220000,0.333338337,-0.206107931,0.577588786,0.623263433,1.853645915
-0.005157359,-0.000145311,0.855702887,0.000108655,0.062219262,0.000201827,0.998062478,-0.104028524,-0.182042376,-0.824660749,0.091628461,-0.499248637,-0.164800386,-0.102414519,-0.197301744,-0.878384120,0.104318360,-0.536050698,-0.220799977,-0.000001000,0.274054650,0.201145779,-0.459730439,0.238622752,1.931220000,0.355010268,-0.201196715,0.521710558,0.687340172,1.848043104
-0.005579825,-0.000222322,0.855427256,-0.000006879,0.064698384,0.000006167,0.997904865,-0.112198044,-0.181246776,-0.817990200,0.093787243,-0.502187471,-0.164799307,-0.110386380,-0.196718859,-0.873203804,0.106130673,-0.536292157,-0.220795928,-0.000001000,0.277428117,0.187366951,-0.397362344,0.357830646,1.931220000,0.365252282,-0.187583096,0.463926281,0.790247872,1.842273260
-0.006006533,-0.000300617,0.855149447,-0.000125069,0.067201618,-0.000190365,0.997739390,-0.120436966,-0.180441423,-0.811300078,0.095959892,-0.505243782,-0.164798152,-0.118427167,-0.196123621,-0.867999612,0.107951041,-0.536658172,-0.220791775,-0.000001000,0.280473935,0.173417394,-0.334410855,0.478656160,1.931220000,0.375198095,-0.173743958,0.406092610,0.894161861,1.836499088
-0.006305122,-0.000283064,0.854430385,-0.000254655,0.070326229,-0.000314893,0.997523963,-0.128358619,-0.180096769,-0.810415006,0.096375442,-0.507139249,-0.164795932,-0.126328455,-0.195854741,-0.867429246,0.108350608,-0.538034172,-0.220789890,-0.000001000,0.290369726,0.179451315,-0.299827658,0.566838405,1.931220000,0.371108878,-0.167639351,0.386542048,0.938808172,1.835583562
-0.006600058,-0.000262777,0.853698738,-0.000384563,0.073467879,-0.000437364,0.997297414,-0.136271223,-0.179765254,-0.809695499,0.096740879,-0.509001609,-0.164793681,-0.134225765,-0.195595168,-0.866991041,0.108709651,-0.539438977,-0.220788070,-0.000001000,0.300460885,0.186055183,-0.266053551,0.654089635,1.931220000,0.366619370,-0.161755341,0.368083355,0.981764116,1.834806609
-0.006828609,-0.000234327,0.853777475,-0.000230634,0.076488122,-0.000391902,0.997070389,-0.143880844,-0.180263769,-0.809178239,0.097233650,-0.510097048,-0.164795193,-0.141788317,-0.196120985,-0.866636068,0.109174261,-0.540246486,-0.220788856,-0.000001000,0.308010673,0.192359292,-0.228624677,0.736143457,1.931220000,0.352567336,-0.157541073,0.346898175,1.016145087,1.835826835
-0.007055341,-0.000205653,0.853878409,-0.000068930,0.079504358,-0.000341838,0.996834457,-0.151482167,-0.180785019,-0.808666519,0.097729908,-0.511171481,-0.164796808,-0.149341700,-0.196668314,-0.866283374,0.109641763,-0.541037634,-0.220789713,-0.000001000,0.315490853,0.198655190,-0.191095699,0.818054922,1.931220000,0.338253383,-0.153372540,0.325638316,1.050291188,1.836896286
-0.007326411,-0.000186975,0.854164248,0.000109620,0.081961301,-0.000237638,0.996635478,-0.157972287,-0.181555152,-0.808363259,0.098610477,-0.510871757,-0.164796365,-0.155746955,-0.197413216,-0.866028629,0.110410646,-0.540606712,-0.220788225,-0.000001000,0.326475403,0.207099623,-0.158216178,0.862811511,1.931220000,0.327226032,-0.154461928,0.305249859,1.060758143,1.837779446
-0.007598655,-0.000168562,0.854454984,0.000288616,0.084402953,-0.000132002,0.996431654,-0.164432978,-0.182331876,-0.808065520,0.099501225,-0.510535641,-0.164795868,-0.162121804,-0.198163351,-0.865776479,0.111187511,-0.540143425,-0.220786674,-0.000001000,0.337552761,0.215600956,-0.125459789,0.906584118,1.931220000,0.316285722,-0.155690563,0.284884479,1.070597996,1.838657674
-0.007581052,-0.000071814,0.854622892,0.000594759,0.084307064,-0.000589384,0.996439470,-0.164735160,-0.183474699,-0.806779414,0.100938105,-0.509030327,-0.164796300,-0.162865379,-0.199367280,-0.864295548,0.112810472,-0.538929875,-0.220787027,-0.000001000,0.349733103,0.214927501,-0.094183002,0.931683793,1.931220000,0.307623547,-0.155937025,0.261422882,1.069498264,1.840118362
-0.007555202,0.000027162,0.854787305,0.000904521,0.084138943,-0.001062787,0.996453055,-0.164862086,-0.184627940,-0.805465182,0.102390527,-0.507491742,-0.164796758,-0.163448702,-0.200584123,-0.862779650,0.114457510,-0.537694975,-0.220787433,-0.000001000,0.361944832,0.213992954,-0.062948321,0.956252085,1.931220000,0.299026203,-0.156155537,0.237873175,1.068087220,1.841595626
-0.007248919,0.000110556,0.854825984,0.001036506,0.080467154,-0.001293940,0.996755882,-0.156713627,-0.185104512,-0.802892115,0.103701912,-0.506578471,-0.164798946,-0.155629607,-0.201183085,-0.859891386,0.116147260,-0.537217993,-0.220789552,-0.000001000,0.375271774,0.203864958,-0.041811567,0.973345796,1.931220000,0.295601496,-0.152871802,0.219852168,1.067521593,1.842519127
-0.006934883,0.000193519,0.854861188,0.001163562,0.076697371,-0.001518378,0.997052583,-0.148336406,-0.185562378,-0.800284250,0.105009398,-0.505682486,-0.164801181,-0.147578237,-0.201764968,-0.856965185,0.117838191,-0.536761963,-0.220791717,-0.000001000,0.388629544,0.193482821,-0.020953956,0.990232881,1.931220000,0.292319780,-0.149491252,0.201983995,1.066979336,1.843427320
-0.006729727,0.000178768,0.854838398,0.001079218,0.074009243,-0.001408882,0.997255976,-0.142183366,-0.184797834,-0.797609675,0.104682827,-0.505302547,-0.164801031,-0.141512300,-0.201094636,-0.854024811,0.117880764,-0.536805658,-0.220792516,-0.000001000,0.391969988,0.176191110,-0.001733394,0.993507011,1.931220000,0.299539289,-0.144710185,0.181055460,1.069262471,1.842385316
-0.006527430,0.000161450,0.854814085,0.000989314,0.071349014,-0.001290606,0.997450086,-0.136088737,-0.184001186,-0.794933349,0.104313341,-0.504936161,-0.164800818,-0.135498505,-0.200391420,-0.851084063,0.117880048,-0.536862477,-0.220793279,-0.000001000,0.395047356,0.158717940,0.017444176,0.996423637,1.931220000,0.307034581,-0.139892338,0.160046553,1.071619807,1.841292097
-0.006447499,0.000202934,0.854773906,0.000829424,0.069753055,-0.001102411,0.997563335,-0.132557122,-0.182954336,-0.792160734,0.103547376,-0.505268562,-0.164800420,-0.131862917,-0.199353361,-0.848312430,0.117157946,-0.537309420,-0.220793826,-0.000001000,0.402883702,0.137989521,0.023004809,0.978130508,1.930569190,0.305799752,-0.129162907,0.140841525,1.072720538,1.842561746
-0.006371112,0.000246122,0.854733268,0.000667504,0.068187756,-0.000912189,0.997671866,-0.129099746,-0.181900238,-0.789385330,0.102769927,-0.505621205,-0.164800017,-0.128296214,-0.198305603,-0.845545695,0.116414948,-0.537767664,-0.220794367,-0.000001000,0.410857895,0.117166812,0.028171021,0.959223031,1.929899530,0.304312051,-0.118262244,0.121688747,1.073784870,1.843899836
-0.006396824,0.000251646,0.854576401,0.000541875,0.067430592,-0.000744504,0.997723543,-0.127882662,-0.180937237,-0.786138735,0.102472383,-0.507217251,-0.164799668,-0.126884165,-0.197316914,-0.842525141,0.115939287,-0.539195473,-0.220795215,-0.000001000,0.419484081,0.099583269,0.023389540,0.937608907,1.930102119,0.304588904,-0.101490310,0.104611326,1.076201936,1.845595604
-0.006425307,0.000256147,0.854416380,0.000417231,0.066695321,-0.000577430,0.997773134,-0.126726374,-0.179976708,-0.782879353,0.102187862,-0.508847039,-0.164799320,-0.125530587,-0.196329828,-0.839497698,0.115470880,-0.540649592,-0.220796071,-0.000001000,0.428127960,0.082087628,0.018338109,0.915921333,1.930328379,0.304913641,-0.084559047,0.087590223,1.078655710,1.847301078
-0.006715143,0.000080583,0.854007942,-0.000456616,0.068487031,-0.000798513,0.997651583,-0.135770426,-0.173329177,-0.757995901,0.104187298,-0.533265507,-0.164862823,-0.132908353,-0.190620891,-0.822864736,0.115048872,-0.549589570,-0.220797994,-0.000001000,0.440777213,0.098460620,-0.062422650,0.874078625,1.930765322,0.317389680,-0.055017682,0.041999217,1.093396867,1.848133847
-0.007011760,-0.000099652,0.853593059,-0.001349900,0.070344015,-0.001029664,0.997521347,-0.145079138,-0.166534091,-0.732551388,0.106245994,-0.558275253,-0.164927984,-0.140512664,-0.184789440,-0.805878763,0.114628067,-0.558723777,-0.220799946,-0.000001000,0.453530390,0.115712374,-0.145147777,0.831712969,1.931207732,0.330180999,-0.025149132,-0.004333069,1.108456834,1.848943973
-0.007244665,-0.000188762,0.853353001,-0.001325982,0.071864946,-0.001002173,0.997412987,-0.152756876,-0.162552817,-0.710708328,0.107831635,-0.577697093,-0.164966795,-0.147667947,-0.181859544,-0.788618321,0.115905914,-0.568409144,-0.220800000,-0.000001000,0.441990785,0.154961682,-0.260062863,0.763920418,1.931220000,0.349104307,-0.006702235,-0.012311634,1.123479678,1.847661639
-0.007475754,-0.000275273,0.853117929,-0.001275902,0.073376135,-0.000967303,0.997303053,-0.160388098,-0.158651795,-0.688967985,0.109403783,-0.596959561,-0.165004854,-0.154810425,-0.179012403,-0.771350052,0.117232207,-0.578110230,-0.220800000,-0.000001000,0.429758329,0.194838380,-0.375896035,0.695402670,1.931220000,0.368202505,0.011418906,-0.019196316,1.138501463,1.846319625
-0.007569401,-0.000402948,0.853161649,-0.001061401,0.074293249,-0.000856267,0.997235505,-0.164378290,-0.156404377,-0.676728171,0.108994921,-0.601588386,-0.165008369,-0.158847334,-0.177114606,-0.760072769,0.117029685,-0.581021996,-0.220800484,-0.000001000,0.408135260,0.227971279,-0.435433929,0.620743523,1.931220000,0.381353540,0.009405539,0.036506469,1.116397385,1.842264287
-0.007659321,-0.000531739,0.853212927,-0.000842443,0.075194198,-0.000743166,0.997168276,-0.168269792,-0.154201780,-0.664745873,0.108532363,-0.605820562,-0.165010947,-0.162800065,-0.175242541,-0.748957874,0.116785725,-0.583749735,-0.220800981,-0.000001000,0.386257656,0.260921386,-0.493445922,0.545917911,1.931220000,0.394343376,0.006846421,0.093905707,1.093286998,1.838135404
-0.007293698,-0.000691421,0.853841418,-0.000137153,0.073873222,-0.001302290,0.997266781,-0.163898772,-0.154690429,-0.663519185,0.106491302,-0.603207889,-0.165006953,-0.159312667,-0.175890665,-0.747324610,0.115625399,-0.582373722,-0.220797341,-0.000001000,0.362539880,0.263859704,-0.494848340,0.544960774,1.931220000,0.415617480,-0.004081422,0.126807669,1.023355025,1.835206720
-0.006914465,-0.000852027,0.854487154,0.000582668,0.072485660,-0.001881494,0.997367510,-0.159280896,-0.155259484,-0.662613839,0.104403079,-0.600390713,-0.165002763,-0.155602982,-0.176614084,-0.745974627,0.114437694,-0.580875102,-0.220793577,-0.000001000,0.338767126,0.265901368,-0.494559449,0.546210585,1.931220000,0.437139090,-0.015259295,0.158977733,0.952024176,1.832313894
-0.006662874,-0.000894858,0.854842482,0.000697691,0.071886979,-0.001783000,0.997410947,-0.156651905,-0.154835931,-0.662844070,0.101928614,-0.596031991,-0.165015492,-0.153251293,-0.176206375,-0.745678028,0.112588257,-0.578081407,-0.220795319,-0.000001000,0.321701123,0.258634444,-0.485386928,0.575310996,1.930981899,0.450051518,-0.035090478,0.214415031,0.848050488,1.821185335
-0.006414969,-0.000934290,0.855189425,0.000795253,0.071311051,-0.001664941,0.997452420,-0.154080333,-0.154383722,-0.663107085,0.099442998,-0.591628764,-0.165028709,-0.150938809,-0.175766011,-0.745411840,0.110719715,-0.575250324,-0.220797219,-0.000001000,0.304828745,0.251098781,-0.475957935,0.605215457,1.930736924,0.462715398,-0.055171483,0.270524056,0.743134400,1.809819009
-0.006387385,-0.000862120,0.855056027,0.000820470,0.071063741,-0.001449160,0.997470386,-0.153176145,-0.154293454,-0.663084186,0.098257141,-0.587410993,-0.165051656,-0.150068093,-0.175590070,-0.744741389,0.109811874,-0.572904874,-0.220798531,-0.000001000,0.291818570,0.243268038,-0.457002529,0.649227324,1.930956560,0.474073142,-0.084523131,0.314091290,0.675142736,1.805489432
-0.006365788,-0.000786918,0.854909579,0.000843720,0.070825352,-0.001230725,0.997487615,-0.152317258,-0.154213018,-0.663053519,0.097106596,-0.583198262,-0.165074868,-0.149236547,-0.175421313,-0.744059955,0.108930133,-0.570572618,-0.220799826,-0.000001000,0.278913326,0.235429277,-0.437788305,0.693622469,1.931188819,0.485395400,-0.114126650,0.357317781,0.608154257,1.801351033
-0.006445440,-0.000680456,0.854848437,0.000855531,0.070669787,-0.001036685,0.997498859,-0.152295668,-0.154298078,-0.662175548,0.096765516,-0.575243858,-0.165107100,-0.149262616,-0.175190825,-0.741738518,0.108641303,-0.566804990,-0.220799930,-0.000001000,0.264867695,0.225961722,-0.405004871,0.735637051,1.931207383,0.487672239,-0.130034453,0.369882417,0.622436846,1.800786122
-0.006528101,-0.000573064,0.854789829,0.000867002,0.070516680,-0.000843369,0.997509867,-0.152298962,-0.154388055,-0.661272398,0.096448492,-0.567178261,-0.165139600,-0.149314170,-0.174958502,-0.739368343,0.108370092,-0.562994706,-0.220799998,-0.000001000,0.250788174,0.216445762,-0.371818193,0.777580887,1.931219597,0.489680270,-0.145535251,0.381535855,0.639134620,1.800327405
-0.006806133,-0.000646733,0.854759076,0.000612639,0.072851890,-0.000877440,0.997342196,-0.158909422,-0.153895602,-0.660077949,0.097461387,-0.555589050,-0.165189666,-0.155770481,-0.174063210,-0.737303300,0.108696787,-0.554505803,-0.220800000,-0.000001000,0.246449797,0.220730701,-0.356455024,0.773897325,1.931219969,0.460839088,-0.127401843,0.339668652,0.757814750,1.799737932
-0.007089792,-0.000725617,0.854729124,0.000350614,0.075258358,-0.000918056,0.997163584,-0.165710211,-0.153386372,-0.658875110,0.098512593,-0.543898335,-0.165240238,-0.162411290,-0.173148821,-0.735247046,0.109040706,-0.545882125,-0.220800000,-0.000001000,0.242392029,0.225413197,-0.341605289,0.768899394,1.931219999,0.431109246,-0.108299548,0.296259703,0.879432643,1.799144692
-0.007231624,-0.000741769,0.854587513,0.000349415,0.077000463,-0.000823630,0.997030656,-0.171117005,-0.153322092,-0.655831516,0.099734587,-0.533291715,-0.165280682,-0.167787167,-0.172884442,-0.731312725,0.110114067,-0.538003482,-0.220800000,-0.000001000,0.256983528,0.236746776,-0.340783678,0.736355459,1.931220000,0.400439195,-0.091233829,0.215439116,0.969321875,1.800729410
-0.007369607,-0.000756219,0.854442872,0.000355293,0.078724318,-0.000725536,0.996896097,-0.176485969,-0.153269887,-0.652737970,0.100961216,-0.522714514,-0.165320851,-0.173128717,-0.172637703,-0.727327439,0.111207224,-0.530145057,-0.220800000,-0.000001000,0.272081111,0.248260845,-0.340342747,0.703064009,1.931220000,0.369743630,-0.074223375,0.133603292,1.058350087,1.802373230
-0.007329879,-0.000726152,0.854544073,0.000408479,0.079697164,-0.000602795,0.996818856,-0.178638810,-0.153324020,-0.652489676,0.100519845,-0.520238455,-0.165327535,-0.175227411,-0.172635318,-0.726887952,0.110759689,-0.528263110,-0.220800000,-0.000001000,0.281356615,0.256144292,-0.340752720,0.691367496,1.931220000,0.348397083,-0.077131341,0.120989697,1.082513582,1.803051136
-0.007284864,-0.000694762,0.854652587,0.000463072,0.080647599,-0.000479321,0.996742455,-0.180695973,-0.153381316,-0.652326027,0.100028852,-0.518003401,-0.165333222,-0.177229631,-0.172640203,-0.726553951,0.110266320,-0.526558959,-0.220800000,-0.000001000,0.290458915,0.263919730,-0.341188006,0.680313420,1.931220000,0.327328664,-0.080631869,0.110435427,1.104747387,1.803700306
-0.007200595,-0.000738233,0.854727605,0.000510679,0.081043136,-0.000389005,0.996710388,-0.181494702,-0.153369172,-0.652160989,0.099760237,-0.515360316,-0.165343566,-0.177991573,-0.172568513,-0.726167216,0.109984810,-0.524546542,-0.220800000,-0.000001000,0.300066084,0.270473951,-0.340530340,0.671855698,1.931220000,0.311680465,-0.084200141,0.102013504,1.109165297,1.803992929
-0.007115205,-0.000783841,0.854801666,0.000558086,0.081422819,-0.000299636,0.996679449,-0.182257500,-0.153355046,-0.651995911,0.099497972,-0.512705580,-0.165354043,-0.178718101,-0.172494637,-0.725778975,0.109709350,-0.522525323,-0.220800000,-0.000001000,0.309687668,0.276993304,-0.339841467,0.663472109,1.931220000,0.296187027,-0.087770346,0.093652465,1.113074517,1.804275373
-0.006931409,-0.000670859,0.854822703,0.001190185,0.080584228,-0.000275865,0.996747054,-0.180039303,-0.154909392,-0.651393290,0.099138939,-0.509439821,-0.165368573,-0.176918035,-0.174095601,-0.724228105,0.110125662,-0.521257283,-0.220800000,-0.000001000,0.320361251,0.273406495,-0.339646653,0.679309292,1.931093258,0.287365485,-0.093037393,0.086073468,1.110396065,1.803969400
-0.006744936,-0.000553563,0.854842299,0.001838187,0.079712407,-0.000253878,0.996816176,-0.177740023,-0.156506401,-0.650778768,0.098777273,-0.506157442,-0.165383213,-0.175049245,-0.175742122,-0.722645610,0.110560791,-0.520009729,-0.220800000,-0.000001000,0.331063448,0.269544795,-0.339465277,0.695805287,1.930963069,0.278725420,-0.098350595,0.078515742,1.107538426,1.803647423
-0.006746660,-0.000626034,0.854695362,0.001742116,0.079543723,0.001916671,0.996828013,-0.178344957,-0.156726456,-0.650531782,0.099127570,-0.503974424,-0.165396092,-0.174120096,-0.175690044,-0.721358746,0.110746927,-0.519756687,-0.220800000,-0.000001000,0.340702956,0.259524370,-0.346478623,0.726807107,1.931079586,0.286759275,-0.101367558,0.072356618,1.106933742,1.802854598
-0.006754055,-0.000704223,0.854543408,0.001623618,0.079395834,0.004151949,0.996833199,-0.179037400,-0.156905021,-0.650295871,0.099499319,-0.501824532,-0.165408917,-0.173219260,-0.175586784,-0.720080789,0.110925561,-0.519533612,-0.220800000,-0.000001000,0.350310444,0.249318375,-0.353708755,0.758246006,1.931203537,0.295295537,-0.104315332,0.066239635,1.106396943,1.802047587
-0.007180035,-0.000685698,0.854181709,0.001667666,0.078587444,0.004499688,0.996895674,-0.178619664,-0.157370357,-0.649352384,0.100872520,-0.501251656,-0.165412256,-0.172491597,-0.175825306,-0.718409675,0.112009835,-0.520518174,-0.220800231,-0.000001000,0.379726370,0.241441226,-0.347074450,0.780283763,1.931212988,0.326234222,-0.100045529,0.058336014,1.103205757,1.801540794
-0.007617914,-0.000664424,0.853814047,0.001716334,0.077760225,0.004793770,0.996959087,-0.178170370,-0.157843845,-0.648388783,0.102274188,-0.500723607,-0.165415325,-0.171768857,-0.176073543,-0.716727384,0.113119852,-0.521537063,-0.220800468,-0.000001000,0.409705365,0.233630276,-0.340046039,0.802054287,1.931219185,0.357809710,-0.095570561,0.050381606,1.099939118,1.801042534
-0.007568681,-0.000666908,0.853802327,0.001398079,0.075598399,0.003820134,0.997130049,-0.173584458,-0.156888665,-0.646436215,0.103720096,-0.500754154,-0.165416133,-0.167772545,-0.174920792,-0.714303616,0.114162639,-0.522844729,-0.220800255,-0.000001000,0.420147210,0.224303909,-0.315748872,0.812194535,1.931219649,0.385061716,-0.091504045,0.051002578,1.078494398,1.802743079
-0.007506245,-0.000670035,0.853800255,0.001069871,0.073399951,0.002812114,0.997298047,-0.168886422,-0.155894760,-0.644456841,0.105167203,-0.500799842,-0.165416880,-0.163687501,-0.173730067,-0.711859750,0.115203604,-0.524160222,-0.220800030,-0.000001000,0.430059494,0.214936467,-0.290983630,0.822019542,1.931219958,0.412196531,-0.087448600,0.051855988,1.056556956,1.804503223
-0.007370899,-0.000444197,0.853959316,0.000780858,0.071555507,0.002174823,0.997433943,-0.164418160,-0.155014539,-0.642547930,0.105091946,-0.500853933,-0.165416964,-0.159623853,-0.172729344,-0.709813137,0.114865559,-0.524704318,-0.220800013,-0.000001000,0.421379001,0.203641898,-0.268679123,0.854770301,1.931219982,0.449556914,-0.074987376,0.038012050,0.966553231,1.806867746
-0.007233377,-0.000211524,0.854123186,0.000493011,0.069721363,0.001548588,0.997565181,-0.159956754,-0.154137712,-0.640641123,0.104971253,-0.500908275,-0.165417028,-0.155560843,-0.171734293,-0.707778379,0.114486359,-0.525225391,-0.220800001,-0.000001000,0.412143608,0.192289814,-0.246448057,0.888205278,1.931219998,0.487222478,-0.062275282,0.023729470,0.874518074,1.809250306
-0.007368408,-0.000242154,0.853832933,0.000148069,0.069849215,0.001115291,0.997556926,-0.160665230,-0.152647785,-0.638136835,0.105032987,-0.503044571,-0.165418282,-0.156419681,-0.170185668,-0.705482379,0.114188155,-0.527056508,-0.220800001,-0.000001000,0.402651659,0.174699764,-0.222100955,0.922989291,1.931219999,0.497802502,-0.051323039,0.021568050,0.834852105,1.811172232
-0.007511211,-0.000280294,0.853529727,-0.000198501,0.070033005,0.000687496,0.997544418,-0.161521156,-0.151140373,-0.635615506,0.105099924,-0.505240247,-0.165419570,-0.157418895,-0.168621256,-0.703178928,0.113892262,-0.528924987,-0.220800000,-0.000001000,0.393152393,0.156931802,-0.197693502,0.957811780,1.931220000,0.507610021,-0.040420989,0.019752336,0.796679752,1.813081021
-0.007454471,-0.000214769,0.853567010,-0.000292231,0.069897707,0.000412789,0.997554036,-0.161627346,-0.149601079,-0.629848448,0.104676631,-0.509523948,-0.165425145,-0.157618240,-0.167151770,-0.698085636,0.113182799,-0.531714757,-0.220800000,-0.000001000,0.378874816,0.145457092,-0.192030363,0.968260673,1.931220000,0.508605234,-0.043755330,0.046370929,0.787955672,1.813013689
-0.007392303,-0.000146424,0.853613553,-0.000379083,0.069753724,0.000142246,0.997564160,-0.161713143,-0.148060919,-0.623993106,0.104240003,-0.513864443,-0.165430838,-0.157795828,-0.165684867,-0.692916461,0.112462087,-0.534529586,-0.220800000,-0.000001000,0.364467268,0.134153561,-0.186877074,0.978046598,1.931220000,0.509360750,-0.047476905,0.073762943,0.780032593,1.812892605
-0.007322755,-0.000117338,0.853638645,-0.000422738,0.069832804,0.000359946,0.997558555,-0.163620313,-0.144740724,-0.609208867,0.103716155,-0.521891545,-0.165437382,-0.159342567,-0.162654529,-0.679878793,0.111414217,-0.538298588,-0.220800488,-0.000001000,0.358077357,0.139993856,-0.259578293,0.937350361,1.931220000,0.498583779,-0.047119772,0.094739841,0.805936343,1.812397905
-0.007252986,-0.000089428,0.853663095,-0.000465101,0.069918558,0.000592265,0.997552419,-0.165582015,-0.141367234,-0.594157293,0.103189697,-0.530029026,-0.165443952,-0.160930300,-0.159577381,-0.666605540,0.110356552,-0.542096157,-0.220800990,-0.000001000,0.351927496,0.146347443,-0.334610504,0.895142669,1.931220000,0.487461521,-0.046640521,0.115524668,0.832852881,1.811892018
-0.007245043,-0.000114746,0.853672064,-0.000419596,0.070352482,0.000829675,0.997521761,-0.167918844,-0.139375394,-0.584358564,0.103061596,-0.532202762,-0.165444475,-0.163038415,-0.157697274,-0.657466621,0.109947692,-0.542645103,-0.220800332,-0.000001000,0.349658560,0.156626118,-0.400820032,0.817121263,1.931220000,0.472644689,-0.045774628,0.126426181,0.869856197,1.811217812
-0.007238904,-0.000141616,0.853680582,-0.000371529,0.070796539,0.001067234,0.997490137,-0.170266609,-0.137423837,-0.574712987,0.102945110,-0.534202619,-0.165444822,-0.165161703,-0.155852068,-0.648448243,0.109557748,-0.543099332,-0.220799641,-0.000001000,0.347502777,0.167019232,-0.466772325,0.738055673,1.931220000,0.457720138,-0.044897462,0.137039536,0.907153603,1.810538699
-0.007246250,-0.000152602,0.853660712,-0.000266275,0.071330359,0.000941472,0.997452266,-0.172315755,-0.136237944,-0.568164956,0.102863097,-0.534139277,-0.165444660,-0.167481652,-0.154767600,-0.641876067,0.109723050,-0.543043268,-0.220799586,-0.000001000,0.346469157,0.181241266,-0.491015798,0.658720921,1.931220000,0.436627704,-0.036873284,0.148030646,0.959732933,1.809725943
-0.007253968,-0.000163149,0.853640060,-0.000159446,0.071866630,0.000805700,0.997413912,-0.174356674,-0.135073145,-0.561702258,0.102782034,-0.534019097,-0.165444485,-0.169807020,-0.153704089,-0.635371281,0.109903647,-0.542973145,-0.220799549,-0.000001000,0.345466451,0.195568781,-0.514110252,0.579378755,1.931220000,0.415365354,-0.028652217,0.159032162,1.012733259,1.808909504
-0.007649071,-0.000056973,0.853457970,-0.000089856,0.075851329,0.001053529,0.997118578,-0.186060790,-0.135410945,-0.557534897,0.105703186,-0.532883620,-0.165445779,-0.181247354,-0.153973438,-0.630833912,0.112535687,-0.542747510,-0.220800266,-0.000001000,0.350574165,0.213149714,-0.527747002,0.507111076,1.931220000,0.390795263,-0.011616691,0.125048122,1.053499146,1.810238619
-0.008055675,0.000052667,0.853271088,-0.000021370,0.079937138,0.001312728,0.996799042,-0.198051765,-0.135793351,-0.553435676,0.108713461,-0.531718003,-0.165447117,-0.192958274,-0.154282355,-0.626354947,0.115240500,-0.542517258,-0.220801006,-0.000001000,0.355863272,0.230827227,-0.541102992,0.435053409,1.931220000,0.366126978,0.005680499,0.089728647,1.093901843,1.811631426
-0.008196354,0.000142723,0.853307900,0.000023586,0.082748218,0.001204005,0.996569758,-0.204509332,-0.135852953,-0.553311782,0.108104490,-0.531120706,-0.165446769,-0.199552327,-0.154334330,-0.626216434,0.114699642,-0.542089581,-0.220800586,-0.000001000,0.359026016,0.238002648,-0.531934939,0.428784986,1.931220000,0.339360257,0.015754221,0.087509628,1.099525802,1.813157503
-0.008329398,0.000232217,0.853351135,0.000067867,0.085522086,0.001084710,0.996335682,-0.210808027,-0.135903287,-0.553302025,0.107391606,-0.530539727,-0.165446372,-0.205999467,-0.154378928,-0.626202540,0.114065597,-0.541656236,-0.220800132,-0.000001000,0.362127710,0.244876540,-0.522120191,0.424405461,1.931220000,0.312533286,0.025620547,0.086240967,1.104151217,1.814687406
-0.008515582,0.000310838,0.853224075,0.000130467,0.087099415,0.001742840,0.996198091,-0.215415243,-0.136484228,-0.552862686,0.108218845,-0.529924244,-0.165447311,-0.210114583,-0.154926724,-0.625558983,0.114844376,-0.541460556,-0.220800065,-0.000001000,0.379404395,0.254172198,-0.504828439,0.439389013,1.931220000,0.292612639,0.036715101,0.082731145,1.105731989,1.816583778
-0.008703235,0.000389160,0.853092308,0.000193573,0.088643430,0.002422456,0.996060458,-0.219975700,-0.137079836,-0.552411472,0.109088659,-0.529307808,-0.165448288,-0.214165233,-0.155488430,-0.624898021,0.115662210,-0.541271445,-0.220800008,-0.000001000,0.397072927,0.263534802,-0.487329995,0.454907830,1.931220000,0.272882908,0.047843608,0.079159370,1.107228597,1.818490281
-0.008718463,0.000404037,0.852872099,0.000295383,0.087858509,0.002574846,0.996129593,-0.219254112,-0.137651495,-0.551061952,0.111112098,-0.529358282,-0.165449268,-0.213279729,-0.156037729,-0.623252215,0.117592082,-0.541945334,-0.220800003,-0.000000077,0.413556279,0.263028824,-0.456800639,0.529671442,1.931220000,0.259271654,0.053728149,0.075884027,1.098398162,1.819465969
-0.008728561,0.000417027,0.852649260,0.000398345,0.087004241,0.002711550,0.996204171,-0.218375387,-0.138222442,-0.549685708,0.113169857,-0.529428596,-0.165450248,-0.212247376,-0.156586659,-0.621577110,0.119555036,-0.542644897,-0.220800000,0.000000874,0.430004373,0.262229261,-0.425883619,0.606197554,1.931220000,0.245842422,0.059456686,0.072617503,1.089260503,1.820413965
-0.008451603,0.000372132,0.852870827,0.000498174,0.085604005,0.002282211,0.996326502,-0.214953852,-0.138136201,-0.548317023,0.113738448,-0.528927605,-0.165448993,-0.209228530,-0.156484281,-0.619947936,0.120219343,-0.542834773,-0.220799404,0.000000946,0.425193561,0.253632567,-0.389535418,0.701151599,1.931220000,0.235174528,0.060983605,0.071493645,1.069898610,1.820413374
-0.008166476,0.000325591,0.853105040,0.000597912,0.084188045,0.001836759,0.996448013,-0.211459956,-0.138031259,-0.546948554,0.114264661,-0.528410356,-0.165447675,-0.206153154,-0.156363367,-0.618320068,0.120846695,-0.543010145,-0.220798790,0.000000994,0.419777774,0.244813986,-0.353032659,0.796630056,1.931220000,0.224585214,0.062390956,0.070430761,1.050245762,1.820385789
-0.007896446,0.000222218,0.853413731,0.000426997,0.082350088,0.001258973,0.996602577,-0.206307213,-0.136772389,-0.545790787,0.113191912,-0.527188153,-0.165446645,-0.201487695,-0.155069480,-0.617125760,0.119811125,-0.541980640,-0.220796422,0.000000997,0.405314669,0.236816925,-0.311808636,0.876669299,1.931220000,0.223863019,0.061249679,0.074945266,1.024212512,1.819646281
-0.007626891,0.000117059,0.853724762,0.000247575,0.080498562,0.000677023,0.996754464,-0.201102336,-0.135477254,-0.544639642,0.112068910,-0.525943796,-0.165445624,-0.196772263,-0.153738730,-0.615945078,0.118723294,-0.540913269,-0.220793999,0.000001000,0.390567228,0.228845682,-0.270436234,0.956223325,1.931220000,0.223450924,0.060028305,0.079635055,0.997978741,1.818884400
-0.007225587,0.000034426,0.854046405,0.000289048,0.077120310,0.000018022,0.997021752,-0.191782678,-0.134467735,-0.543290889,0.110017673,-0.524134398,-0.165446365,-0.188145619,-0.152778867,-0.614591968,0.117032298,-0.539133297,-0.220794352,0.000001000,0.377524237,0.224725132,-0.238383341,1.001596362,1.931220000,0.224547326,0.051039288,0.096398079,0.977489455,1.817885384
-0.006820319,-0.000047529,0.854368368,0.000337167,0.073695178,-0.000643298,0.997280549,-0.182339166,-0.133466812,-0.541936188,0.107938495,-0.522307993,-0.165447158,-0.179401248,-0.151830167,-0.613233669,0.115323147,-0.537331875,-0.220794788,0.000001000,0.364532550,0.220720487,-0.206610961,1.045940568,1.931220000,0.225689133,0.041816469,0.113524501,0.957173076,1.816879231
-0.006465109,-0.000057603,0.854649904,0.000203286,0.070942385,-0.000677643,0.997480164,-0.174156517,-0.132074977,-0.541095003,0.104535009,-0.519682779,-0.165447929,-0.171412900,-0.150456016,-0.612535862,0.112192379,-0.534353773,-0.220796248,0.000001000,0.356709227,0.216140143,-0.179541508,1.068453665,1.931220000,0.217721343,0.028054195,0.137635623,0.935254051,1.814160322
-0.006111325,-0.000065629,0.854930289,0.000064218,0.068208232,-0.000694122,0.997670863,-0.166009788,-0.130672005,-0.540268448,0.101093795,-0.517034807,-0.165448700,-0.163446091,-0.149069744,-0.611856872,0.109021109,-0.531342149,-0.220797738,0.000001000,0.349033146,0.211543397,-0.152606038,1.090344811,1.931220000,0.209494028,0.014162595,0.161945734,0.913289369,1.811392617
-0.005811440,-0.000102629,0.855139213,-0.000420696,0.066056869,-0.000245610,0.997815741,-0.159599336,-0.128629800,-0.539777707,0.098039674,-0.514212363,-0.165453851,-0.156466627,-0.146931659,-0.612045172,0.105387537,-0.526970420,-0.220798805,0.000001000,0.346531750,0.205886497,-0.129010286,1.097719187,1.931220000,0.194464020,-0.000411793,0.187912384,0.897808741,1.808163344
-0.005513229,-0.000140529,0.855345917,-0.000916346,0.063923279,0.000217340,0.997954371,-0.153242786,-0.126567751,-0.539297391,0.094997570,-0.511384503,-0.165459138,-0.149517815,-0.144770235,-0.612260397,0.101739612,-0.522556467,-0.220799859,0.000001000,0.344191001,0.200196684,-0.105518214,1.104642893,1.931220000,0.179222825,-0.015007378,0.213930461,0.882529410,1.804919741
-0.005421764,-0.000083631,0.855436429,-0.001012749,0.063152872,0.000304501,0.998003305,-0.150406060,-0.125728721,-0.538976879,0.092441635,-0.508116669,-0.165467125,-0.146480718,-0.143987085,-0.612802667,0.098918816,-0.517401566,-0.220799940,0.000001000,0.344547519,0.189557779,-0.083202898,1.106828766,1.931220000,0.159318849,-0.025629563,0.234823716,0.873383480,1.802355214
-0.005336470,-0.000023904,0.855523474,-0.001097236,0.062423120,0.000380447,0.998049100,-0.147674382,-0.124926190,-0.538661136,0.089900210,-0.504835703,-0.165475193,-0.143560365,-0.143245070,-0.613354696,0.096122705,-0.512224552,-0.220799993,0.000001000,0.344984536,0.178771169,-0.060922701,1.108873238,1.931220000,0.139275713,-0.036133163,0.255564021,0.864420602,1.799810954
-0.005345466,0.000079380,0.855607150,-0.001063452,0.062357133,0.000336130,0.998053277,-0.146985884,-0.124800249,-0.538571791,0.088374075,-0.500825511,-0.165485205,-0.142896962,-0.143304654,-0.614090987,0.094709857,-0.506446983,-0.220799997,0.000001000,0.341946895,0.166617603,-0.049989204,1.095087902,1.931220000,0.125879430,-0.041377546,0.261959472,0.861184237,1.799647976
-0.005357185,0.000183922,0.855690730,-0.001026253,0.062310308,0.000288340,0.998056256,-0.146356372,-0.124693840,-0.538488982,0.086877251,-0.496794266,-0.165495274,-0.142298718,-0.143387380,-0.614832597,0.093336943,-0.500652076,-0.220800000,0.000001000,0.338808940,0.154424572,-0.039383287,1.080845558,1.931220000,0.112675043,-0.046470095,0.267940787,0.858113197,1.799553745
-0.005205297,0.000114567,0.855660315,-0.002017000,0.060833436,0.000072105,0.998145891,-0.142607565,-0.121015536,-0.534798598,0.085436233,-0.492041691,-0.165498424,-0.137516779,-0.140891031,-0.618085342,0.090420313,-0.480369679,-0.220800000,0.000001000,0.351536125,0.142780807,-0.038828684,1.047368819,1.931220000,0.120385042,-0.045554577,0.257623667,0.875279450,1.798948740
-0.005048251,0.000039729,0.855626306,-0.003040145,0.059311278,-0.000149440,0.998234896,-0.138760427,-0.117224634,-0.530994490,0.083996974,-0.487266377,-0.165501356,-0.132602955,-0.138313381,-0.621417246,0.087455020,-0.459630588,-0.220800000,0.000001000,0.364763432,0.131154357,-0.038590933,1.013285748,1.931220000,0.128754334,-0.044449665,0.246792765,0.893083650,1.798327633
-0.005026569,-0.000013071,0.855457711,-0.003353872,0.058441011,-0.000146674,0.998285219,-0.137504292,-0.114975805,-0.524406112,0.084064944,-0.489209167,-0.165498665,-0.130474951,-0.137497620,-0.621676275,0.086743374,-0.446262107,-0.220800000,0.000001000,0.377746493,0.118228175,-0.048162613,0.996468009,1.931220000,0.148934678,-0.047208122,0.236865045,0.901325102,1.797610636
-0.005008958,-0.000065208,0.855285068,-0.003646267,0.057590300,-0.000137163,0.998333633,-0.136326063,-0.112773343,-0.517734018,0.084178233,-0.491353954,-0.165495805,-0.128430711,-0.136734836,-0.621842911,0.086099491,-0.433115243,-0.220800000,0.000001000,0.390722211,0.105262914,-0.058029241,0.980169400,1.931220000,0.169470152,-0.050082741,0.226964482,0.909279024,1.796890757
-0.005056784,-0.000047101,0.855165928,-0.003370451,0.057452449,-0.000107844,0.998342549,-0.136705364,-0.112565626,-0.513150562,0.084452065,-0.493144062,-0.165495756,-0.128712147,-0.137308780,-0.619990635,0.086643066,-0.428553337,-0.220797583,0.000001000,0.390004675,0.090249936,-0.070767902,0.985768359,1.931220000,0.184970810,-0.058961216,0.229817467,0.910301889,1.797155058
-0.005106469,-0.000026998,0.855048308,-0.003078483,0.057334857,-0.000077962,0.998350255,-0.137128940,-0.112414612,-0.508626477,0.084730460,-0.494924088,-0.165495787,-0.129059693,-0.137920722,-0.618080970,0.087220395,-0.424235464,-0.220795096,0.000001000,0.388897898,0.075178750,-0.083588202,0.991989772,1.931220000,0.200328350,-0.068010354,0.233032981,0.911127735,1.797447335
-0.005103419,0.000022611,0.855029173,-0.002680416,0.057264684,-0.000052315,0.998355432,-0.137374069,-0.112579200,-0.504572406,0.084582940,-0.494967437,-0.165497181,-0.129520092,-0.138583560,-0.615159840,0.087716215,-0.421640883,-0.220792676,0.000001000,0.381598215,0.065626328,-0.106070474,0.997907882,1.931220000,0.209508008,-0.080484146,0.245178187,0.907475462,1.798228185
-0.005098730,0.000073136,0.855013098,-0.002279052,0.057195975,-0.000026800,0.998360369,-0.137613653,-0.112753596,-0.500532941,0.084422183,-0.494956816,-0.165498617,-0.129983998,-0.139247979,-0.612207278,0.088209502,-0.419099855,-0.220790258,0.000001000,0.374106078,0.056245410,-0.128853008,1.003816566,1.931220000,0.218495678,-0.093064365,0.257600898,0.903684024,1.799024219
-0.005151762,0.000153536,0.854949772,-0.001690848,0.057341824,0.000194270,0.998353153,-0.138612553,-0.113699017,-0.497088285,0.084604869,-0.493248563,-0.165500756,-0.131342169,-0.140296530,-0.607820889,0.089327210,-0.419486793,-0.220786518,0.000001000,0.370998562,0.053324179,-0.149846920,1.003945840,1.931220000,0.233163488,-0.101668452,0.272409744,0.894703063,1.799977443
-0.005206527,0.000234833,0.854885028,-0.001097032,0.057494094,0.000421214,0.998345155,-0.139634260,-0.114667596,-0.493661494,0.084797871,-0.491489320,-0.165502917,-0.132727200,-0.141356618,-0.603391433,0.090463673,-0.419961674,-0.220782738,0.000001000,0.368022743,0.050596971,-0.170787108,1.003901525,1.931220000,0.248001906,-0.110153113,0.287290260,0.885566230,1.800935389
-0.005231789,0.000285175,0.854843052,-0.000808915,0.057627033,0.000454753,0.998337750,-0.140652443,-0.114533074,-0.488978404,0.084946657,-0.488273877,-0.165505700,-0.134279666,-0.140876918,-0.596276690,0.091274920,-0.422431422,-0.220781109,0.000001000,0.367467396,0.054906103,-0.196706847,1.000371656,1.931220000,0.259443056,-0.117185423,0.307720932,0.878896434,1.801700610
-0.005256213,0.000334638,0.854801723,-0.000529478,0.057759417,0.000482802,0.998330274,-0.141670526,-0.114367229,-0.484259643,0.085094187,-0.485017088,-0.165508501,-0.135836886,-0.140353497,-0.589085701,0.092076933,-0.424957811,-0.220779541,0.000001000,0.366980775,0.059415025,-0.222767974,0.996742820,1.931220000,0.270787745,-0.124176494,0.328309195,0.872296687,1.802460358
-0.005237457,0.000364194,0.854834855,-0.000364459,0.057875642,0.000449067,0.998323633,-0.142150565,-0.114174515,-0.481464336,0.084785818,-0.481792172,-0.165512327,-0.136686610,-0.139832774,-0.584494884,0.092122661,-0.426254673,-0.220780277,0.000001000,0.364821189,0.066241501,-0.237973477,0.991894086,1.931201495,0.273293754,-0.127716379,0.345977806,0.868793275,1.802528286
-0.005217341,0.000393124,0.854870332,-0.000203043,0.057991355,0.000413386,0.998316979,-0.142613661,-0.113980954,-0.478729601,0.084463093,-0.478568260,-0.165516186,-0.137514054,-0.139312136,-0.579985950,0.092144572,-0.427512815,-0.220781086,0.000001000,0.362608918,0.073140960,-0.252837120,0.987006937,1.931182408,0.275521421,-0.131147582,0.363554473,0.865387371,1.802574428
-0.005352594,0.000381226,0.854783482,-0.000137791,0.059004560,0.000397746,0.998257624,-0.145428606,-0.113962236,-0.477622113,0.084750720,-0.477601329,-0.165516211,-0.140458210,-0.139163451,-0.578119402,0.092553877,-0.428439065,-0.220779783,0.000001000,0.360261735,0.079558364,-0.243908748,0.988816702,1.929294585,0.279019533,-0.122742556,0.374485562,0.864115142,1.801952325
-0.005492464,0.000368115,0.854692996,-0.000075396,0.060044373,0.000382701,0.998195633,-0.148313441,-0.113948714,-0.476562983,0.085056484,-0.476701469,-0.165516122,-0.143465269,-0.139025819,-0.576331379,0.092974695,-0.429355451,-0.220778416,0.000001000,0.357910543,0.085961442,-0.234273332,0.990825484,1.927351227,0.282555400,-0.113985785,0.385219160,0.862906320,1.801310364
-0.005650232,0.000433551,0.854602589,0.000289250,0.061787619,0.000475165,0.998089165,-0.152919307,-0.114941050,-0.475872751,0.085519627,-0.475659488,-0.165517541,-0.148273283,-0.139948049,-0.574685834,0.093909234,-0.430630925,-0.220777107,0.000001000,0.352583736,0.095614012,-0.221811834,0.997228685,1.924862190,0.279948919,-0.098004489,0.388111487,0.870417070,1.800515681
-0.005808515,0.000501248,0.854512185,0.000662593,0.063550907,0.000570722,0.997978215,-0.157574695,-0.115962330,-0.475193135,0.085987298,-0.474613417,-0.165519004,-0.153133120,-0.140900777,-0.573044390,0.094858556,-0.431916732,-0.220775799,0.000001000,0.347171305,0.105360085,-0.209269016,1.003758335,1.922357452,0.277165693,-0.081815308,0.390778183,0.878178724,1.799716602
-0.005968072,0.000479845,0.854445655,0.000697221,0.064772066,0.000539182,0.997899696,-0.161241659,-0.116141207,-0.474458677,0.087149478,-0.473543665,-0.165519661,-0.157007607,-0.140959090,-0.571278530,0.096306362,-0.433305380,-0.220777165,0.000001000,0.352000949,0.115270091,-0.191218208,1.011785703,1.920062417,0.276663778,-0.072096830,0.392774729,0.884919101,1.799350523
-0.006127669,0.000455671,0.854379869,0.000721311,0.065976271,0.000503688,0.997820804,-0.164877875,-0.116293878,-0.473722512,0.088333264,-0.472473178,-0.165520292,-0.160851441,-0.140989579,-0.569508801,0.097769675,-0.434697226,-0.220778614,0.000001000,0.357149208,0.125185197,-0.172996054,1.019859662,1.917773905,0.276232831,-0.062579645,0.394750427,0.891627707,1.798997914
-0.006262818,0.000410610,0.854321124,0.000628001,0.066627141,0.000457383,0.997777641,-0.167171715,-0.116080496,-0.472899025,0.089466119,-0.471789589,-0.165520419,-0.163246609,-0.140629757,-0.567857036,0.098939739,-0.435916004,-0.220780713,0.000001000,0.372307700,0.131493374,-0.150281314,1.034181275,1.917650861,0.272908255,-0.063028909,0.400987469,0.890670147,1.798868303
-0.006397240,0.000364928,0.854262589,0.000531202,0.067261540,0.000410756,0.997735152,-0.169425663,-0.115856236,-0.472072942,0.090597460,-0.471117498,-0.165520530,-0.165598725,-0.140258336,-0.566208776,0.100101089,-0.437129638,-0.220782831,0.000001000,0.387763673,0.137694363,-0.127433065,1.048688553,1.917592169,0.269497687,-0.063774351,0.407351149,0.889484766,1.798745318
-0.006221793,0.000393315,0.854449418,0.001032084,0.066108408,-0.000173172,0.997811898,-0.166266297,-0.116715143,-0.470999350,0.090214339,-0.468801476,-0.165524566,-0.163458791,-0.141051223,-0.563720413,0.100761236,-0.438140048,-0.220785721,0.000001000,0.390048477,0.145148644,-0.110243993,1.047834735,1.915978709,0.263860540,-0.065812856,0.429375035,0.882348442,1.797637390
-0.006037558,0.000423803,0.854643206,0.001549916,0.064904441,-0.000772338,0.997889981,-0.162953397,-0.117604772,-0.469918737,0.089788263,-0.466438829,-0.165528712,-0.161191451,-0.141877133,-0.561208223,0.101407167,-0.439144694,-0.220788633,0.000001000,0.391959718,0.152638471,-0.093215427,1.046545242,1.914321152,0.258160244,-0.067888035,0.451843079,0.875043336,1.796501526
-0.005859354,0.000445540,0.854711052,0.002051549,0.064021780,-0.001115732,0.997945769,-0.160071966,-0.118390472,-0.469226720,0.088451128,-0.463261352,-0.165532257,-0.159397412,-0.142544719,-0.558521451,0.101605232,-0.440650391,-0.220791244,0.000001000,0.386022199,0.156876089,-0.067830595,1.061877797,1.913238603,0.247702795,-0.066857472,0.472130424,0.873404789,1.794867615
-0.005681337,0.000467005,0.854774980,0.002552676,0.063149046,-0.001451168,0.997999788,-0.157203958,-0.119172940,-0.468546792,0.087085651,-0.460058527,-0.165535784,-0.157618097,-0.143207380,-0.555829249,0.101789365,-0.442171675,-0.220793846,0.000001000,0.379840516,0.161012536,-0.042185813,1.077727440,1.912173942,0.237097358,-0.065730295,0.492349932,0.871942521,1.793218211
-0.005472361,0.000546327,0.854968718,0.002599672,0.061561346,-0.001336591,0.998099021,-0.152704516,-0.118246568,-0.465277910,0.083312515,-0.427265347,-0.165604249,-0.154626830,-0.138557945,-0.537081390,0.098963535,-0.446862427,-0.220796893,0.000001000,0.376331004,0.145995755,0.062827623,1.082915621,1.908503383,0.224197129,-0.075932524,0.540688070,0.877074008,1.792694145
-0.005262452,0.000627390,0.855166363,0.002632991,0.059951967,-0.001208466,0.998197059,-0.148155969,-0.117268761,-0.461931102,0.079466910,-0.393581512,-0.165674670,-0.151599083,-0.133748617,-0.517850264,0.096047106,-0.451648579,-0.220799953,0.000001000,0.372901924,0.130402472,0.170230016,1.087782897,1.904754388,0.211227829,-0.086475763,0.589872566,0.882403964,1.792203951
-0.005176971,0.000567012,0.855248540,0.002131834,0.059557303,-0.001385176,0.998221651,-0.146989588,-0.115538073,-0.460715453,0.078727514,-0.388127832,-0.165683943,-0.150267766,-0.131474683,-0.515509471,0.094382129,-0.448605159,-0.220800026,0.000001000,0.373279634,0.129332005,0.181960350,1.084475991,1.904227215,0.224156257,-0.109054695,0.607329343,0.857856733,1.793479058
-0.005095522,0.000502051,0.855326974,0.001613355,0.059201982,-0.001571765,0.998243483,-0.145932814,-0.113782987,-0.459568869,0.078088781,-0.383589015,-0.165691235,-0.148991425,-0.129282914,-0.513716047,0.092757708,-0.445308003,-0.220800001,0.000001000,0.373780711,0.128732182,0.190590214,1.080904182,1.903804453,0.237923959,-0.132023671,0.623757910,0.832341265,1.794811374
-0.005220993,0.000419316,0.855394277,0.001029532,0.061183106,-0.001922695,0.998124176,-0.150784394,-0.112179857,-0.459367115,0.078289993,-0.380441183,-0.165697682,-0.153628533,-0.127628738,-0.514329749,0.091960681,-0.439861245,-0.220800000,0.000001000,0.375853093,0.142549540,0.198259885,1.068588516,1.903880769,0.278805163,-0.171856969,0.625583560,0.787940044,1.795462071
-0.005352901,0.000336027,0.855461234,0.000443672,0.063236632,-0.002278729,0.997995861,-0.155819774,-0.110581453,-0.459194754,0.078517335,-0.377336622,-0.165704102,-0.158449600,-0.125991284,-0.515018333,0.091189394,-0.434347615,-0.220800000,0.000001000,0.377974356,0.156815396,0.205899685,1.056000840,1.903972610,0.320529828,-0.212214892,0.626954934,0.742951316,1.796091564
-0.005441239,0.000226270,0.855864045,-0.000187885,0.067020629,-0.002927939,0.997747276,-0.164181164,-0.108949699,-0.460778543,0.077912476,-0.372983016,-0.165744502,-0.166829910,-0.124534099,-0.518279191,0.089737311,-0.425836668,-0.220800000,0.000000954,0.374069908,0.200783060,0.215173415,1.029108219,1.903080336,0.359129620,-0.284501153,0.595291468,0.702476629,1.791572658
-0.005528287,0.000115729,0.856276805,-0.000820793,0.070854862,-0.003585789,0.997479853,-0.172641077,-0.107316956,-0.462414353,0.077282965,-0.368592411,-0.165785908,-0.175315652,-0.123082254,-0.521616247,0.088265062,-0.417236934,-0.220800000,0.000000907,0.369986966,0.245630558,0.224495545,1.001791854,1.902158910,0.397636846,-0.357733203,0.562649438,0.662135658,1.786901245
-0.005396188,-0.000182215,0.856632488,-0.001261923,0.073354789,-0.003627017,0.997298515,-0.177906387,-0.106317329,-0.465248831,0.076788604,-0.359713089,-0.165876663,-0.179855432,-0.122540665,-0.527659949,0.086559804,-0.401129867,-0.220800000,-0.000000018,0.393713418,0.328338182,0.232819917,0.962813666,1.898880846,0.472804684,-0.451665524,0.454113847,0.659751906,1.775938342
-0.005256910,-0.000486298,0.856986301,-0.001696762,0.075810574,-0.003648024,0.997114121,-0.183067045,-0.105338443,-0.468122576,0.076298670,-0.350686720,-0.165969036,-0.184265946,-0.122028895,-0.533792320,0.084846912,-0.384776867,-0.220800000,-0.000000971,0.418350882,0.412286071,0.241111603,0.923453448,1.895525580,0.549173492,-0.546275968,0.343092050,0.658611600,1.764769336
-0.003894947,-0.000327492,0.858832910,-0.001516826,0.075927694,-0.003003269,0.997107650,-0.181250929,-0.106040967,-0.468265971,0.075746534,-0.349492177,-0.165975522,-0.182085621,-0.122698673,-0.534140437,0.084244502,-0.383087291,-0.220800000,-0.000000078,0.432636035,0.531527116,0.272318066,0.906076465,1.888872571,0.550031913,-0.622390765,0.330068762,0.676686037,1.769503516
-0.002494792,-0.000154227,0.860726147,-0.001317687,0.075971735,-0.002337717,0.997106361,-0.179216886,-0.106796011,-0.468324080,0.075192456,-0.348542270,-0.165979325,-0.179699424,-0.123405358,-0.534307877,0.083676779,-0.381855744,-0.220800000,0.000000872,0.446597822,0.651870583,0.304240298,0.889386153,1.882116552,0.548531681,-0.697927830,0.320106569,0.695360668,1.774734450
-0.001074759,-0.000098897,0.862717602,-0.001523605,0.075537046,-0.001449721,0.997140778,-0.176048995,-0.106518184,-0.468724810,0.074478786,-0.347254313,-0.165987421,-0.175988987,-0.123032472,-0.534829851,0.082880860,-0.380277144,-0.220800000,0.000000946,0.475616590,0.765998402,0.337075097,0.870733975,1.876661570,0.551559565,-0.779629727,0.309878108,0.708227582,1.782904950
0.000345871,-0.000047105,0.864712004,-0.001741674,0.075087916,-0.000555050,0.997175242,-0.172847085,-0.106209367,-0.469135819,0.073760328,-0.345956214,-0.165995646,-0.172238817,-0.122627196,-0.535362462,0.082078094,-0.378688131,-0.220800000,0.000000994,0.505087129,0.879939726,0.369937277,0.852022933,1.871245624,0.554723311,-0.861516594,0.299641658,0.720920241,1.791163648
-0.000957680,0.001262122,0.862498327,-0.001735128,0.073696796,-0.000283151,0.997279144,-0.169065258,-0.109709390,-0.479098234,0.068902161,-0.321862321,-0.166274365,-0.167416139,-0.126936600,-0.549726274,0.076661497,-0.347532330,-0.220800000,0.000000997,0.604373557,0.968117232,0.445995457,0.774901233,1.893830001,0.460218758,-1.040432201,0.213805490,0.777785711,1.819177068
-0.002349688,0.002612179,0.860148007,-0.001721284,0.072274937,-0.000031474,0.997383261,-0.165264601,-0.113333091,-0.489370794,0.063909573,-0.297028221,-0.166561867,-0.162558636,-0.131399096,-0.564539201,0.071095083,-0.315416459,-0.220800000,0.000001000,0.705926993,1.055458154,0.523456264,0.695882868,1.917323584,0.362542797,-1.222498449,0.125514507,0.836085525,1.847831948
-0.003337354,0.002302322,0.860524328,-0.001169154,0.070972222,0.000406405,0.997477524,-0.163545416,-0.114736097,-0.491969112,0.063399389,-0.291448978,-0.166667701,-0.160524921,-0.132954479,-0.567700050,0.070712956,-0.309112323,-0.220800000,0.000001000,0.709000000,1.103784186,0.613622365,0.749414325,1.924196758,0.321891036,-1.267155356,0.112350915,0.819043032,1.855951641
-0.004312402,0.001940668,0.860985731,-0.000600224,0.069673072,0.000850093,0.997569336,-0.161891181,-0.116069807,-0.494327961,0.063029076,-0.286470567,-0.166767866,-0.158579320,-0.134419148,-0.570497304,0.070492600,-0.303613624,-0.220800000,0.000001000,0.709000000,1.150892788,0.704184926,0.807081898,1.930551305,0.283018672,-1.307524508,0.101531615,0.799649540,1.863430550
-0.005363567,0.001742504,0.861781970,-0.000046228,0.068738184,0.001318570,0.997633861,-0.161333200,-0.117347444,-0.495574415,0.062764136,-0.283893720,-0.166840935,-0.157781101,-0.135741527,-0.571807167,0.070358960,-0.300968394,-0.220800000,0.000001000,0.709000000,1.174368010,0.773558435,0.862006471,1.930958380,0.263659851,-1.335879682,0.093917074,0.788139355,1.868414208
-0.006416997,0.001549204,0.862588170,0.000507324,0.067814042,0.001787783,0.997696247,-0.160807832,-0.118623413,-0.496787774,0.062502330,-0.281388318,-0.166913197,-0.157017016,-0.137059673,-0.573072781,0.070227900,-0.298408054,-0.220800000,0.000001000,0.709000000,1.197140152,0.842301581,0.916849441,1.931188520,0.244881547,-1.363877447,0.086397872,0.776863693,1.873323633
-0.006955338,0.001331046,0.862359150,0.000844482,0.066655251,0.001815315,0.997774057,-0.159107055,-0.119536131,-0.498072172,0.063028277,-0.278771815,-0.166983707,-0.155329251,-0.138041301,-0.574318313,0.070897537,-0.295832481,-0.220800000,0.000001000,0.709000000,1.208946044,0.910048284,0.963502426,1.931206911,0.259724025,-1.381052205,0.087491768,0.781436865,1.876789145
-0.007476986,0.001112082,0.862096583,0.001174627,0.065488760,0.001828532,0.997850940,-0.157368186,-0.120437076,-0.499358873,0.063579753,-0.276151711,-0.167054159,-0.153611552,-0.139012024,-0.575563196,0.071593122,-0.293256415,-0.220800000,0.000001000,0.709000000,1.220396550,0.977762696,1.009889996,1.931218439,0.275656061,-1.397876220,0.088864791,0.786523653,1.880207863
-0.007359611,0.000970256,0.861702102,0.001230242,0.064775382,0.001742525,0.997897590,-0.155617234,-0.120790735,-0.500708072,0.064112363,-0.273620009,-0.167100125,-0.151955278,-0.139425972,-0.576841743,0.072293299,-0.290789917,-0.220800000,0.000001000,0.709000000,1.217298294,1.033103447,1.039910254,1.931219346,0.304278513,-1.404539464,0.096481525,0.792130108,1.882409672
-0.007222356,0.000830830,0.861303518,0.001277316,0.064076069,0.001653431,0.997942830,-0.153865907,-0.121127368,-0.502059216,0.064644386,-0.271091058,-0.167145330,-0.150300915,-0.139822599,-0.578121337,0.072993619,-0.288326829,-0.220800000,0.000001000,0.709000000,1.213747447,1.088059271,1.069421349,1.931219923,0.333295745,-1.410886621,0.104292490,0.797752729,1.884573626
-0.006662285,0.000731563,0.860946260,0.001195938,0.063786291,0.001479839,0.997961767,-0.152222486,-0.121099671,-0.503392081,0.064802213,-0.268706568,-0.167174758,-0.148813292,-0.139838446,-0.579403730,0.073312586,-0.285996096,-0.220800000,0.000001000,0.709000000,1.206017837,1.132337346,1.075855591,1.931219967,0.364088991,-1.413576227,0.111924665,0.797242518,1.886237120
-0.006089663,0.000633489,0.860590229,0.001110746,0.063508663,0.001303739,0.997979818,-0.150582269,-0.121061158,-0.504724405,0.064948931,-0.266326368,-0.167203717,-0.147330620,-0.139842989,-0.580686206,0.073620231,-0.283669291,-0.220800000,0.000001000,0.709000000,1.198164176,1.176298442,1.081604777,1.931219996,0.394934960,-1.416157255,0.119551533,0.796550250,1.887885757
-0.005666051,0.000581621,0.860370609,0.001043604,0.063445905,0.001175824,0.997984041,-0.149515623,-0.121036190,-0.506039047,0.064685133,-0.264052759,-0.167226471,-0.146396942,-0.139849441,-0.581968890,0.073513898,-0.281439273,-0.220800000,0.000001000,0.709000000,1.187335490,1.212574461,1.074826499,1.931219998,0.422002484,-1.417194716,0.123386194,0.791038113,1.889102157
-0.005247320,0.000531267,0.860155456,0.000977053,0.063390185,0.001049487,0.997987790,-0.148467766,-0.121011666,-0.507353110,0.064407887,-0.261782642,-0.167249023,-0.145481249,-0.139855956,-0.583251582,0.073394004,-0.279212425,-0.220800000,0.000001000,0.709000000,1.176409345,1.248598724,1.067637832,1.931220000,0.448946229,-1.418181610,0.127096626,0.785368083,1.890304396
-0.004806317,0.000588552,0.859927142,0.001087302,0.063363364,0.001122063,0.997989300,-0.147497842,-0.121552736,-0.508469553,0.064008253,-0.259620178,-0.167272191,-0.144536208,-0.140430376,-0.584256593,0.073217360,-0.277176363,-0.220800000,0.000001000,0.709000000,1.162379943,1.270865077,1.049127761,1.931220000,0.469231105,-1.424210615,0.122476493,0.773842000,1.891760508
-0.004364624,0.000649175,0.859698420,0.001203034,0.063337439,0.001200809,0.997990721,-0.146530334,-0.122111346,-0.509579867,0.063604823,-0.257461054,-0.167295379,-0.143590256,-0.141022409,-0.585252993,0.073038957,-0.275146217,-0.220800000,0.000001000,0.709000000,1.148254299,1.292704757,1.030266580,1.931220000,0.489309470,-1.430395991,0.117598005,0.762134304,1.893224492
-0.003999234,0.000727970,0.859472266,0.001096596,0.063376119,0.001087491,0.997988518,-0.145832783,-0.122155181,-0.510636468,0.063356943,-0.255532172,-0.167314569,-0.143006979,-0.141090385,-0.586241033,0.072942260,-0.273303750,-0.220800000,0.000001000,0.709000000,1.132019709,1.299776450,1.002504058,1.931220000,0.502728508,-1.438252599,0.108712648,0.751231041,1.894969553
-0.003636139,0.000807312,0.859246190,0.000983477,0.063416741,0.000968399,0.997986178,-0.145143348,-0.122183539,-0.511691455,0.063113740,-0.253610213,-0.167333639,-0.142434607,-0.141142604,-0.587228821,0.072848020,-0.271466926,-0.220800000,0.000001000,0.709000000,1.115721707,1.306404103,0.974473894,1.931220000,0.515947316,-1.446159456,0.099706814,0.740351966,1.896723065
-0.003385195,0.001101176,0.859096257,0.000871358,0.063674167,0.000871134,0.997969981,-0.145016236,-0.122709846,-0.513557260,0.062720898,-0.250096048,-0.167370504,-0.142432399,-0.141712611,-0.589043684,0.072672380,-0.268030343,-0.220800000,0.000001000,0.709000000,1.092499404,1.310430733,0.908611399,1.931220000,0.533871085,-1.450107348,0.086485589,0.732840229,1.898635356
-0.003137889,0.001402000,0.858948795,0.000759272,0.063938621,0.000774577,0.997953244,-0.144907365,-0.123252307,-0.515449366,0.062323200,-0.246530232,-0.167407946,-0.142448687,-0.142299415,-0.590885377,0.072494099,-0.264541866,-0.220800000,0.000001000,0.709000000,1.069052482,1.314372988,0.841521652,1.931220000,0.551947479,-1.453926814,0.073127619,0.725437727,1.900552797
-0.003107659,0.002136569,0.858964386,0.000406918,0.063802789,0.001042035,0.997961899,-0.144086756,-0.126016011,-0.525093644,0.062837636,-0.229221056,-0.167618667,-0.141064150,-0.145230364,-0.601563860,0.072774728,-0.246243021,-0.220800000,0.000001000,0.709000000,1.037030906,1.343858143,0.730015330,1.931220000,0.549882748,-1.448713219,0.045130031,0.726367184,1.909302202
-0.003084181,0.002884632,0.858985051,0.000047090,0.063654489,0.001320816,0.997971121,-0.143244005,-0.128848815,-0.534979081,0.063380447,-0.211484344,-0.167834778,-0.139636036,-0.148234237,-0.612517243,0.073069632,-0.227483446,-0.220800000,0.000001000,0.709000000,1.004742586,1.374137902,0.617127274,1.931220000,0.547191456,-1.443218617,0.016677026,0.727555836,1.918264141
-0.003033727,0.002940375,0.858961430,-0.000039389,0.063482535,0.001267213,0.997982144,-0.142498235,-0.129318368,-0.537662064,0.063319102,-0.207033487,-0.167896450,-0.138826290,-0.148801323,-0.615661426,0.073003475,-0.222631710,-0.220800000,0.000001000,0.709000000,1.005199175,1.363382426,0.604088066,1.931220000,0.538182917,-1.443072599,0.020401938,0.729226333,1.921104709
-0.002982460,0.002975280,0.858936476,-0.000117641,0.063309865,0.001203606,0.997993186,-0.141755383,-0.129716788,-0.540128257,0.063239572,-0.202982528,-0.167953474,-0.138035156,-0.149295063,-0.618570555,0.072926450,-0.218198592,-0.220800000,0.000001000,0.709000000,1.006641370,1.351391809,0.594054260,1.931220000,0.528984232,-1.443087571,0.025095390,0.730911334,1.923761027
-0.002909242,0.003073108,0.858892905,-0.000158845,0.063193979,0.001071605,0.998000675,-0.141103037,-0.130220874,-0.542271975,0.063141829,-0.199392084,-0.168003349,-0.137424821,-0.149937606,-0.621212332,0.072938728,-0.214196921,-0.220800000,0.000001000,0.709000000,1.010915100,1.321920305,0.578916415,1.931220000,0.516701378,-1.444934568,0.038350047,0.736716912,1.926836920
-0.002835307,0.003172987,0.858848727,-0.000198842,0.063079941,0.000937373,0.998008017,-0.140453640,-0.130728406,-0.544405182,0.063043492,-0.195816653,-0.168052990,-0.136820380,-0.150585000,-0.623845393,0.072953918,-0.210209314,-0.220800000,0.000001000,0.709000000,1.015281136,1.291878938,0.563612183,1.931220000,0.504317982,-1.446841288,0.051883791,0.742656818,1.929926491
-0.002782788,0.003234288,0.858821178,-0.000213231,0.063257105,0.000837037,0.997996890,-0.140647890,-0.130943998,-0.545214219,0.062977980,-0.194583957,-0.168071265,-0.137066831,-0.150853846,-0.624840210,0.072933618,-0.208834354,-0.220800000,0.000001000,0.709000000,1.015283568,1.289389517,0.560343761,1.931220000,0.495060108,-1.448585909,0.058242781,0.744917719,1.930573302
-0.002730938,0.003294380,0.858794150,-0.000226818,0.063443390,0.000737763,0.997985140,-0.140868572,-0.131150443,-0.545981767,0.062913496,-0.193424665,-0.168088558,-0.137339943,-0.151110832,-0.625783698,0.072912207,-0.207541253,-0.220800000,0.000001000,0.709000000,1.015149280,1.287763348,0.557452443,1.931220000,0.485900162,-1.450325452,0.064376973,0.747063350,1.931143577
-0.002849622,0.003473177,0.858799422,-0.000262759,0.063596592,0.000632056,0.997975453,-0.141293566,-0.131885557,-0.548066609,0.063185010,-0.190188122,-0.168137283,-0.137792029,-0.152009892,-0.628406109,0.073322007,-0.203891072,-0.220800000,0.000001000,0.709000000,1.015031848,1.280722454,0.548793466,1.931220000,0.465452686,-1.458390580,0.086306046,0.759347450,1.931189099
-0.002973368,0.003655498,0.858805652,-0.000299364,0.063748810,0.000526159,0.997965792,-0.141724625,-0.132636366,-0.550190556,0.063466499,-0.186889914,-0.168186942,-0.138249428,-0.152928012,-0.631078360,0.073744607,-0.200170918,-0.220800000,0.000001000,0.709000000,1.014914916,1.273520818,0.539963270,1.931220000,0.444670129,-1.466643490,0.108704003,0.771932520,1.931219043
-0.002961254,0.003729555,0.858778990,-0.000325350,0.063877310,0.000442839,0.997957608,-0.141942591,-0.132877664,-0.550934059,0.063563786,-0.185775462,-0.168202861,-0.138503070,-0.153227389,-0.632035859,0.073881493,-0.198901390,-0.220800000,0.000001000,0.709000000,1.015039800,1.269012843,0.535474342,1.931220000,0.437876172,-1.474999725,0.114383576,0.774005585,1.931219996
-0.002944689,0.003800065,0.858751251,-0.000350989,0.064005032,0.000360260,0.997949449,-0.142153576,-0.133102271,-0.551632340,0.063655038,-0.184732547,-0.168217674,-0.138750036,-0.153506498,-0.632937185,0.074009019,-0.197712142,-0.220800000,0.000001000,0.709000000,1.015172605,1.264593109,0.531127630,1.931220000,0.431540470,-1.483359345,0.119515470,0.775734286,1.931220000
-0.003119751,0.003839763,0.858771719,-0.000333146,0.064062252,0.000331983,0.997945793,-0.142533433,-0.133407562,-0.552363202,0.063792855,-0.183664932,-0.168234588,-0.139130789,-0.153869546,-0.633860275,0.074192112,-0.196506983,-0.220800000,0.000001000,0.709000000,1.012391013,1.268008859,0.531331037,1.931220000,0.429315676,-1.490591878,0.125959906,0.779138957,1.931220000
-0.003300756,0.003878505,0.858793681,-0.000313954,0.064117286,0.000305391,0.997942274,-0.142918527,-0.133715355,-0.553095074,0.063932116,-0.182596550,-0.168251568,-0.139515691,-0.154235197,-0.634784041,0.074376929,-0.195301331,-0.220800000,0.000001000,0.709000000,1.009519037,1.271667610,0.531675556,1.931220000,0.427218373,-1.497789457,0.132445047,0.782595605,1.931220000
-0.003428347,0.003867651,0.858806128,-0.000410005,0.064238444,0.000459659,0.997934388,-0.143468601,-0.133737415,-0.553907149,0.064168595,-0.181533289,-0.168268547,-0.139887217,-0.154291398,-0.635816584,0.074563310,-0.194074775,-0.220800000,0.000001000,0.709000000,1.008559787,1.277278396,0.532541818,1.931220000,0.433879114,-1.500891856,0.140459112,0.789394081,1.931220000
-0.003554136,0.003855123,0.858818254,-0.000509943,0.064361831,0.000620029,0.997926305,-0.144024243,-0.133749834,-0.554721931,0.064408355,-0.180470201,-0.168285526,-0.140258291,-0.154337158,-0.636852799,0.074749744,-0.192847514,-0.220800000,0.000001000,0.709000000,1.007665075,1.282955045,0.533425685,1.931220000,0.440835362,-1.503856079,0.148524765,0.796305315,1.931220000
-0.003610760,0.003855135,0.858784054,-0.000497286,0.064351460,0.000627838,0.997926975,-0.144148328,-0.134025179,-0.555431973,0.064709994,-0.179401206,-0.168303219,-0.140306287,-0.154651535,-0.637785717,0.074993208,-0.191625759,-0.220800000,0.000001000,0.709000000,1.001469310,1.291716586,0.535147915,1.931220000,0.448272580,-1.503916853,0.157184459,0.798932798,1.931220000
-0.003665143,0.003855553,0.858748352,-0.000480980,0.064336755,0.000630703,0.997927930,-0.144258429,-0.134309044,-0.556138621,0.065013639,-0.178332020,-0.168320936,-0.140343813,-0.154974618,-0.638715288,0.075238520,-0.190404182,-0.220800000,0.000001000,0.709000000,0.995101754,1.300578100,0.536897314,1.931220000,0.455725384,-1.503883534,0.165863404,0.801421457,1.931220000
-0.003450607,0.003914270,0.858620582,-0.000533475,0.064606061,0.000651742,0.997910491,-0.144580951,-0.134486891,-0.556762793,0.065222645,-0.177387854,-0.168332820,-0.140585748,-0.155199048,-0.639579805,0.075415385,-0.189294569,-0.220800000,0.000001000,0.709000000,0.995270771,1.297085935,0.529563445,1.931220000,0.460685254,-1.501294939,0.174700673,0.803850822,1.931220000
-0.003227627,0.003974817,0.858489922,-0.000588130,0.064884280,0.000673351,0.997892394,-0.144910142,-0.134661410,-0.557384376,0.065428681,-0.176447612,-0.168344520,-0.140834101,-0.155420381,-0.640442279,0.075590100,-0.188188472,-0.220800000,0.000001000,0.709000000,0.995645009,1.293205917,0.521944402,1.931220000,0.465566858,-1.498626120,0.183542912,0.806278326,1.931220000
-0.003246233,0.003972348,0.858473700,-0.000566973,0.064974572,0.000620877,0.997886566,-0.145141198,-0.134884301,-0.557994378,0.065595859,-0.175490216,-0.168358791,-0.141060571,-0.155699304,-0.641290259,0.075757882,-0.187073177,-0.220800000,0.000001000,0.709000000,0.994956765,1.291205575,0.517576094,1.931220000,0.473650775,-1.492496737,0.192100906,0.809863349,1.931220000
-0.003273005,0.003967749,0.858461348,-0.000543253,0.065058511,0.000565899,0.997881143,-0.145368937,-0.135108828,-0.558603989,0.065761723,-0.174532240,-0.168373148,-0.141286301,-0.155980174,-0.642137750,0.075925428,-0.185957571,-0.220800000,0.000001000,0.709000000,0.994232604,1.289268777,0.513317679,1.931220000,0.481842949,-1.486250368,0.200649292,0.813487503,1.931220000
-0.003332417,0.003934545,0.858510997,-0.000483044,0.065066545,0.000518483,0.997880675,-0.145426899,-0.135360956,-0.559278852,0.065827031,-0.173509588,-0.168389709,-0.141359951,-0.156294238,-0.643026751,0.076035889,-0.184796997,-0.220800000,0.000001000,0.709000000,0.991793997,1.293283445,0.513748345,1.931220000,0.490255253,-1.479593090,0.206852484,0.815280529,1.931220000
-0.003392890,0.003900412,0.858562662,-0.000421649,0.065072112,0.000471312,0.997880364,-0.145479342,-0.135613981,-0.559955835,0.065889071,-0.172484834,-0.168406343,-0.141428659,-0.156609382,-0.643917102,0.076144493,-0.183634962,-0.220800000,0.000001000,0.709000000,0.989299665,1.297491555,0.514331422,1.931220000,0.498674712,-1.472922457,0.212979449,0.817014036,1.931220000
-0.003391609,0.003870158,0.858613658,-0.000360718,0.064990508,0.000442928,0.997885719,-0.145201434,-0.135863166,-0.560677204,0.065866894,-0.171414443,-0.168423745,-0.141169008,-0.156921849,-0.644825575,0.076197908,-0.182447157,-0.220800000,0.000001000,0.709000000,0.986424364,1.306781229,0.517195382,1.931220000,0.502181367,-1.467956443,0.216481317,0.815550667,1.931220000
-0.003388408,0.003840025,0.858664632,-0.000299802,0.064906194,0.000415127,0.997891238,-0.144913259,-0.136112231,-0.561399952,0.065842100,-0.170342634,-0.168441172,-0.140899152,-0.157234233,-0.645734611,0.076249607,-0.181258552,-0.220800000,0.000001000,0.709000000,0.983537224,1.316228821,0.520130224,1.931220000,0.505535349,-1.463043404,0.219901605,0.813987948,1.931220000
-0.003359726,0.003823811,0.858723923,-0.000248851,0.064736754,0.000414826,0.997902259,-0.144356874,-0.136346446,-0.562158661,0.065725133,-0.169253013,-0.168459908,-0.140347244,-0.157525032,-0.646656501,0.076214452,-0.180070502,-0.220800000,0.000001000,0.709000000,0.980943989,1.330399513,0.524735801,1.931220000,0.502208691,-1.459416528,0.223009097,0.812216938,1.931220000
-0.003330173,0.003808073,0.858783499,-0.000198242,0.064564401,0.000415464,0.997913436,-0.143791319,-0.136580153,-0.562918600,0.065605016,-0.168162783,-0.168478690,-0.139785694,-0.157815092,-0.647578831,0.076176328,-0.178882472,-0.220800000,0.000001000,0.709000000,0.978360802,1.344731689,0.529398502,1.931220000,0.498653620,-1.455833627,0.226105895,0.810438805,1.931220000
-0.003270954,0.003808548,0.858804403,-0.000191926,0.064395689,0.000385493,0.997924351,-0.143158606,-0.136721227,-0.563694344,0.065446245,-0.167097981,-0.168497108,-0.139170722,-0.158005847,-0.648519787,0.076087028,-0.177721980,-0.220800000,0.000001000,0.709000000,0.977893050,1.353850418,0.532008426,1.931220000,0.495417889,-1.452848000,0.229773265,0.811531225,1.931220000
-0.003210774,0.003809547,0.858824055,-0.000187045,0.064227092,0.000354531,0.997935228,-0.142523719,-0.136859301,-0.564470599,0.065286224,-0.166034001,-0.168515514,-0.138554022,-0.158193386,-0.649461346,0.075996071,-0.176562381,-0.220800000,0.000001000,0.709000000,0.977493786,1.362800361,0.534551891,1.931220000,0.492192496,-1.449881711,0.233459108,0.812716580,1.931220000
-0.003115920,0.003820997,0.858809140,-0.000183316,0.064091194,0.000346407,0.997943969,-0.141910764,-0.137002149,-0.565212234,0.065103098,-0.165020630,-0.168531974,-0.137944916,-0.158383249,-0.650360126,0.075884898,-0.175460103,-0.220800000,0.000001000,0.709000000,0.976847292,1.367657822,0.535691325,1.931220000,0.485191513,-1.445592571,0.238815958,0.814401106,1.931220000
-0.003019990,0.003832772,0.858793152,-0.000179623,0.063956310,0.000338992,0.997952626,-0.141298490,-0.137145144,-0.565952795,0.064919254,-0.164008830,-0.168548374,-0.137336046,-0.158573184,-0.651257577,0.075773098,-0.174359606,-0.220800000,0.000001000,0.709000000,0.976193122,1.372388233,0.536787172,1.931220000,0.478073318,-1.441262363,0.244224683,0.816101129,1.931220000
-0.003017251,0.003963563,0.858886431,-0.000140849,0.063949767,0.000475432,0.997952996,-0.140746544,-0.138047902,-0.569274759,0.064338306,-0.160015363,-0.168619668,-0.136641233,-0.159594364,-0.655077861,0.075342716,-0.170129886,-0.220800000,0.000001000,0.709000000,0.975051563,1.380038726,0.537034701,1.931220000,0.461592662,-1.437939895,0.264715717,0.833345795,1.931220000
-0.003017656,0.004098369,0.858983396,-0.000100891,0.063947553,0.000616726,0.997953065,-0.140196633,-0.138976295,-0.572683822,0.063743960,-0.155921291,-0.168692813,-0.135943520,-0.160643591,-0.658996764,0.074901585,-0.165794583,-0.220800000,0.000001000,0.709000000,0.973893560,1.387787746,0.537253606,1.931220000,0.444796104,-1.434651430,0.285715648,0.851114957,1.931220000
-0.003007211,0.004135983,0.859014823,-0.000080043,0.063815718,0.000663463,0.997961476,-0.139781315,-0.139283567,-0.573598481,0.063701546,-0.154824246,-0.168713868,-0.135473456,-0.160982601,-0.660042312,0.074884373,-0.164637957,-0.220800000,0.000001000,0.709000000,0.970074036,1.394736802,0.540330185,1.931220000,0.435790510,-1.430371397,0.293044937,0.856737166,1.931220000
-0.002996414,0.004170450,0.859044128,-0.000059813,0.063679685,0.000707138,0.997970137,-0.139370354,-0.139570730,-0.574432382,0.063677002,-0.153824230,-0.168733236,-0.135010763,-0.161298617,-0.660994834,0.074880884,-0.163584241,-0.220800000,0.000001000,0.709000000,0.966168345,1.401659960,0.543499282,1.931220000,0.427037151,-1.426059262,0.299931635,0.861966114,1.931220000
-0.002959485,0.004401425,0.859166708,-0.000160948,0.063553073,0.000630182,0.997978248,-0.138361489,-0.140571300,-0.578971628,0.063322367,-0.149043848,-0.168829208,-0.133891549,-0.162462641,-0.666417043,0.074565316,-0.158407615,-0.220800000,0.000001000,0.709000000,0.959647788,1.406744665,0.538521768,1.931220000,0.401800689,-1.420662958,0.329090811,0.896521203,1.931220000
-0.002921742,0.004638519,0.859292192,-0.000265862,0.063426752,0.000549470,0.997986310,-0.137334004,-0.141594086,-0.583626259,0.062957453,-0.144145743,-0.168927565,-0.132751891,-0.163653073,-0.671978439,0.074240030,-0.153102600,-0.220800000,0.000001000,0.709000000,0.953045804,1.411772120,0.533290565,1.931220000,0.376050936,-1.415232893,0.358943561,0.931989522,1.931220000
-0.002931299,0.004804644,0.859283938,-0.000309471,0.063854089,0.000588300,0.997959024,-0.138030388,-0.142674824,-0.587470024,0.063233795,-0.140446226,-0.169006335,-0.133239907,-0.164903202,-0.676663290,0.074535907,-0.149053077,-0.220800000,0.000001000,0.709000000,0.952754563,1.401762202,0.522827855,1.931220000,0.363711376,-1.414350984,0.380333502,0.954016201,1.931220000
-0.002942452,0.004968375,0.859271171,-0.000351012,0.064300095,0.000631163,0.997930346,-0.138784938,-0.143757519,-0.591286429,0.063531773,-0.136787152,-0.169084443,-0.133782844,-0.166155346,-0.681318564,0.074852743,-0.145045916,-0.220800000,0.000001000,0.709000000,0.952676256,1.391244903,0.512188627,1.931220000,0.351824294,-1.413622536,0.401437896,0.975589341,1.931220000
-0.002902868,0.005074428,0.859276081,-0.000337108,0.063968669,0.000655152,0.997951635,-0.137686765,-0.144588276,-0.594040608,0.063627271,-0.134143391,-0.169144086,-0.132568023,-0.167125453,-0.684666997,0.075035645,-0.142172263,-0.220800000,0.000001000,0.709000000,0.952972772,1.388728874,0.507563068,1.931220000,0.342050002,-1.414244815,0.416107795,0.992131271,1.931220000
-0.002861638,0.005178610,0.859281565,-0.000321405,0.063612016,0.000678528,0.997974422,-0.136528491,-0.145410862,-0.596760329,0.063716201,-0.131532566,-0.169203130,-0.131296182,-0.168086412,-0.687973038,0.075214203,-0.139335379,-0.220800000,0.000001000,0.709000000,0.953281448,1.386472401,0.503132588,1.931220000,0.332344247,-1.414910911,0.430568963,1.008509993,1.931220000
-0.002859190,0.005176167,0.859357820,-0.000329436,0.063055951,0.000653802,0.998009725,-0.134792689,-0.145921186,-0.599659050,0.063466049,-0.128996976,-0.169264007,-0.129475681,-0.168720756,-0.691489687,0.075030817,-0.136579514,-0.220800000,0.000001000,0.709000000,0.955493707,1.389494546,0.504925334,1.931220000,0.327861490,-1.415204186,0.444884692,1.027027251,1.931220000
-0.002857952,0.005170400,0.859436280,-0.000338206,0.062493650,0.000627577,0.998045107,-0.133038883,-0.146421776,-0.602563351,0.063205328,-0.126463732,-0.169324941,-0.127638076,-0.169344918,-0.695012902,0.074836148,-0.133826176,-0.220800000,0.000001000,0.709000000,0.957765306,1.392681239,0.506912072,1.931220000,0.323541547,-1.415485839,0.459195887,1.045611172,1.931220000
-0.002826916,0.005152848,0.859460416,-0.000375990,0.062100195,0.000568800,0.998069687,-0.131754014,-0.146648228,-0.604533984,0.063016276,-0.124821404,-0.169363624,-0.126312663,-0.169662069,-0.697457716,0.074683603,-0.132021627,-0.220800000,0.000001000,0.709000000,0.959397564,1.391312051,0.506535787,1.931220000,0.319540861,-1.415538513,0.468599458,1.055400922,1.931220000
-0.002794875,0.005134898,0.859482720,-0.000414753,0.061712428,0.000508924,0.998093756,-0.130484968,-0.146865431,-0.606473114,0.062829642,-0.123209137,-0.169401557,-0.125004531,-0.169968860,-0.699866143,0.074532479,-0.130249092,-0.220800000,0.000001000,0.709000000,0.961008250,1.389789142,0.506079770,1.931220000,0.315550946,-1.415583462,0.477837440,1.064893946,1.931220000
-0.002751335,0.005182757,0.859450339,-0.000326132,0.061796291,0.000345464,0.998088670,-0.130359101,-0.147287679,-0.607467343,0.062640152,-0.122407499,-0.169420601,-0.125003066,-0.170463726,-0.701073896,0.074469229,-0.129384211,-0.220800000,0.000001000,0.709000000,0.963907406,1.378897578,0.502264265,1.931220000,0.318318766,-1.420932649,0.481990314,1.062876939,1.931220000
-0.002707424,0.005232745,0.859416188,-0.000233387,0.061895420,0.000178651,0.998082597,-0.130270244,-0.147716565,-0.608430980,0.062450568,-0.121632106,-0.169439033,-0.125043906,-0.170964682,-0.702242777,0.074408825,-0.128548715,-0.220800000,0.000001000,0.709000000,0.966848276,1.367702701,0.498339995,1.931220000,0.321305369,-1.426453562,0.485978557,1.060487292,1.931220000
-0.002652682,0.005253580,0.859341205,-0.000247595,0.062228108,0.000022405,0.998061922,-0.130740219,-0.147869084,-0.609402189,0.062348376,-0.120924413,-0.169453771,-0.125638622,-0.171205730,-0.703435733,0.074471351,-0.127769501,-0.220800000,0.000001000,0.709000000,0.969847490,1.354207626,0.493947267,1.931220000,0.314239165,-1.431022869,0.489091083,1.051808411,1.931220000
-0.002597604,0.005273511,0.859264954,-0.000265120,0.062568030,-0.000133513,0.998040657,-0.131227525,-0.148013031,-0.610373632,0.062248893,-0.120218820,-0.169468395,-0.126250515,-0.171438718,-0.704629436,0.074537689,-0.126992032,-0.220800000,0.000001000,0.709000000,0.972848513,1.340641215,0.489540011,1.931220000,0.306861195,-1.435562664,0.492176451,1.042934483,1.931220000
-0.002606555,0.005310654,0.859197757,-0.000267349,0.062782690,-0.000132110,0.998027176,-0.131670043,-0.148279112,-0.611235028,0.062339885,-0.119542555,-0.169483990,-0.126688659,-0.171790078,-0.705684868,0.074763596,-0.126251236,-0.220800000,0.000001000,0.709000000,0.975481959,1.322810205,0.484802844,1.931220000,0.301375013,-1.440908377,0.495112379,1.035717629,1.931220000
-0.002617660,0.005348375,0.859130864,-0.000269064,0.062993133,-0.000125414,0.998013916,-0.132111054,-0.148549303,-0.612092722,0.062437286,-0.118867277,-0.169499617,-0.127120958,-0.172145420,-0.706735649,0.074994872,-0.125511674,-0.220800000,0.000001000,0.709000000,0.978103039,1.304835712,0.480054577,1.931220000,0.295952481,-1.446281206,0.498043279,1.028556528,1.931220000
-0.002634518,0.005333854,0.859063353,-0.000339936,0.063080976,-0.000124253,0.998008346,-0.132353754,-0.148603500,-0.612884831,0.062709704,-0.118222644,-0.169513660,-0.127315989,-0.172267082,-0.707746682,0.075313319,-0.124793211,-0.220800000,0.000001000,0.709000000,0.980533052,1.283956071,0.474719320,1.931220000,0.296826428,-1.450881465,0.502757896,1.021058568,1.931220000
-0.002651564,0.005317637,0.858995821,-0.000413054,0.063164838,-0.000123272,0.998003015,-0.132590015,-0.148650685,-0.613674810,0.062987805,-0.117579006,-0.169527651,-0.127503317,-0.172381156,-0.708756424,0.075634597,-0.124075433,-0.220800000,0.000001000,0.709000000,0.982956860,1.262982096,0.469365003,1.931220000,0.297904829,-1.455456637,0.507530433,1.013549669,1.931220000
-0.002723400,0.005287487,0.858957418,-0.000424583,0.063347180,0.000028040,0.997991460,-0.133161033,-0.148826735,-0.614457611,0.063200305,-0.116950518,-0.169541919,-0.127908911,-0.172601117,-0.709747291,0.075843362,-0.123381750,-0.220800000,0.000000080,0.709000000,0.985928400,1.244248575,0.464764578,1.931220000,0.305752959,-1.461355269,0.512794585,1.003738231,1.931220000
-0.002796939,0.005256904,0.858919919,-0.000434197,0.063532579,0.000184025,0.997979654,-0.133742455,-0.149006790,-0.615240190,0.063410766,-0.116322501,-0.169556197,-0.128321288,-0.172824368,-0.710737571,0.076048631,-0.122688815,-0.220800000,-0.000000869,0.709000000,0.988916961,1.225584680,0.460187581,1.931220000,0.313811469,-1.467295029,0.518074015,0.993855236,1.931220000
-0.002778475,0.005204234,0.858864362,-0.000460967,0.063398056,0.000300291,0.997988168,-0.133516863,-0.149121721,-0.615867484,0.063782662,-0.115717975,-0.169569742,-0.127931520,-0.172967749,-0.711568338,0.076356558,-0.122021847,-0.220800000,-0.000000026,0.709000000,0.991811126,1.211117149,0.456977350,1.931220000,0.321554078,-1.472455190,0.523344938,0.984287228,1.931220000
-0.002756916,0.005150820,0.858808197,-0.000488315,0.063252766,0.000415221,0.997997333,-0.133264120,-0.149234462,-0.616489553,0.064159989,-0.115114239,-0.169583263,-0.127514763,-0.173108443,-0.712393737,0.076667938,-0.121355752,-0.220800000,0.000000877,0.709000000,0.994702116,1.196790804,0.453813104,1.931220000,0.329286058,-1.477589120,0.528615576,0.974729817,1.931220000
-0.002873704,0.005038822,0.858810799,-0.000505245,0.063011582,0.000418239,0.998012580,-0.132910821,-0.149224050,-0.617136736,0.064418783,-0.114509556,-0.169597404,-0.127076276,-0.173116273,-0.713263976,0.076838267,-0.120687211,-0.220800000,0.000000949,0.709000000,0.993417513,1.192752291,0.456316402,1.931220000,0.343730862,-1.479615582,0.535327971,0.967326740,1.931220000
-0.002994958,0.004924933,0.858815297,-0.000521839,0.062767298,0.000417644,0.998027965,-0.132554275,-0.149209663,-0.617784729,0.064673751,-0.113904842,-0.169611565,-0.126637087,-0.173119814,-0.714135663,0.077004042,-0.120018592,-0.220800000,0.000000994,0.709000000,0.991998125,1.189045862,0.459002645,1.931220000,0.358392353,-1.481541736,0.542086906,0.959993204,1.931220000
-0.003039836,0.004817149,0.858806818,-0.000531582,0.062618727,0.000370869,0.998037311,-0.132219524,-0.149169172,-0.618447308,0.064767840,-0.113308927,-0.169624982,-0.126263926,-0.173104039,-0.715035584,0.077035659,-0.119355331,-0.220800000,0.000000997,0.709000000,0.990080527,1.188998120,0.462105762,1.931220000,0.376369924,-1.483548400,0.546993141,0.951759796,1.931220000
-0.003082030,0.004709580,0.858797882,-0.000541083,0.062473518,0.000322471,0.998046423,-0.131885540,-0.149127763,-0.619110399,0.064856274,-0.112713321,-0.169638374,-0.125893085,-0.173087585,-0.715936498,0.077062562,-0.118692258,-0.220800000,0.000001000,0.709000000,0.988145419,1.189078955,0.465223528,1.931220000,0.394464032,-1.485557894,0.551834266,0.943494763,1.931220000
-0.002941715,0.004655887,0.858746716,-0.000528979,0.062426456,0.000316478,0.998049376,-0.131466516,-0.149177685,-0.619687560,0.064806121,-0.112160160,-0.169648488,-0.125434351,-0.173176951,-0.716734766,0.077012848,-0.118075203,-0.220800000,0.000001000,0.709000000,0.986345662,1.191239650,0.467733709,1.931220000,0.397973845,-1.487103830,0.554530764,0.935440719,1.931220000
-0.002795207,0.004604022,0.858694116,-0.000516142,0.062382725,0.000311925,0.998052119,-0.131044606,-0.149230706,-0.620261804,0.064751264,-0.111608440,-0.169658491,-0.124972635,-0.173269908,-0.717529550,0.076960535,-0.117459710,-0.220800000,0.000001000,0.709000000,0.984550497,1.193470922,0.470223272,1.931220000,0.400988759,-1.488634036,0.557154487,0.927393836,1.931220000
-0.002733848,0.004591586,0.858674769,-0.000512013,0.062389808,0.000304656,0.998051680,-0.130843817,-0.149302178,-0.620823121,0.064625491,-0.111085402,-0.169667806,-0.124746331,-0.173384183,-0.718308183,0.076859620,-0.116875073,-0.220800000,0.000001000,0.709000000,0.983339657,1.197781190,0.472273453,1.931220000,0.394613609,-1.489568172,0.558558279,0.921239493,1.931220000
-0.002675250,0.004580428,0.858656499,-0.000508165,0.062398538,0.000297300,0.998051139,-0.130650195,-0.149374248,-0.621384019,0.064497420,-0.110563293,-0.169677098,-0.124527655,-0.173499149,-0.719086293,0.076757130,-0.116291435,-0.220800000,0.000001000,0.709000000,0.982147753,1.202158832,0.474309394,1.931220000,0.387934154,-1.490482991,0.559922536,0.915146482,1.931220000
-0.002576467,0.004648872,0.858575214,-0.000490546,0.062807666,0.000271422,0.998025492,-0.131298036,-0.149590495,-0.621921169,0.064325460,-0.110103484,-0.169684576,-0.125180051,-0.173771733,-0.719826981,0.076660560,-0.115776203,-0.220800000,0.000001000,0.709000000,0.984675162,1.195928141,0.470431617,1.931220000,0.378068075,-1.490402297,0.560843059,0.911748039,1.931220000
-0.002476274,0.004720110,0.858491719,-0.000472443,0.063230828,0.000244895,0.997998787,-0.131975395,-0.149811800,-0.622457486,0.064151959,-0.109645861,-0.169691990,-0.125863002,-0.174049846,-0.720566356,0.076564198,-0.115263372,-0.220800000,0.000001000,0.709000000,0.987333039,1.189325321,0.466346393,1.931220000,0.368090213,-1.490286683,0.561748016,0.908444118,1.931220000
-0.002619203,0.004842644,0.858548244,-0.000416884,0.063554913,0.000239254,0.997978227,-0.132873790,-0.150701081,-0.624462352,0.064585688,-0.107764242,-0.169735507,-0.126694320,-0.175130986,-0.723199224,0.077191050,-0.113225678,-0.220800000,0.000001000,0.709000000,0.989818373,1.172994973,0.461756519,1.931220000,0.351348560,-1.488082629,0.570214394,0.920611014,1.931220000
-0.002770318,0.004966906,0.858609485,-0.000360065,0.063875656,0.000234316,0.997957773,-0.133779628,-0.151612857,-0.626516674,0.065039867,-0.105834667,-0.169780240,-0.127530635,-0.176239170,-0.725895859,0.077842258,-0.111136631,-0.220800000,0.000001000,0.709000000,0.992297896,1.156337030,0.457149650,1.931220000,0.334379120,-1.485808243,0.578935420,0.933298923,1.931220000
-0.002790674,0.005120774,0.858671854,-0.000283141,0.063821656,0.000212708,0.997961257,-0.133391642,-0.152690431,-0.629334088,0.065209202,-0.103444539,-0.169846052,-0.127100169,-0.177501197,-0.729302784,0.078252589,-0.108638039,-0.220800000,0.000001000,0.709000000,0.989720843,1.150347396,0.455542716,1.931220000,0.316277195,-1.482917675,0.591293797,0.951012146,1.931220000
-0.002806801,0.005275600,0.858734260,-0.000205568,0.063755535,0.000190561,0.997965507,-0.132961810,-0.153773367,-0.632176184,0.065369324,-0.101039514,-0.169912546,-0.126628732,-0.178768200,-0.732732682,0.078655129,-0.106126202,-0.220800000,0.000001000,0.709000000,0.986980243,1.144702811,0.454032809,1.931220000,0.298138642,-1.480007179,0.603769819,0.968887904,1.931220000
-0.002827574,0.005414461,0.858818773,-0.000262038,0.063716613,0.000163800,0.997967984,-0.132415923,-0.154656579,-0.636006998,0.065398672,-0.098251674,-0.169997611,-0.125900279,-0.179811428,-0.737490914,0.078716480,-0.103164380,-0.220800000,0.000001000,0.709000000,0.981739288,1.142009159,0.452020092,1.931220000,0.277372814,-1.474738791,0.617822037,0.993220265,1.931220000
-0.002848510,0.005552763,0.858904060,-0.000323197,0.063678643,0.000136879,0.997970394,-0.131865976,-0.155532804,-0.639872400,0.065423446,-0.095450442,-0.170083324,-0.125162834,-0.180846827,-0.742295613,0.078765895,-0.100186816,-0.220800000,0.000001000,0.709000000,0.976410865,1.139418738,0.449989786,1.931220000,0.256515077,-1.469387919,0.631929395,1.017778493,1.931220000
-0.002901494,0.005662952,0.859014976,-0.000465983,0.063704445,0.000074767,0.997968697,-0.131246765,-0.156507704,-0.645530675,0.065439287,-0.091923058,-0.170202894,-0.124150480,-0.182095227,-0.749824736,0.078686493,-0.096291096,-0.220800000,0.000001000,0.709000000,0.975019529,1.139807892,0.445889584,1.931220000,0.232275323,-1.460906332,0.645873097,1.051696794,1.931220000
-0.002955559,0.005772194,0.859126755,-0.000611521,0.063732394,0.000011469,0.997966837,-0.130625218,-0.157485929,-0.651249386,0.065454828,-0.088371196,-0.170323604,-0.123128859,-0.183350806,-0.757445696,0.078602748,-0.092364426,-0.220800000,0.000001000,0.709000000,0.973760909,1.140297484,0.441719608,1.931220000,0.207921564,-1.452319211,0.659811282,1.085930616,1.931220000
-0.003042637,0.005894063,0.859301382,-0.000730702,0.063762008,-0.000019830,0.997964865,-0.129245424,-0.159684263,-0.662738659,0.065495094,-0.082652696,-0.170559686,-0.120888387,-0.186233737,-0.773074071,0.078716821,-0.085989001,-0.220800000,0.000000033,0.709000000,0.971820842,1.139219802,0.437889772,1.931220000,0.175671635,-1.437030847,0.672779245,1.136252531,1.931220000
-0.003130793,0.006016344,0.859478063,-0.000849022,0.063791676,-0.000050084,0.997962874,-0.127840863,-0.161922450,-0.674416416,0.065536168,-0.076863427,-0.170799536,-0.118608103,-0.189169822,-0.788963993,0.078837356,-0.079533591,-0.220800000,-0.000000966,0.709000000,0.969858517,1.138090928,0.434071046,1.931220000,0.143163793,-1.421523598,0.685715518,1.187099935,1.931220000
-0.003326860,0.005912662,0.859538871,-0.000850400,0.063872858,-0.000029849,0.997957681,-0.128120036,-0.162018490,-0.675837801,0.065497990,-0.076275110,-0.170827491,-0.118771679,-0.189330290,-0.790835757,0.078793706,-0.078886518,-0.220800000,-0.000000082,0.709000000,0.965518896,1.148522607,0.439952461,1.931220000,0.153413633,-1.414573899,0.690598929,1.198873191,1.931220000
-0.003526750,0.005800974,0.859595574,-0.000847634,0.063955866,-0.000007824,0.997952368,-0.128458867,-0.162038627,-0.676895776,0.065457003,-0.075871075,-0.170847937,-0.119021846,-0.189392410,-0.792210823,0.078744238,-0.078445248,-0.220800000,0.000000869,0.709000000,0.961095043,1.159363906,0.446177578,1.931220000,0.165178485,-1.407927415,0.695197006,1.209261952,1.931220000
-0.003514713,0.005715856,0.859645011,-0.000845181,0.064066075,0.000012421,0.997945301,-0.128515048,-0.162097187,-0.677997440,0.065378352,-0.075454958,-0.170869600,-0.118984530,-0.189485526,-0.793638737,0.078641771,-0.077994151,-0.220800000,0.000000946,0.709000000,0.956893547,1.171755837,0.451632265,1.931220000,0.176706732,-1.401694693,0.699056973,1.219367905,1.931220000
-0.003495464,0.005631641,0.859694200,-0.000842738,0.064177209,0.000032605,0.997938162,-0.128561611,-0.162157054,-0.679100591,0.065298418,-0.075038429,-0.170891305,-0.118937430,-0.189579697,-0.795068449,0.078537501,-0.077542718,-0.220800000,0.000000993,0.709000000,0.952699618,1.184200536,0.457060734,1.931220000,0.188226927,-1.395476051,0.702891822,1.229464233,1.931220000
-0.003378217,0.005541397,0.859697955,-0.000917344,0.064257326,0.000068718,0.997932939,-0.128390664,-0.162026734,-0.680212783,0.065219717,-0.074629018,-0.170912706,-0.118635906,-0.189474743,-0.796551268,0.078396732,-0.077092010,-0.220800000,0.000000997,0.709000000,0.953915035,1.190442737,0.457275905,1.931220000,0.201030773,-1.391601034,0.705747430,1.238133598,1.931220000
-0.003257776,0.005450957,0.859700229,-0.000994461,0.064336431,0.000105350,0.997927765,-0.128212627,-0.161890213,-0.681325270,0.065141056,-0.074219839,-0.170934097,-0.118326088,-0.189363297,-0.798035819,0.078254773,-0.076641325,-0.220800000,0.000001000,0.709000000,0.955306791,1.196482742,0.457321126,1.931220000,0.213876465,-1.387802417,0.708571115,1.246756445,1.931220000
-0.003131557,0.005396618,0.859666550,-0.001009714,0.064393308,0.000105073,0.997924081,-0.127952881,-0.161922083,-0.682365719,0.065008483,-0.073822670,-0.170955774,-0.117970965,-0.189434395,-0.799457491,0.078086847,-0.076203322,-0.220800000,0.000000082,0.709000000,0.956593818,1.195236034,0.456352860,1.931220000,0.224727311,-1.386174933,0.710509372,1.251207473,1.931220000
-0.003005134,0.005343551,0.859631605,-0.001022790,0.064449403,0.000103496,0.997920447,-0.127690259,-0.161959882,-0.683403632,0.064874012,-0.073425923,-0.170977462,-0.117614247,-0.189511920,-0.800876949,0.077918006,-0.075765766,-0.220800000,-0.000000869,0.709000000,0.957877157,1.193732781,0.455348911,1.931220000,0.235507922,-1.384623890,0.712416456,1.255511622,1.931220000
-0.003039444,0.005329626,0.859693561,-0.000998549,0.064579491,0.000135703,0.997912057,-0.127801137,-0.162147057,-0.684563304,0.064642394,-0.073012659,-0.171002133,-0.117627864,-0.189739804,-0.802414077,0.077680787,-0.075315757,-0.220800000,-0.000000026,0.709000000,0.958117398,1.199100216,0.457068461,1.931220000,0.238315266,-1.388868448,0.712104975,1.249490541,1.931220000
-0.003079166,0.005317019,0.859758780,-0.000973051,0.064712070,0.000169047,0.997903489,-0.127924593,-0.162339262,-0.685727076,0.064407505,-0.072598838,-0.171026904,-0.117653953,-0.189972751,-0.803955167,0.077441265,-0.074865330,-0.220800000,0.000000877,0.709000000,0.958322511,1.204699036,0.458879731,1.931220000,0.240854092,-1.393308187,0.711718779,1.243121735,1.931220000
-0.003098226,0.005362778,0.859759612,-0.000941184,0.064731852,0.000194972,0.997902231,-0.127837230,-0.162686173,-0.686804461,0.064359184,-0.072195904,-0.171050113,-0.117477436,-0.190375075,-0.805369884,0.077415508,-0.074430700,-0.220800000,0.000000949,0.709000000,0.956642541,1.212051136,0.461255852,1.931220000,0.233474622,-1.400304747,0.710201347,1.230703769,1.931220000
-0.003116617,0.005410428,0.859758359,-0.000909111,0.064747978,0.000220657,0.997901210,-0.127743034,-0.163038097,-0.687879045,0.064316910,-0.071793322,-0.171073272,-0.117294353,-0.190782888,-0.806780506,0.077396678,-0.073996583,-0.220800000,0.000000994,0.709000000,0.954901481,1.219460055,0.463650278,1.931220000,0.225773726,-1.407384166,0.708647255,1.218089767,1.931220000
-0.003230637,0.005465895,0.859764600,-0.000872008,0.064740198,0.000238191,0.997901743,-0.127774584,-0.163451565,-0.688958091,0.064385144,-0.071391776,-0.171095917,-0.117248736,-0.191256636,-0.808170001,0.077503104,-0.073567608,-0.220800000,0.000000997,0.709000000,0.951211143,1.231114397,0.467337234,1.931220000,0.216398715,-1.413961642,0.707535971,1.206346212,1.931220000
-0.003348006,0.005521635,0.859771103,-0.000834730,0.064731580,0.000255440,0.997902330,-0.127810537,-0.163867187,-0.690037294,0.064457249,-0.070990267,-0.171118544,-0.117207932,-0.191732693,-0.809558756,0.077613916,-0.073138814,-0.220800000,0.000001000,0.709000000,0.947452552,1.242917390,0.471069448,1.931220000,0.206965084,-1.420521542,0.706440191,1.194633135,1.931220000
-0.003416140,0.005617701,0.859670998,-0.000838862,0.064699098,0.000208363,0.997904444,-0.127714352,-0.164535924,-0.691962127,0.064926882,-0.070244799,-0.171157875,-0.117005136,-0.192538233,-0.812072634,0.078170393,-0.072337169,-0.220800000,0.000001000,0.709000000,0.945397423,1.253159308,0.469999187,1.931220000,0.196561417,-1.428609564,0.707837630,1.178950684,1.931220000
-0.003482616,0.005715124,0.859567304,-0.000844389,0.064665813,0.000159119,0.997906606,-0.127613718,-0.165213186,-0.693915438,0.065409903,-0.069487748,-0.171197769,-0.116796885,-0.193354869,-0.814624404,0.078741878,-0.071522967,-0.220800000,0.000001000,0.709000000,0.943399662,1.263348653,0.468767192,1.931220000,0.186125082,-1.436749050,0.709319032,1.163134556,1.931220000
-0.003460627,0.005763960,0.859561929,-0.000827263,0.064652514,0.000182309,0.997907478,-0.127492159,-0.165586430,-0.694858205,0.065611326,-0.069115403,-0.171217972,-0.116598321,-0.193796563,-0.815850852,0.078996522,-0.071123955,-0.220800000,0.000001000,0.709000000,0.941959150,1.267689335,0.468582571,1.931220000,0.175740240,-1.439175761,0.709995877,1.154326104,1.931220000
-0.003435772,0.005811221,0.859559741,-0.000809403,0.064639863,0.000207845,0.997908307,-0.127369922,-0.165949822,-0.695768224,0.065803623,-0.068755526,-0.171237536,-0.116400070,-0.194226107,-0.817034350,0.079240898,-0.070738397,-0.220800000,0.000001000,0.709000000,0.940536697,1.271840477,0.468431893,1.931220000,0.165357067,-1.441417336,0.710646647,1.145744751,1.931220000
-0.003568436,0.005894717,0.859561359,-0.000813740,0.064633929,0.000177262,0.997908694,-0.127325354,-0.166773087,-0.698531348,0.066318445,-0.067735541,-0.171294055,-0.116192782,-0.195218808,-0.820591394,0.079864081,-0.069648459,-0.220800000,0.000001000,0.709000000,0.938133051,1.282164333,0.467337604,1.931220000,0.150270666,-1.440167518,0.715641851,1.144888704,1.931220000
-0.003706615,0.005979483,0.859563109,-0.000818854,0.064628230,0.000144713,0.997909064,-0.127283504,-0.167612454,-0.701359359,0.066844560,-0.066692443,-0.171351868,-0.115985177,-0.196231228,-0.824231546,0.080500528,-0.068533858,-0.220800000,0.000001000,0.709000000,0.935695050,1.292704323,0.466210276,1.931220000,0.135019583,-1.438795450,0.720789173,1.144303155,1.931220000
-0.003881892,0.006086038,0.859714531,-0.000967857,0.064750984,0.000461625,0.997900877,-0.126130007,-0.170372462,-0.715208958,0.067690734,-0.062490843,-0.171639353,-0.113410619,-0.199527922,-0.842530978,0.081177943,-0.064053354,-0.220800000,0.000001000,0.709000000,0.936403163,1.303480971,0.461596687,1.931220000,0.103862083,-1.427881191,0.737267304,1.183466171,1.931220000
-0.004058418,0.006193326,0.859870988,-0.001121700,0.064878050,0.000790294,0.997892257,-0.124939108,-0.173197089,-0.729429379,0.068547676,-0.058182975,-0.171934565,-0.110756426,-0.202901472,-0.861323624,0.081856736,-0.059459603,-0.220800000,0.000001000,0.709000000,0.937217128,1.314265581,0.456865802,1.931220000,0.072169410,-1.416645884,0.754126662,1.223966533,1.931220000
-0.004207703,0.006256818,0.860043611,-0.001162537,0.064917461,0.000785627,0.997889651,-0.121697128,-0.177654897,-0.752789637,0.069187841,-0.053060568,-0.172403584,-0.105835474,-0.208226912,-0.891275431,0.082932674,-0.054122139,-0.220800000,0.000001000,0.709000000,0.940281724,1.306813304,0.452053448,1.931220000,0.040131535,-1.399814839,0.751760777,1.286703940,1.931220000
-0.004355990,0.006318705,0.860216826,-0.001199232,0.064953658,0.000768744,0.997887265,-0.118379985,-0.182172553,-0.776484828,0.069820061,-0.047908312,-0.172878971,-0.100831456,-0.213623879,-0.921636171,0.084023165,-0.048757422,-0.220800000,0.000001000,0.709000000,0.943428796,1.298692729,0.447238108,1.931220000,0.008081009,-1.382778735,0.748690376,1.350256232,1.931220000
-0.004180293,0.006311592,0.860130187,-0.001220897,0.064723372,0.000828748,0.997902153,-0.117391120,-0.182495780,-0.778178431,0.070021405,-0.047539673,-0.172913562,-0.099659342,-0.214017863,-0.923815458,0.084261943,-0.048376096,-0.220800000,0.000000082,0.709000000,0.949585170,1.285855775,0.441025819,1.931220000,0.009129748,-1.378764694,0.748984316,1.356007817,1.931220000
-0.003993261,0.006302065,0.860034457,-0.001242035,0.064483759,0.000891441,0.997917586,-0.116483704,-0.182672276,-0.779102366,0.070207675,-0.047338377,-0.172932732,-0.098621277,-0.214236831,-0.925008891,0.084470926,-0.048169100,-0.220800000,-0.000000869,0.709000000,0.955846817,1.272853831,0.434764661,1.931220000,0.011336378,-1.375206196,0.749395950,1.359737393,1.931220000
-0.004221983,0.006117769,0.860224601,-0.001210565,0.064068549,0.000809888,0.997944437,-0.111788132,-0.186482753,-0.802714285,0.070236023,-0.043703979,-0.173370844,-0.092505885,-0.218542427,-0.953860586,0.084989923,-0.044480049,-0.220800000,-0.000000948,0.709000000,0.963004426,1.242388877,0.432340857,1.931220000,-0.027766266,-1.352550773,0.696511298,1.451440768,1.931220000
-0.004464705,0.005927587,0.860424374,-0.001177324,0.063647413,0.000723478,0.997971491,-0.106964985,-0.190415613,-0.827090273,0.070259053,-0.039953964,-0.173823065,-0.086219503,-0.222985648,-0.983643735,0.085519361,-0.040673733,-0.220800000,-0.000000998,0.709000000,0.970192209,1.211335818,0.430046284,1.931220000,-0.068260092,-1.329252219,0.641831778,1.546106854,1.931220000
-0.004886441,0.005239006,0.860328967,-0.001054646,0.063296544,0.000541667,0.997994059,-0.102669082,-0.193515082,-0.850464610,0.070688878,-0.037110435,-0.174230050,-0.080913155,-0.226111563,-1.009974590,0.086263741,-0.037821004,-0.220800000,-0.000001000,0.709000000,0.982120931,1.177468009,0.435617255,1.931220000,-0.150791337,-1.307138349,0.530045359,1.705302894,1.931220000
-0.005314707,0.004532240,0.860222790,-0.000928704,0.062948228,0.000356375,0.998016298,-0.098392414,-0.196584144,-0.873802402,0.071133544,-0.034299979,-0.174635385,-0.075642563,-0.229189418,-1.036179490,0.087015964,-0.035003067,-0.220800000,-0.000001000,0.709000000,0.994222624,1.143497505,0.441475195,1.931220000,-0.234856285,-1.285067701,0.416175439,1.866853260,1.931220000
-0.005439428,0.004242135,0.860136558,-0.000839843,0.062828972,0.000246731,0.998023925,-0.095517473,-0.198823275,-0.889165279,0.071476949,-0.032460496,-0.174881803,-0.072633484,-0.231056807,-1.050852160,0.087520506,-0.033160468,-0.220800000,-0.000001000,0.709000000,0.994712787,1.134633131,0.439601129,1.931220000,-0.250426612,-1.282571987,0.376799083,1.913340429,1.931220000
-0.005553502,0.003966647,0.860051026,-0.000752282,0.062717748,0.000139741,0.998031011,-0.092691702,-0.201033292,-0.904248405,0.071816802,-0.030655073,-0.175122646,-0.069703736,-0.232881735,-1.065120293,0.088016360,-0.031352083,-0.220800000,-0.000001000,0.709000000,0.994795632,1.126649450,0.437455833,1.931220000,-0.263594228,-1.280762938,0.340035873,1.955791316,1.931220000
-0.005773986,0.003916647,0.860097549,-0.000676563,0.063117754,0.000236192,0.998005829,-0.093647883,-0.201348559,-0.905848856,0.071701656,-0.030505069,-0.175145391,-0.070599446,-0.233141669,-1.066575751,0.087919650,-0.031204386,-0.220800000,-0.000001000,0.709000000,0.991895060,1.134959687,0.437383725,1.931220000,-0.260112195,-1.281281127,0.338812599,1.959528724,1.931220000
-0.005998065,0.003874263,0.860148533,-0.000601243,0.063535015,0.000339514,0.997979371,-0.094731794,-0.201599834,-0.906993951,0.071571143,-0.030410974,-0.175160770,-0.071624355,-0.233348747,-1.067598481,0.087802928,-0.031112777,-0.220800000,-0.000001000,0.709000000,0.988893727,1.143820225,0.437381635,1.931220000,-0.256067847,-1.281877916,0.338789629,1.961958647,1.931220000
-0.005960072,0.003960489,0.860149894,-0.000604397,0.063844260,0.000300250,0.997959646,-0.095220665,-0.201921131,-0.908016185,0.071679916,-0.030311534,-0.175176625,-0.072130389,-0.233628577,-1.068506427,0.087894426,-0.031013167,-0.220800000,-0.000001000,0.709000000,0.987350469,1.149035782,0.435672166,1.931220000,-0.259072530,-1.282964220,0.340531399,1.959303593,1.931220000
-0.005912586,0.004051373,0.860149458,-0.000610394,0.064149586,0.000255820,0.997940075,-0.095687981,-0.202244966,-0.909033968,0.071797357,-0.030211900,-0.175192496,-0.072617626,-0.233911042,-1.069410214,0.087993467,-0.030913267,-0.220800000,-0.000001000,0.709000000,0.985860033,1.154119294,0.433900846,1.931220000,-0.262332574,-1.284068258,0.342337099,1.956464327,1.931220000
-0.005906848,0.003962173,0.860159135,-0.000689758,0.063682627,0.000496158,0.997969840,-0.094656221,-0.202204182,-0.909791532,0.072150200,-0.030103027,-0.175208163,-0.071369815,-0.233794879,-1.070020969,0.088222020,-0.030808580,-0.220800000,-0.000001000,0.709000000,0.986954262,1.164170099,0.439869082,1.931220000,-0.257828880,-1.284917819,0.343366304,1.959533890,1.931220000
-0.005902572,0.003866667,0.860169166,-0.000771691,0.063188607,0.000746466,0.998001026,-0.093571972,-0.202150631,-0.910539984,0.072511285,-0.029993830,-0.175223822,-0.070061252,-0.233664757,-1.070621463,0.088455107,-0.030703725,-0.220800000,-0.000001000,0.709000000,0.988138992,1.174394831,0.446108315,1.931220000,-0.253053342,-1.285758469,0.344368320,1.962810347,1.931220000
-0.005858519,0.003760855,0.860143696,-0.000768879,0.063285711,0.000757376,0.997994867,-0.093375659,-0.202229415,-0.912323848,0.072455602,-0.029824309,-0.175247293,-0.069831772,-0.233615966,-1.072198105,0.088270675,-0.030539110,-0.220800000,-0.000001000,0.709000000,0.987002201,1.186389431,0.447209766,1.931220000,-0.233673475,-1.289894133,0.336259960,1.969753954,1.931220000
-0.005813130,0.003654696,0.860117034,-0.000763222,0.063402665,0.000760246,0.997987446,-0.093209165,-0.202312643,-0.914142482,0.072385923,-0.029652762,-0.175271026,-0.069638529,-0.233569906,-1.073807526,0.088072223,-0.030372488,-0.220800000,-0.000001000,0.709000000,0.985787451,1.198443465,0.448138684,1.931220000,-0.213803178,-1.294140448,0.327845664,1.976820708,1.931220000
-0.005669322,0.003829243,0.860034815,-0.000759202,0.063742945,0.000660166,0.997965843,-0.091072755,-0.205145470,-0.929235409,0.073230773,-0.028004959,-0.175460960,-0.067675649,-0.235825591,-1.086625604,0.088979460,-0.028700371,-0.220800000,-0.000001000,0.709000000,0.986342827,1.188495270,0.436518659,1.931220000,-0.195621508,-1.303650775,0.229177310,1.951997307,1.931220000
-0.005521939,0.004013986,0.859950579,-0.000755242,0.064091328,0.000556346,0.997943596,-0.088864793,-0.208078171,-0.944810499,0.074108841,-0.026303534,-0.175656931,-0.065648489,-0.238164883,-1.099850816,0.089926859,-0.026973570,-0.220800000,-0.000001000,0.709000000,0.986962499,1.177747885,0.424442817,1.931220000,-0.177501174,-1.313352308,0.127230647,1.926015557,1.931220000
-0.005424129,0.004023197,0.859846314,-0.000742876,0.064438554,0.000408079,0.997921317,-0.089261452,-0.208276398,-0.945926608,0.074149656,-0.026185878,-0.175669009,-0.066170818,-0.238345970,-1.100784328,0.090027862,-0.026851201,-0.220800000,-0.000001000,0.709000000,0.989843857,1.166596444,0.417075710,1.931220000,-0.172704505,-1.307595476,0.126877275,1.923271950,1.931220000
-0.005328064,0.004026228,0.859741343,-0.000730214,0.064785730,0.000258248,0.997898897,-0.089749814,-0.208378351,-0.946533653,0.074160994,-0.026123983,-0.175674612,-0.066782908,-0.238451072,-1.101285081,0.090099067,-0.026785319,-0.220800000,-0.000001000,0.709000000,0.992804844,1.155430777,0.409874386,1.931220000,-0.168376928,-1.301294395,0.130100739,1.921346499,1.931220000
-0.005351171,0.004004169,0.859764960,-0.000693890,0.064952909,0.000287308,0.997888048,-0.090061514,-0.208530155,-0.947168284,0.074170911,-0.026052613,-0.175682708,-0.067107137,-0.238589712,-1.101761954,0.090154490,-0.026712736,-0.220800000,-0.000001000,0.709000000,0.995394562,1.147721555,0.404415874,1.931220000,-0.161728692,-1.299463750,0.133858555,1.920798462,1.931220000
-0.005378288,0.003981265,0.859792904,-0.000656770,0.065114030,0.000322387,0.997877562,-0.090367271,-0.208683635,-0.947803843,0.074180781,-0.025980923,-0.175690889,-0.067421681,-0.238729480,-1.102238024,0.090209382,-0.026639928,-0.220800000,-0.000001000,0.709000000,0.997971789,1.140128627,0.399016000,1.931220000,-0.155002376,-1.297783513,0.137634349,1.920296768,1.931220000
-0.005407631,0.003966172,0.859817468,-0.000617700,0.065241594,0.000290749,0.997869264,-0.090569639,-0.208847136,-0.948472278,0.074190982,-0.025909922,-0.175699651,-0.067680064,-0.238872021,-1.102729682,0.090251880,-0.026567943,-0.220800000,-0.000001000,0.709000000,0.996710912,1.139424909,0.399341154,1.931220000,-0.148181484,-1.291699748,0.146326762,1.917266995,1.931220000
-0.005437056,0.003951364,0.859841909,-0.000578558,0.065367929,0.000256668,0.997861029,-0.090768221,-0.209011003,-0.949141916,0.074201196,-0.025838945,-0.175708436,-0.067936391,-0.239014664,-1.103221912,0.090293923,-0.026495988,-0.220800000,-0.000001000,0.709000000,0.995309509,1.138973427,0.399875919,1.931220000,-0.141357129,-1.285454755,0.155199188,1.914144661,1.931220000
-0.005546250,0.003913002,0.859946314,-0.000535937,0.065485568,0.000219430,0.997853348,-0.090999612,-0.209134703,-0.950005917,0.074120526,-0.025768386,-0.175718813,-0.068236745,-0.239096903,-1.103895514,0.090227461,-0.026424138,-0.220800000,-0.000001000,0.709000000,0.991373562,1.150379406,0.407768794,1.931220000,-0.131581121,-1.284032740,0.165198867,1.913138728,1.931220000
-0.005658231,0.003873817,0.860053512,-0.000493195,0.065602902,0.000182082,0.997845671,-0.091232150,-0.209257000,-0.950876705,0.074036682,-0.025697842,-0.175729246,-0.068538638,-0.239177033,-1.104575450,0.090157210,-0.026352292,-0.220800000,-0.000001000,0.709000000,0.987349113,1.162199426,0.415918601,1.931220000,-0.121702048,-1.282779135,0.175237907,1.912206696,1.931220000
-0.005739989,0.003817554,0.860140683,-0.000449064,0.065713123,0.000154103,0.997838444,-0.091371617,-0.209357923,-0.951864995,0.073916066,-0.025634838,-0.175740920,-0.068741232,-0.239224352,-1.105352896,0.090038217,-0.026286573,-0.220800000,-0.000000082,0.709000000,0.981907549,1.182975767,0.430060755,1.931220000,-0.108141563,-1.282585457,0.185473346,1.913054279,1.931220000
-0.005820730,0.003760716,0.860227181,-0.000404886,0.065823103,0.000126439,0.997831218,-0.091507953,-0.209458127,-0.952857238,0.073794213,-0.025572088,-0.175752635,-0.068940485,-0.239270566,-1.106133623,0.089917585,-0.026221061,-0.220800000,0.000000866,0.709000000,0.976418306,1.204053445,0.444404523,1.931220000,-0.094457217,-1.282427439,0.195715392,1.913961737,1.931220000
-0.005672926,0.003778519,0.860251048,-0.000413350,0.065908076,0.000086835,0.997825610,-0.091250925,-0.209558573,-0.953815275,0.073706541,-0.025515141,-0.175764092,-0.068744553,-0.239322761,-1.106884721,0.089836027,-0.026157982,-0.220800000,0.000000946,0.709000000,0.973556471,1.220648072,0.456221105,1.931220000,-0.086132679,-1.283338401,0.205770723,1.910890524,1.931220000
-0.005516740,0.003799061,0.860272619,-0.000423745,0.065992130,0.000046794,0.997820052,-0.090979470,-0.209659029,-0.954772057,0.073620123,-0.025458407,-0.175775538,-0.068534126,-0.239375175,-1.107634734,0.089755903,-0.026094993,-0.220800000,0.000000993,0.709000000,0.970791003,1.237078271,0.467944996,1.931220000,-0.078004727,-1.284288570,0.215819205,1.907673384,1.931220000
-0.005418468,0.003787663,0.860259464,-0.000460474,0.066113166,0.000085313,0.997812021,-0.090905145,-0.209664460,-0.955749409,0.073539847,-0.025404099,-0.175786083,-0.068457218,-0.239331455,-1.108418247,0.089678029,-0.026034379,-0.220800000,0.000000997,0.709000000,0.970810139,1.246619907,0.473035168,1.931220000,-0.069841460,-1.283940920,0.226497280,1.904316084,1.931220000
-0.005322224,0.003775148,0.860245094,-0.000498124,0.066235495,0.000126583,0.997803886,-0.090837722,-0.209666564,-0.956727482,0.073459786,-0.025349877,-0.175796597,-0.068384986,-0.239284369,-1.109202933,0.089600234,-0.025973848,-0.220800000,0.000001000,0.709000000,0.970926777,1.255920342,0.477893063,1.931220000,-0.061676956,-1.283547828,0.237197401,1.900953878,1.931220000
-0.005418847,0.003718564,0.860268919,-0.000475833,0.066529985,0.000140851,0.997784303,-0.091403268,-0.209727980,-0.957863567,0.073309845,-0.025296403,-0.175809158,-0.068968661,-0.239286985,-1.110144235,0.089443634,-0.025916154,-0.220800000,0.000001000,0.709000000,0.967152261,1.268788634,0.485304056,1.931220000,-0.048520766,-1.281358098,0.249337012,1.900301058,1.931220000
-0.005521965,0.003660496,0.860294031,-0.000451523,0.066830267,0.000154209,0.997764245,-0.091990130,-0.209791394,-0.959004974,0.073157550,-0.025242955,-0.175821788,-0.069574425,-0.239291276,-1.111090810,0.089284381,-0.025858555,-0.220800000,0.000001000,0.709000000,0.963246702,1.281777081,0.492801031,1.931220000,-0.035196471,-1.279107863,0.261525101,1.899739484,1.931220000
-0.005511229,0.003625634,0.860308938,-0.000446740,0.067077692,0.000143819,0.997747645,-0.092306325,-0.209874426,-0.960127005,0.073095474,-0.025186565,-0.175835961,-0.069915828,-0.239310129,-1.112013088,0.089192844,-0.025797751,-0.220800000,0.000001000,0.709000000,0.960215369,1.293978403,0.498284920,1.931220000,-0.020448574,-1.276785656,0.275242859,1.898651677,1.931220000
-0.005496354,0.003591615,0.860323475,-0.000442666,0.067323192,0.000132566,0.997731113,-0.092612681,-0.209958171,-0.961248332,0.073036677,-0.025130068,-0.175850190,-0.070247619,-0.239329513,-1.112934483,0.089103769,-0.025736829,-0.220800000,0.000001000,0.709000000,0.957215818,1.306151110,0.503695623,1.931220000,-0.005648921,-1.274460833,0.289016229,1.897544739,1.931220000
-0.005368998,0.003635340,0.860329888,-0.000454440,0.067416310,0.000127177,0.997724821,-0.092432408,-0.210144088,-0.962277363,0.073043496,-0.025071452,-0.175864656,-0.070085566,-0.239457450,-1.113768314,0.089083418,-0.025673124,-0.220800000,0.000001000,0.709000000,0.955267807,1.313567535,0.506175073,1.931220000,0.002090833,-1.273574475,0.304393390,1.892056510,1.931220000
-0.005237711,0.003681781,0.860336018,-0.000466768,0.067504101,0.000121993,0.997718880,-0.092235128,-0.210333575,-0.963303169,0.073052608,-0.025012762,-0.175879130,-0.069906254,-0.239589182,-1.114599084,0.089065469,-0.025609321,-0.220800000,0.000001000,0.709000000,0.953356548,1.320817726,0.508552075,1.931220000,0.009583843,-1.272738391,0.319826603,1.886415153,1.931220000
-0.005036228,0.003805472,0.860336274,-0.000522767,0.067478175,0.000101181,0.997720608,-0.091694220,-0.210548097,-0.964222872,0.073114379,-0.024953013,-0.175892095,-0.069384704,-0.239760142,-1.115374131,0.089112814,-0.025543470,-0.220800000,0.000001000,0.709000000,0.954006994,1.318873889,0.505968670,1.931220000,0.005275225,-1.274755125,0.332669184,1.876547655,1.931220000
-0.004832383,0.003931761,0.860336334,-0.000580235,0.067448422,0.000079843,0.997722590,-0.091141749,-0.210763461,-0.965139006,0.073177921,-0.024893228,-0.175905011,-0.068851639,-0.239932423,-1.116147304,0.089162355,-0.025477550,-0.220800000,0.000001000,0.709000000,0.954743630,1.316620718,0.503218371,1.931220000,0.000569540,-1.276867842,0.345424603,1.866537968,1.931220000
-0.004690514,0.004049445,0.860299325,-0.000624365,0.067371361,0.000040727,0.997727773,-0.090598436,-0.210994739,-0.965955988,0.073277763,-0.024833471,-0.175916871,-0.068335447,-0.240141961,-1.116856389,0.089275577,-0.025412178,-0.220800000,0.000000083,0.709000000,0.957326075,1.304781043,0.497200579,1.931220000,-0.007406677,-1.279562311,0.355450961,1.857811163,1.931220000
-0.004550899,0.004166816,0.860260969,-0.000668010,0.067292580,0.000000964,0.997733062,-0.090055456,-0.211226594,-0.966769366,0.073378924,-0.024773714,-0.175928692,-0.067819868,-0.240352854,-1.117563145,0.089391113,-0.025346825,-0.220800000,-0.000000868,0.709000000,0.959975626,1.292592849,0.491063996,1.931220000,-0.015501796,-1.282277931,0.365378103,1.849130998,1.931220000
-0.004571303,0.004282760,0.860272707,-0.000661247,0.067506471,0.000115263,0.997718611,-0.090423130,-0.211593668,-0.967752243,0.073393529,-0.024714767,-0.175940482,-0.068119301,-0.240698363,-1.118432239,0.089442252,-0.025283752,-0.220800000,-0.000000946,0.709000000,0.963036838,1.282029907,0.485529368,1.931220000,-0.026393742,-1.283918555,0.373482636,1.840626073,1.931220000
-0.004597305,0.004398654,0.860286198,-0.000652720,0.067730597,0.000234951,0.997703405,-0.090822662,-0.211965473,-0.968741050,0.073405106,-0.024655849,-0.175952271,-0.068447244,-0.241048581,-1.119307011,0.089491138,-0.025220759,-0.220800000,-0.000000993,0.709000000,0.966112451,1.271523821,0.480015797,1.931220000,-0.037383528,-1.285521574,0.381523408,1.832127278,1.931220000
-0.004834636,0.004446519,0.860355884,-0.000627098,0.068071580,0.000278461,0.997680204,-0.091765435,-0.212310085,-0.969960513,0.073477304,-0.024591110,-0.175968841,-0.069356793,-0.241346138,-1.120412223,0.089549823,-0.025154695,-0.220800000,-0.000000081,0.709000000,0.962615251,1.273256439,0.482101701,1.931220000,-0.046525388,-1.283649617,0.389889433,1.826602979,1.931220000
-0.005079920,0.004491824,0.860427686,-0.000600833,0.068416954,0.000319103,0.997656583,-0.092728653,-0.212653674,-0.971188657,0.073551785,-0.024526151,-0.175985591,-0.070288230,-0.241641713,-1.121526108,0.089608877,-0.025088515,-0.220800000,0.000000867,0.709000000,0.958870682,1.275449662,0.484473611,1.931220000,-0.055597702,-1.281646878,0.398267698,1.821190625,1.931220000
-0.005212152,0.004554811,0.860495066,-0.000605358,0.068648077,0.000305893,0.997640708,-0.093271669,-0.212996940,-0.972433449,0.073756374,-0.024460714,-0.176004343,-0.070816503,-0.241921507,-1.122662717,0.089750106,-0.025022006,-0.220800000,0.000000946,0.709000000,0.954616549,1.281922868,0.487246241,1.931220000,-0.064817744,-1.281293311,0.405620765,1.817455479,1.931220000
-0.005340285,0.004618439,0.860562286,-0.000610999,0.068875055,0.000290730,0.997625064,-0.093799448,-0.213340194,-0.973678845,0.073965681,-0.024395260,-0.176023167,-0.071330158,-0.242200729,-1.123800149,0.089894315,-0.024955485,-0.220800000,0.000000993,0.709000000,0.950343938,1.288551261,0.490033401,1.931220000,-0.074043143,-1.280999541,0.412936660,1.813781146,1.931220000
-0.005392411,0.004660451,0.860578811,-0.000630590,0.068958203,0.000237203,0.997619322,-0.093894611,-0.213627295,-0.974861129,0.074242507,-0.024334371,-0.176041055,-0.071428486,-0.242426544,-1.124881390,0.090099685,-0.024892737,-0.220800000,0.000000997,0.709000000,0.948345467,1.292138988,0.490497013,1.931220000,-0.079493364,-1.283073415,0.417012129,1.814233342,1.931220000
-0.005441866,0.004701703,0.860593554,-0.000650671,0.069036295,0.000182328,0.997613920,-0.093974571,-0.213912422,-0.976041196,0.074521707,-0.024273642,-0.176058911,-0.071512218,-0.242650482,-1.125960655,0.090307204,-0.024830121,-0.220800000,0.000001000,0.709000000,0.946426916,1.295619858,0.490878968,1.931220000,-0.084810914,-1.285230495,0.420973720,1.814830557,1.931220000
-0.005485803,0.004713811,0.860576456,-0.000660767,0.069045109,0.000130310,0.997613312,-0.093543451,-0.214579360,-0.979297097,0.075094816,-0.024117258,-0.176106705,-0.071063820,-0.243176529,-1.128891226,0.090774394,-0.024665298,-0.220800000,0.000000036,0.709000000,0.945366871,1.296867257,0.489732899,1.931220000,-0.090537971,-1.286920907,0.422141902,1.821256406,1.931220000
-0.005529531,0.004724814,0.860558150,-0.000670485,0.069051295,0.000078400,0.997612882,-0.093092948,-0.215260777,-0.982631726,0.075679072,-0.023957245,-0.176155635,-0.070595239,-0.243714034,-1.131892008,0.091251432,-0.024496599,-0.220800000,-0.000000965,0.709000000,0.944339384,1.298029950,0.488528878,1.931220000,-0.096280559,-1.288593619,0.423204142,1.827903311,1.931220000
-0.005565585,0.004718160,0.860566900,-0.000665313,0.069066174,0.000070150,0.997611856,-0.092966910,-0.215470079,-0.983830285,0.075792424,-0.023904605,-0.176174055,-0.070467625,-0.243873231,-1.132961474,0.091340498,-0.024440708,-0.220800000,-0.000001000,0.709000000,0.943887575,1.301006043,0.489342636,1.931220000,-0.097872831,-1.287783423,0.425084032,1.830003856,1.931220000
-0.005601362,0.004710866,0.860576631,-0.000659602,0.069081368,0.000063483,0.997610809,-0.092852638,-0.215662264,-0.984951393,0.075888701,-0.023855859,-0.176191368,-0.070352374,-0.244018711,-1.133960913,0.091415496,-0.024388907,-0.220800000,-0.000001000,0.709000000,0.943456640,1.304047888,0.490229556,1.931220000,-0.099314618,-1.286883201,0.426993570,1.831939556,1.931220000
-0.005623984,0.004746025,0.860568788,-0.000681793,0.069023873,0.000031522,0.997614775,-0.092198500,-0.216194308,-0.988019832,0.076182498,-0.023717436,-0.176239885,-0.069696583,-0.244433792,-1.136726337,0.091664407,-0.024241623,-0.220800000,-0.000001000,0.709000000,0.945106775,1.299603540,0.487524480,1.931220000,-0.112555127,-1.286940360,0.430891107,1.834312508,1.931220000
-0.005646143,0.004782681,0.860560326,-0.000704966,0.068963817,-0.000001331,0.997618913,-0.091525339,-0.216738328,-0.991156894,0.076483254,-0.023575853,-0.176289502,-0.069021743,-0.244858373,-1.139553994,0.091919447,-0.024090974,-0.220800000,-0.000001000,0.709000000,0.946830246,1.294895383,0.484692823,1.931220000,-0.126211417,-1.287031256,0.434858701,1.836700869,1.931220000
-0.005524441,0.004771212,0.860499639,-0.000700363,0.068834031,0.000098690,0.997627874,-0.090918894,-0.216931832,-0.992094068,0.076616046,-0.023526393,-0.176305153,-0.068347576,-0.245017588,-1.140336601,0.092051975,-0.024038321,-0.220800000,-0.000001000,0.709000000,0.952258106,1.285812257,0.479843919,1.931188422,-0.125295500,-1.286546635,0.435700651,1.840078025,1.931220000
-0.005397279,0.004757915,0.860436969,-0.000694706,0.068701596,0.000203755,0.997636991,-0.090314982,-0.217112030,-0.992947739,0.076742461,-0.023480429,-0.176319515,-0.067673433,-0.245166730,-1.141041582,0.092179853,-0.023989388,-0.220800000,-0.000001000,0.709000000,0.957826578,1.276563066,0.474918445,1.931155646,-0.123826449,-1.286040169,0.436423956,1.843492714,1.931220000
-0.005424566,0.004731749,0.860473621,-0.000691900,0.068551532,0.000236190,0.997647309,-0.089829528,-0.217217876,-0.993896586,0.076763591,-0.023433943,-0.176334109,-0.067173518,-0.245230796,-1.141855035,0.092191902,-0.023939772,-0.220800000,-0.000001000,0.709000000,0.958323658,1.274934009,0.475254081,1.931184535,-0.126843589,-1.284899612,0.437739182,1.844412215,1.931220000
-0.005457488,0.004705114,0.860513898,-0.000689199,0.068400823,0.000265976,0.997657648,-0.089348395,-0.217321009,-0.994848905,0.076780880,-0.023387438,-0.176348712,-0.066679958,-0.245291758,-1.142672446,0.092199725,-0.023890131,-0.220800000,-0.000001000,0.709000000,0.958635712,1.273582967,0.475781666,1.931215673,-0.130024404,-1.283735921,0.439076004,1.845240680,1.931220000
-0.005494984,0.004722156,0.860508795,-0.000602106,0.068564834,0.000245197,0.997646451,-0.089523672,-0.217655452,-0.995916738,0.076679245,-0.023350751,-0.176362132,-0.066913605,-0.245602047,-1.143565314,0.092154853,-0.023847669,-0.220800000,-0.000001000,0.709000000,0.959043268,1.271584000,0.475809140,1.931218226,-0.131173169,-1.283515615,0.440368312,1.847001331,1.931220000
-0.005532639,0.004740725,0.860502107,-0.000512063,0.068739841,0.000222651,0.997634463,-0.089721891,-0.217997980,-0.996988609,0.076573454,-0.023314406,-0.176375511,-0.067172668,-0.245921051,-1.144460820,0.092108138,-0.023805457,-0.220800000,-0.000001000,0.709000000,0.959454163,1.269562389,0.475819134,1.931219780,-0.132250914,-1.283328281,0.441659064,1.848794563,1.931220000
-0.005832014,0.004569816,0.860537577,-0.000437790,0.068941003,0.000210819,0.997620620,-0.090364395,-0.218040476,-0.998251137,0.076510692,-0.023275274,-0.176392242,-0.067868573,-0.245915856,-1.145491888,0.092068536,-0.023760476,-0.220800000,-0.000001000,0.709000000,0.954669070,1.282960096,0.484106239,1.931219911,-0.117609937,-1.281650151,0.445922552,1.859368587,1.931220000
-0.006141289,0.004391739,0.860574643,-0.000364114,0.069143152,0.000199392,0.997606662,-0.091023706,-0.218071622,-0.999520877,0.076449558,-0.023236037,-0.176409100,-0.068581003,-0.245898397,-1.146528085,0.092029203,-0.023715389,-0.220800000,-0.000001000,0.709000000,0.949687419,1.296941099,0.492706457,1.931219989,-0.102374338,-1.279915627,0.450298496,1.870274778,1.931220000
-0.006157242,0.004349471,0.860638044,-0.000373535,0.069318613,0.000192198,0.997594483,-0.091184773,-0.218131994,-1.000806944,0.076418474,-0.023199294,-0.176428209,-0.068771053,-0.245887688,-1.147588021,0.091963328,-0.023671670,-0.220800000,-0.000000083,0.709000000,0.945086897,1.314326622,0.499693396,1.931219996,-0.092694632,-1.282182297,0.452732437,1.876127492,1.931220000
-0.006162559,0.004312128,0.860702399,-0.000385969,0.069493104,0.000185157,0.997582340,-0.091327773,-0.218193426,-1.002093603,0.076388478,-0.023162642,-0.176447400,-0.068942163,-0.245877224,-1.148648817,0.091896491,-0.023628001,-0.220800000,0.000000868,0.709000000,0.940500195,1.331835588,0.506621839,1.931219999,-0.083216375,-1.284594046,0.455095964,1.881796974,1.931220000
-0.005950664,0.004396157,0.860645621,-0.000454683,0.069495068,0.000130869,0.997582183,-0.090594468,-0.218477729,-1.004215727,0.076510131,-0.023093271,-0.176478794,-0.068258774,-0.246056269,-1.150416280,0.091964111,-0.023546152,-0.220800000,-0.000000014,0.709000000,0.940171470,1.339594728,0.506409214,1.931220000,-0.081516842,-1.290330864,0.450028782,1.879993816,1.931220000
-0.005731157,0.004484441,0.860584598,-0.000525369,0.069490985,0.000074924,0.997582438,-0.089830450,-0.218769843,-1.006367132,0.076637097,-0.023022753,-0.176510616,-0.067545438,-0.246241956,-1.152208510,0.092036444,-0.023462965,-0.220800000,-0.000000961,0.709000000,0.939991973,1.347012169,0.505946318,1.931220000,-0.080089927,-1.296184216,0.444701178,1.877928767,1.931220000
-0.005680043,0.004523609,0.860491976,-0.000561195,0.069399174,0.000041062,0.997588812,-0.086053894,-0.221401362,-1.024238778,0.077578463,-0.022199849,-0.176750383,-0.064108509,-0.248126203,-1.166853345,0.092902047,-0.022579612,-0.220800000,-0.000000998,0.709000000,0.943855977,1.345741011,0.501600453,1.931220000,-0.075752935,-1.307005527,0.337681475,1.864795899,1.931220000
-0.005635266,0.004560930,0.860398166,-0.000595708,0.069304060,0.000008031,0.997595405,-0.082163960,-0.224120925,-1.042702057,0.078550479,-0.021348630,-0.176997976,-0.060569077,-0.250074375,-1.181981888,0.093797505,-0.021666145,-0.220800000,-0.000001000,0.709000000,0.947872158,1.344142857,0.497108451,1.931220000,-0.071306423,-1.318013807,0.226834587,1.851246492,1.931220000
-0.005661107,0.004481641,0.860266358,-0.000578029,0.069300380,-0.000007025,0.997595671,-0.079721207,-0.225839202,-1.055178734,0.079240402,-0.020544337,-0.177170577,-0.058681695,-0.251157127,-1.190861041,0.094416409,-0.020833930,-0.220800000,-0.000001000,0.709000000,0.951380484,1.342404544,0.496829754,1.931220000,-0.074318244,-1.330172258,0.092963922,1.858065526,1.931220000
-0.005689513,0.004398116,0.860133170,-0.000558453,0.069300022,-0.000021427,0.997595707,-0.077331021,-0.227521109,-1.067437959,0.079920078,-0.019741749,-0.177340454,-0.056854320,-0.252208445,-1.199513197,0.095025268,-0.020004666,-0.220800000,-0.000001000,0.709000000,0.954870362,1.340661139,0.496704098,1.931220000,-0.077600975,-1.342372486,-0.041743038,1.865624405,1.931220000
-0.005717848,0.004397238,0.860076464,-0.000565592,0.069269325,-0.000033768,0.997597835,-0.076334907,-0.228252722,-1.072389114,0.080305065,-0.019267284,-0.177423719,-0.056232731,-0.252613204,-1.202346361,0.095336213,-0.019528296,-0.220800000,-0.000001000,0.709000000,0.958172249,1.330994032,0.493471582,1.931220000,-0.095528659,-1.344860275,-0.083213452,1.870174168,1.931220000
-0.005746182,0.004399248,0.860022431,-0.000573665,0.069237568,-0.000046036,0.997600034,-0.075387517,-0.228951122,-1.077084849,0.080679752,-0.018804287,-0.177503957,-0.055653285,-0.252995365,-1.204976149,0.095636746,-0.019064260,-0.220800000,-0.000001000,0.709000000,0.961467566,1.321049990,0.490130481,1.931220000,-0.113968189,-1.347008612,-0.121425224,1.874618762,1.931220000
-0.005783730,0.004324858,0.859981523,-0.000564260,0.069301289,-0.000065469,0.997595614,-0.075493029,-0.228913332,-1.077547277,0.080700344,-0.018756706,-0.177512254,-0.055816650,-0.252925725,-1.205197562,0.095654235,-0.019016745,-0.220800000,-0.000001000,0.709000000,0.961826100,1.319087967,0.490448329,1.931220000,-0.107000731,-1.345375262,-0.124419350,1.878846142,1.931220000
-0.005821626,0.004247587,0.859941109,-0.000554196,0.069368609,-0.000085172,0.997590939,-0.075638236,-0.228847788,-1.077850111,0.080707586,-0.018724786,-0.177517839,-0.056008019,-0.252839053,-1.205328179,0.095661055,-0.018984932,-0.220800000,-0.000001000,0.709000000,0.962073919,1.317426863,0.490904118,1.931220000,-0.099075438,-1.343599343,-0.126085784,1.883065333,1.931220000
-0.005766842,0.004234115,0.859940454,-0.000555602,0.069362528,-0.000074001,0.997591362,-0.075493880,-0.228849659,-1.078089109,0.080702659,-0.018691514,-0.177523931,-0.055891145,-0.252816583,-1.205390175,0.095649126,-0.018952081,-0.220800000,-0.000001000,0.709000000,0.962083430,1.315775335,0.491194529,1.931220000,-0.094366643,-1.342829806,-0.126945231,1.883529394,1.931220000
-0.005708704,0.004222951,0.859941237,-0.000557424,0.069353790,-0.000061713,0.997591969,-0.075339043,-0.228853970,-1.078325797,0.080697292,-0.018658193,-0.177530042,-0.055763114,-0.252796437,-1.205449686,0.095636518,-0.018919193,-0.220800000,-0.000001000,0.709000000,0.962084316,1.314124154,0.491478954,1.931220000,-0.089774266,-1.342096695,-0.127775469,1.883857542,1.931220000
-0.005556122,0.004197013,0.859935743,-0.000632420,0.068930623,0.000089339,0.997621251,-0.074204833,-0.228697315,-1.078326960,0.080781246,-0.018621731,-0.177535598,-0.054538092,-0.252604213,-1.205290053,0.095670807,-0.018884450,-0.220800000,-0.000001000,0.709000000,0.966020905,1.310741869,0.488751364,1.931165167,-0.088362068,-1.340063214,-0.127446394,1.881826688,1.931220000
-0.005400237,0.004170558,0.859930028,-0.000709975,0.068492943,0.000245246,0.997651318,-0.073036362,-0.228535029,-1.078319884,0.080868326,-0.018585159,-0.177541135,-0.053274694,-0.252405970,-1.205122754,0.095706736,-0.018849642,-0.220800000,-0.000001000,0.709000000,0.970095173,1.307299025,0.485918406,1.931108417,-0.087061120,-1.337984244,-0.127076763,1.879713311,1.931220000
-0.005298066,0.004199870,0.859936942,-0.000734391,0.068195391,0.000268319,0.997671678,-0.072169912,-0.228498996,-1.078364184,0.080794353,-0.018556736,-0.177545378,-0.052414245,-0.252346866,-1.205056094,0.095611487,-0.018821971,-0.220800000,-0.000001000,0.709000000,0.971777560,1.303090963,0.483923824,1.931156663,-0.091790599,-1.335516159,-0.125283500,1.874387921,1.931220000
-0.005197917,0.004231283,0.859944332,-0.000756804,0.067903111,0.000286389,0.997691592,-0.071314838,-0.228467719,-1.078410419,0.080714313,-0.018528620,-0.177549572,-0.051568974,-0.252293003,-1.204993226,0.095511296,-0.018794569,-0.220800000,-0.000001000,0.709000000,0.973369851,1.298854076,0.481960822,1.931208864,-0.096747228,-1.333033418,-0.123436613,1.868941543,1.931220000
-0.005187083,0.004313353,0.859996717,-0.000746762,0.067736337,0.000277648,0.997702939,-0.070827726,-0.228580488,-1.078602387,0.080567350,-0.018501610,-0.177554262,-0.051121292,-0.252392476,-1.205091035,0.095374799,-0.018767161,-0.220800000,-0.000000083,0.709000000,0.972614393,1.298453595,0.481538353,1.931214961,-0.107716155,-1.331774285,-0.120917531,1.861441342,1.931220000
-0.005179488,0.004397260,0.860050732,-0.000735544,0.067574112,0.000267934,0.997713950,-0.070353956,-0.228698480,-1.078799639,0.080417962,-0.018474640,-0.177558970,-0.050688026,-0.252497509,-1.205194670,0.095236987,-0.018739753,-0.220800000,0.000000868,0.709000000,0.971773807,1.298192216,0.481171742,1.931219385,-0.118903080,-1.330559519,-0.118374076,1.853866673,1.931220000
-0.005345351,0.004329032,0.860086379,-0.000680859,0.067562179,0.000221642,0.997714809,-0.070345051,-0.228700752,-1.079570154,0.080190445,-0.018421890,-0.177572056,-0.050785564,-0.252462042,-1.205690860,0.095030174,-0.018686565,-0.220800000,0.000000031,0.709000000,0.966456597,1.312977351,0.487322063,1.931219759,-0.111329092,-1.330891193,-0.116359788,1.858933029,1.931220000
-0.005517265,0.004255496,0.860121385,-0.000624658,0.067555488,0.000174073,0.997715308,-0.070352362,-0.228698988,-1.080360668,0.079960203,-0.018368242,-0.177585435,-0.050901620,-0.252421675,-1.206200745,0.094820954,-0.018632478,-0.220800000,-0.000000868,0.709000000,0.960983215,1.328287399,0.493699734,1.931219990,-0.103100610,-1.331276817,-0.114363959,1.864440380,1.931220000
-0.005800124,0.004084227,0.860155243,-0.000537901,0.067668248,0.000150355,0.997707721,-0.070870575,-0.228616736,-1.080937631,0.079786499,-0.018342998,-0.177593415,-0.051492620,-0.252309994,-1.206578431,0.094659091,-0.018607807,-0.220800000,-0.000000030,0.709000000,0.955086501,1.342973703,0.501976557,1.931219999,-0.084133287,-1.331569279,-0.114757674,1.874892181,1.931220000
-0.006087167,0.003909272,0.860189057,-0.000449992,0.067785511,0.000127535,0.997699807,-0.071408050,-0.228531449,-1.081506544,0.079614928,-0.018318826,-0.177601192,-0.052101525,-0.252195624,-1.206951133,0.094499013,-0.018584245,-0.220800000,0.000000873,0.709000000,0.949173826,1.357636492,0.510324977,1.931220000,-0.064761113,-1.331858229,-0.115241474,1.885530386,1.931220000
-0.006087368,0.003832895,0.860188753,-0.000414993,0.068012034,0.000107873,0.997684409,-0.071777038,-0.228488380,-1.082056163,0.079473128,-0.018295945,-0.177608991,-0.052540264,-0.252120547,-1.207275718,0.094364391,-0.018560033,-0.220800000,0.000000948,0.709000000,0.944746339,1.371236041,0.516597085,1.931220000,-0.044550797,-1.331849019,-0.116604208,1.892179573,1.931220000
-0.006077151,0.003760098,0.860187209,-0.000381916,0.068242523,0.000088327,0.997668685,-0.072139906,-0.228446844,-1.082605081,0.079332409,-0.018273111,-0.177616790,-0.052972821,-0.252046897,-1.207598555,0.094230693,-0.018535796,-0.220800000,0.000000994,0.709000000,0.940372797,1.384796969,0.522793774,1.931220000,-0.024310038,-1.331828979,-0.117998868,1.898683866,1.931220000
-0.005955711,0.003764108,0.860165625,-0.000382465,0.068489956,0.000071687,0.997651730,-0.072394730,-0.228464250,-1.083103260,0.079239731,-0.018248389,-0.177623955,-0.053292082,-0.252037314,-1.207869645,0.094151484,-0.018508542,-0.220800000,0.000000997,0.709000000,0.938455451,1.392061010,0.525599528,1.931220000,-0.009728268,-1.331612634,-0.120074697,1.898935025,1.931220000
-0.005829935,0.003771112,0.860143261,-0.000384326,0.068738046,0.000055161,0.997634668,-0.072645343,-0.228483954,-1.083599462,0.079148926,-0.018223593,-0.177631095,-0.053606926,-0.252030228,-1.208138718,0.094074398,-0.018481169,-0.220800000,0.000001000,0.709000000,0.936633853,1.399079581,0.528273094,1.931220000,0.004632899,-1.331388637,-0.122177081,1.898942421,1.931220000
-0.005745461,0.003808843,0.860138692,-0.000394738,0.068981012,0.000045868,0.997617894,-0.072955696,-0.228551570,-1.084100158,0.079096041,-0.018195353,-0.177638313,-0.053969346,-0.252072177,-1.208426773,0.094032556,-0.018450664,-0.220800000,0.000001000,0.709000000,0.935692356,1.401853522,0.529356123,1.931220000,0.013387856,-1.332870908,-0.126787338,1.895525191,1.931220000
-0.005662542,0.003847731,0.860134794,-0.000405472,0.069223781,0.000036848,0.997601074,-0.073268298,-0.228620990,-1.084601025,0.079044584,-0.018166984,-0.177645533,-0.054333557,-0.252115971,-1.208715543,0.093992041,-0.018420041,-0.220800000,0.000001000,0.709000000,0.934783982,1.404467717,0.530379293,1.931220000,0.021931822,-1.334417394,-0.131491979,1.891979075,1.931220000
-0.005637026,0.003881992,0.860138842,-0.000410635,0.069387628,0.000033575,0.997589689,-0.073504705,-0.228720182,-1.085088705,0.079048305,-0.018135394,-0.177653104,-0.054610233,-0.252186301,-1.208995922,0.093995156,-0.018387150,-0.220800000,0.000001000,0.709000000,0.933633608,1.406145932,0.531302321,1.931220000,0.027590051,-1.335696378,-0.138742121,1.887825562,1.931220000
-0.005613593,0.003916085,0.860143178,-0.000415596,0.069548610,0.000030511,0.997578477,-0.073738348,-0.228820455,-1.085575908,0.079054029,-0.018103686,-0.177660687,-0.054883733,-0.252257594,-1.209275996,0.093999855,-0.018354176,-0.220800000,0.000001000,0.709000000,0.932474451,1.407790180,0.532221715,1.931220000,0.033143553,-1.336965654,-0.146084643,1.883650005,1.931220000
-0.005492187,0.003969309,0.860101954,-0.000441613,0.069641316,0.000024712,0.997571998,-0.073712715,-0.228921893,-1.085927574,0.079141878,-0.018069957,-0.177666681,-0.054891120,-0.252339700,-1.209436072,0.094092319,-0.018318686,-0.220800000,0.000001000,0.709000000,0.934490235,1.405358358,0.529795073,1.931218947,0.034468375,-1.334897160,-0.149617111,1.876762763,1.931220000
-0.005366930,0.004023285,0.860058938,-0.000468458,0.069731339,0.000018806,0.997565697,-0.073676892,-0.229023377,-1.086273914,0.079232955,-0.018036148,-0.177672613,-0.054888047,-0.252422230,-1.209591431,0.094188232,-0.018283096,-0.220800000,0.000001000,0.709000000,0.936630814,1.402766320,0.527236910,1.931217852,0.035626982,-1.332697470,-0.152999818,1.869768934,1.931220000
-0.005381801,0.003997066,0.860080489,-0.000456556,0.069613155,0.000033829,0.997573957,-0.073369793,-0.229075575,-1.086612480,0.079286467,-0.018000910,-0.177679263,-0.054611721,-0.252446382,-1.209719940,0.094236840,-0.018247801,-0.220800000,0.000001000,0.709000000,0.938357300,1.403541178,0.526640058,1.931198004,0.039658459,-1.329148062,-0.155601882,1.865980883,1.931220000
-0.005401931,0.003967837,0.860104463,-0.000443199,0.069487154,0.000049638,0.997582747,-0.073052511,-0.229125922,-1.086950755,0.079338568,-0.017965618,-0.177685940,-0.054325137,-0.252468343,-1.209847442,0.094283672,-0.018212517,-0.220800000,0.000001000,0.709000000,0.940068241,1.404442423,0.526116829,1.931177451,0.043797778,-1.325547987,-0.158174642,1.862313170,1.931220000
-0.005399711,0.003937612,0.860121466,-0.000416820,0.069286191,-0.000069464,0.997596735,-0.072473635,-0.229154018,-1.087267324,0.079337841,-0.017934285,-0.177693143,-0.053879946,-0.252474598,-1.209952326,0.094291106,-0.018180226,-0.220800000,0.000001000,0.709000000,0.939976767,1.405811658,0.527143442,1.931196530,0.049772616,-1.322982478,-0.161295075,1.860292288,1.931220000
-0.005396674,0.003907350,0.860138215,-0.000389966,0.069082484,-0.000193496,0.997610856,-0.071885197,-0.229181302,-1.087583099,0.079335183,-0.017903097,-0.177700365,-0.053428959,-0.252480279,-1.210056383,0.094297100,-0.018148044,-0.220800000,0.000001000,0.709000000,0.939819417,1.407197998,0.528226700,1.931217057,0.055814539,-1.320454780,-0.164435525,1.858331595,1.931220000
-0.005182767,0.003998854,0.860103058,-0.000436898,0.068885256,-0.000183727,0.997624477,-0.071078370,-0.229255394,-1.087762127,0.079374971,-0.017872667,-0.177706019,-0.052652287,-0.252550473,-1.210045275,0.094367010,-0.018114328,-0.220800000,0.000001000,0.709000000,0.939768598,1.401506817,0.526710685,1.931218826,0.050273951,-1.316620616,-0.162629639,1.847816518,1.931220000
-0.004960544,0.004095161,0.860065855,-0.000486740,0.068688280,-0.000168682,0.997638038,-0.070262929,-0.229331332,-1.087935763,0.079416432,-0.017842268,-0.177711612,-0.051862772,-0.252623211,-1.210029627,0.094439441,-0.018080552,-0.220800000,0.000001000,0.709000000,0.939721979,1.395536526,0.525092164,1.931219854,0.044276592,-1.312734930,-0.160628688,1.836964089,1.931220000
-0.004902338,0.004265343,0.860137561,-0.000519136,0.068512072,-0.000099693,0.997650147,-0.069715784,-0.229573727,-1.088254252,0.079410747,-0.017809664,-0.177717958,-0.051299299,-0.252852863,-1.210199883,0.094451409,-0.018045904,-0.220800000,0.000001000,0.709000000,0.935924899,1.393912172,0.525446535,1.931219941,0.026192699,-1.311246790,-0.157284883,1.821510523,1.930666443
-0.004850342,0.004438322,0.860213391,-0.000550872,0.068336648,-0.000028662,0.997662166,-0.069178797,-0.229822424,-1.088578225,0.079403277,-0.017776977,-0.177724333,-0.050744384,-0.253088456,-1.210377179,0.094461088,-0.018011224,-0.220800000,0.000001000,0.709000000,0.931985821,1.392452361,0.525875602,1.931219993,0.007651196,-1.309849423,-0.153890236,1.805882752,1.930091929
-0.004884381,0.004609919,0.860284157,-0.000585063,0.068177080,0.000013741,0.997673064,-0.068792618,-0.230103399,-1.089014830,0.079467870,-0.017742875,-0.177731540,-0.050341778,-0.253347232,-1.210709234,0.094517118,-0.017976659,-0.220800000,0.000001000,0.709000000,0.928777141,1.393897524,0.525137807,1.931219997,-0.013719914,-1.308952272,-0.149849310,1.792053970,1.929340690
-0.004921539,0.004781466,0.860354740,-0.000619344,0.068018084,0.000055106,0.997683895,-0.068411907,-0.230385545,-1.089455518,0.079535076,-0.017708722,-0.177738777,-0.049944694,-0.253606849,-1.211046901,0.094574828,-0.017942098,-0.220800000,0.000001000,0.709000000,0.925594944,1.395448017,0.524357703,1.931220000,-0.035193622,-1.308073258,-0.145784950,1.778290416,1.928583045
-0.004805721,0.004801024,0.860291172,-0.000638618,0.067023364,0.000326937,0.997751148,-0.066133387,-0.230559353,-1.089358261,0.079869170,-0.017665869,-0.177745288,-0.047482353,-0.253764453,-1.210783026,0.094881841,-0.017901503,-0.220800000,0.000000085,0.709000000,0.927983719,1.383881084,0.519294661,1.931220000,-0.044072368,-1.306205311,-0.141464105,1.775957748,1.928857407
-0.004683925,0.004814642,0.860222361,-0.000657305,0.065995910,0.000607774,0.997819492,-0.063780701,-0.230728926,-1.089239981,0.080213694,-0.017622676,-0.177751770,-0.044939301,-0.253918071,-1.210495644,0.095198596,-0.017860673,-0.220800000,-0.000000866,0.709000000,0.930590207,1.371801524,0.514064243,1.931220000,-0.052458905,-1.304298716,-0.137133236,1.774071797,1.929172100
-0.004411962,0.004944699,0.860186366,-0.000719844,0.065221589,0.000633301,0.997870345,-0.061651932,-0.230851237,-1.089078459,0.080390407,-0.017588145,-0.177754392,-0.042793537,-0.254051568,-1.210269720,0.095393392,-0.017824178,-0.220800000,-0.000000946,0.709000000,0.934543192,1.350508835,0.505192300,1.931220000,-0.075050959,-1.300956881,-0.131234915,1.763947786,1.928375537
-0.004134362,0.005079128,0.860151602,-0.000784029,0.064456734,0.000649243,0.997919983,-0.059531569,-0.230971774,-1.088915314,0.080560821,-0.017553939,-0.177756869,-0.040662685,-0.254184310,-1.210046102,0.095583609,-0.017787847,-0.220800000,-0.000000993,0.709000000,0.938546722,1.328870303,0.496183662,1.931220000,-0.098176261,-1.297561169,-0.125277756,1.753514533,1.927537260
-0.004351397,0.005036651,0.860158417,-0.000792978,0.064035412,0.000545228,0.997947163,-0.058721754,-0.230838465,-1.089300788,0.080404225,-0.017504960,-0.177763809,-0.039952966,-0.254085525,-1.210405212,0.095529784,-0.017734075,-0.220800000,-0.000000997,0.708811787,0.946149865,1.293461077,0.484196311,1.931220000,-0.117698746,-1.295075088,-0.114452785,1.756061891,1.927981339
-0.004586336,0.004987771,0.860166737,-0.000799927,0.063626512,0.000436870,0.997973364,-0.057959374,-0.230695967,-1.089706119,0.080235792,-0.017455447,-0.177770911,-0.039294684,-0.253978361,-1.210785413,0.095467125,-0.017679672,-0.220800000,-0.000001000,0.708616761,0.953883294,1.257553432,0.472101148,1.931220000,-0.137090830,-1.292621930,-0.103451627,1.759079073,1.928471833
-0.004453010,0.004751670,0.860112844,-0.000663726,0.062446464,0.000452078,0.998047992,-0.055006918,-0.230481122,-1.089478681,0.079924283,-0.017414661,-0.177776996,-0.036458572,-0.253828830,-1.210242834,0.095355742,-0.017631742,-0.220800157,-0.000001000,0.708722842,0.957553561,1.238536450,0.471637131,1.931220000,-0.122007704,-1.293258745,-0.092745935,1.783077422,1.929801457
-0.004305339,0.004508277,0.860056528,-0.000521948,0.061236288,0.000472099,0.998123049,-0.051969158,-0.230263459,-1.089226596,0.079607202,-0.017374216,-0.177783041,-0.033537632,-0.253677649,-1.209664313,0.095242462,-0.017584064,-0.220800319,-0.000001000,0.708840652,0.961065567,1.220177363,0.471626150,1.931220000,-0.105581760,-1.294015915,-0.082051751,1.807892992,1.931163765
-0.004183318,0.004171200,0.860091531,-0.000418592,0.059758273,0.000454099,0.998212686,-0.048202241,-0.229571970,-1.089066497,0.078770483,-0.017358649,-0.177789370,-0.029985167,-0.253024695,-1.208998678,0.094616732,-0.017560424,-0.220798921,-0.000001000,0.708919509,0.954369187,1.241258977,0.486325192,1.931220000,-0.070990220,-1.292105057,-0.066389422,1.832917328,1.931216458
-0.004062261,0.003830597,0.860129970,-0.000316681,0.058270048,0.000434666,0.998300712,-0.044407881,-0.228862649,-1.088909860,0.077914208,-0.017344017,-0.177795710,-0.026408934,-0.252352856,-1.208329765,0.093971717,-0.017537689,-0.220797464,-0.000001000,0.708996900,0.947288613,1.263824943,0.501577846,1.931220000,-0.035715017,-1.290093788,-0.050540117,1.857949521,1.931219864
-0.004229097,0.003633737,0.860140895,-0.000229428,0.058195622,0.000351333,0.998305110,-0.044254591,-0.228513879,-1.089254244,0.077316036,-0.017342009,-0.177800755,-0.026433072,-0.252017109,-1.208388490,0.093499589,-0.017532016,-0.220798597,-0.000001000,0.708999790,0.945251571,1.275925879,0.508067583,1.931220000,-0.010016755,-1.290364544,-0.042853706,1.871496642,1.931219991
-0.004406390,0.003442099,0.860150819,-0.000142707,0.058172551,0.000265678,0.998306498,-0.044233556,-0.228178205,-1.089616827,0.076727238,-0.017340458,-0.177805753,-0.026587987,-0.251693569,-1.208473646,0.093033741,-0.017526963,-0.220799825,-0.000001000,0.708999974,0.943397726,1.287646692,0.514239024,1.931220000,0.015333643,-1.290718191,-0.035463797,1.884626589,1.931219999
-0.004377499,0.003438704,0.860126951,-0.000171262,0.059170107,0.000215586,0.998247876,-0.046197495,-0.227934216,-1.090349670,0.076182177,-0.017337931,-0.177809101,-0.028672014,-0.251449824,-1.208978680,0.092589299,-0.017519057,-0.220799930,-0.000001000,0.708999989,0.942026511,1.292926315,0.516660107,1.931220000,0.031318347,-1.290001152,-0.027522294,1.885461834,1.931220000
-0.004340557,0.003442661,0.860101763,-0.000204318,0.060207453,0.000166883,0.998185851,-0.048238943,-0.227693807,-1.091096969,0.075638823,-0.017335366,-0.177812386,-0.030831368,-0.251209195,-1.209500109,0.092145692,-0.017511039,-0.220799991,-0.000001000,0.708999999,0.940674142,1.297954426,0.518934749,1.931220000,0.046937346,-1.289242307,-0.019559253,1.885817004,1.931220000
-0.004284125,0.003505382,0.860070426,-0.000260449,0.061202934,0.000120621,0.998125302,-0.050260683,-0.227630786,-1.091754670,0.075431082,-0.017314369,-0.177817600,-0.032926634,-0.251120697,-1.209981263,0.091952689,-0.017489084,-0.220799996,-0.000001000,0.708999999,0.940621421,1.295085613,0.518301419,1.931220000,0.054716807,-1.289807952,-0.011377641,1.879983096,1.931220000
-0.004226960,0.003570313,0.860038859,-0.000317448,0.062196782,0.000074449,0.998063853,-0.052281682,-0.227574435,-1.092409001,0.075235960,-0.017292679,-0.177822886,-0.035019490,-0.251037919,-1.210460902,0.091769109,-0.017466605,-0.220800000,-0.000001000,0.709000000,0.940617572,1.291919855,0.517558741,1.931220000,0.062201479,-1.290423401,-0.003187810,1.873916462,1.931220000
-0.004061162,0.003656000,0.859960729,-0.000406852,0.062877269,0.000006109,0.998021184,-0.053543954,-0.227567792,-1.092734222,0.075341531,-0.017258588,-0.177826718,-0.036331677,-0.251003635,-1.210678455,0.091840976,-0.017433780,-0.220800000,-0.000001000,0.708705720,0.945919117,1.274983321,0.510298816,1.931220000,0.064653614,-1.291271805,0.004429699,1.865397309,1.931220000
-0.003891393,0.003742447,0.859880897,-0.000497441,0.063546276,-0.000063041,0.997978767,-0.054778496,-0.227562965,-1.093047415,0.075458092,-0.017224044,-0.177830497,-0.037615332,-0.250971124,-1.210886429,0.091922179,-0.017400576,-0.220800000,-0.000001000,0.708400685,0.951414568,1.257543483,0.502800693,1.931220000,0.066921816,-1.292128723,0.012026291,1.856788519,1.931220000
-0.003868096,0.003782482,0.859904404,-0.000534250,0.063848544,-0.000086664,0.997959453,-0.055424611,-0.227630258,-1.093275120,0.075616395,-0.017182565,-0.177836181,-0.038275054,-0.250995281,-1.211029607,0.092007494,-0.017363505,-0.220800000,-0.000001000,0.702902247,0.956316191,1.242128975,0.495459272,1.931220000,0.066382932,-1.294630933,0.015818554,1.850035151,1.931220000
-0.003850515,0.003820707,0.859931943,-0.000568961,0.064136500,-0.000108511,0.997940967,-0.056047769,-0.227700365,-1.093499491,0.075776328,-0.017140816,-0.177841940,-0.038910433,-0.251021649,-1.211170256,0.092092970,-0.017326282,-0.220800000,-0.000001000,0.697201188,0.961194646,1.226793485,0.488123965,1.931220000,0.065734530,-1.297197333,0.019462392,1.843354173,1.931220000
-0.003860538,0.003813760,0.859956187,-0.000548164,0.063844912,0.000063806,0.997959680,-0.055480538,-0.227904469,-1.093625333,0.076044943,-0.017063201,-0.177852764,-0.038243396,-0.251146043,-1.211040156,0.092235372,-0.017258985,-0.220800000,-0.000001000,0.691681325,0.967503082,1.208685711,0.481959616,1.931220000,0.065049114,-1.296468554,0.026699052,1.836467224,1.931220000
-0.003871598,0.003805117,0.859980307,-0.000525283,0.063531542,0.000243417,0.997979663,-0.054868583,-0.228113607,-1.093747473,0.076317641,-0.016984239,-0.177863779,-0.037527427,-0.251274120,-1.210899883,0.092379913,-0.017190558,-0.220800000,-0.000001000,0.686168270,0.973865243,1.190473781,0.475839260,1.931220000,0.064362306,-1.295615974,0.034070697,1.829572538,1.931220000
-0.003777269,0.003688322,0.859990455,-0.000519637,0.062988318,0.000258764,0.998014096,-0.053453619,-0.227905661,-1.093744980,0.076237151,-0.016927313,-0.177873119,-0.036156642,-0.251022100,-1.210642834,0.092257762,-0.017138367,-0.220800000,-0.000001000,0.679105991,0.978721161,1.179130682,0.472240411,1.931220000,0.075909082,-1.293385833,0.040439100,1.831259636,1.931220000
-0.003678692,0.003567169,0.860000040,-0.000514686,0.062435811,0.000267491,0.998048813,-0.052006293,-0.227680907,-1.093737465,0.076142427,-0.016871276,-0.177882392,-0.034759466,-0.250754762,-1.210381079,0.092124863,-0.017086831,-0.220800000,-0.000001000,0.671981276,0.983516375,1.168064407,0.468743182,1.931220000,0.087948886,-1.291100174,0.046767071,1.833292590,1.931220000
-0.003589705,0.003462787,0.860030721,-0.000516758,0.061990456,0.000238268,0.998076580,-0.050715397,-0.227341600,-1.093862526,0.075751713,-0.016831268,-0.177891536,-0.033561392,-0.250393442,-1.210286881,0.091753343,-0.017047459,-0.220800000,-0.000001000,0.661120670,0.988390753,1.158466905,0.464405000,1.931220000,0.098417684,-1.290172714,0.048953149,1.833639923,1.931220000
-0.003501092,0.003359060,0.860062226,-0.000519105,0.061549274,0.000207563,0.998103890,-0.049430609,-0.226997820,-1.093992764,0.075349442,-0.016791885,-0.177900675,-0.032371091,-0.250028453,-1.210199226,0.091372505,-0.017008563,-0.220800000,-0.000001000,0.650114187,0.993268222,1.148926755,0.460033981,1.931220000,0.108825139,-1.289298288,0.050977498,1.833921436,1.931220000
-0.003430273,0.003389750,0.860031396,-0.000512942,0.061313476,0.000164414,0.998118414,-0.048174184,-0.227119915,-1.096317120,0.074905893,-0.016320520,-0.177972010,-0.031524945,-0.250004419,-1.210873850,0.091041234,-0.016542305,-0.220800000,-0.000001000,0.646802356,0.994927097,1.141076406,0.458861193,1.931220000,0.118922506,-1.299372232,-0.007567244,1.823214456,1.931220000
-0.003360128,0.003425537,0.859998201,-0.000506455,0.061085465,0.000120793,0.998132403,-0.046918834,-0.227259679,-1.098724690,0.074460778,-0.015832772,-0.178045704,-0.030691850,-0.249993315,-1.211577383,0.090711843,-0.016059838,-0.220800000,-0.000001000,0.643782350,0.996463904,1.133290144,0.457809701,1.931220000,0.129008113,-1.309861402,-0.068409116,1.812090729,1.931220000
-0.003335132,0.003332557,0.859981090,-0.000485141,0.061064846,0.000078450,0.998133680,-0.046748868,-0.227128162,-1.098944429,0.074347596,-0.015768612,-0.178055021,-0.030620910,-0.249841309,-1.211519929,0.090619719,-0.015996528,-0.220800000,-0.000001000,0.644812049,0.994529145,1.132884396,0.460403618,1.931220000,0.144343442,-1.309659401,-0.079779038,1.817665353,1.931220000
-0.003311955,0.003234391,0.859964625,-0.000463230,0.061052578,0.000036158,0.998134443,-0.046622609,-0.226985722,-1.099076068,0.074247780,-0.015721509,-0.178061745,-0.030580661,-0.249683629,-1.211431831,0.090537149,-0.015950098,-0.220800000,-0.000001000,0.646004824,0.992454590,1.132775852,0.463144332,1.931220000,0.159890172,-1.309026880,-0.089156782,1.823912400,1.931220000
-0.003388270,0.003140257,0.859939751,-0.000452666,0.061147916,0.000001949,0.998128613,-0.046906632,-0.226827689,-1.099185713,0.074161437,-0.015699648,-0.178064733,-0.030920614,-0.249518141,-1.211421114,0.090464577,-0.015928369,-0.220800000,-0.000001000,0.651591424,0.990225391,1.134716929,0.467721932,1.931220000,0.171547465,-1.305944644,-0.093866580,1.827603287,1.931220000
-0.003468457,0.003046280,0.859914548,-0.000442545,0.061247441,-0.000031945,0.998122515,-0.047206623,-0.226669048,-1.099294503,0.074075618,-0.015678771,-0.178067576,-0.031275362,-0.249352349,-1.211413409,0.090392393,-0.015907601,-0.220800000,-0.000001000,0.657349021,0.987990173,1.136737774,0.472371020,1.931220000,0.183053389,-1.302767070,-0.098394712,1.831194693,1.931220000
-0.003430142,0.003033752,0.859895736,-0.000434904,0.061462650,-0.000035639,0.998109289,-0.047604466,-0.226633925,-1.099388290,0.073979900,-0.015658004,-0.178070215,-0.031710914,-0.249312081,-1.211382779,0.090317022,-0.015886673,-0.220800000,-0.000001000,0.666298637,0.985317314,1.140324159,0.477504024,1.931220000,0.190382240,-1.299367517,-0.101084505,1.829564519,1.931220000
-0.003387372,0.003024285,0.859877165,-0.000427356,0.061682207,-0.000038197,0.998095748,-0.048005988,-0.226603446,-1.099481513,0.073883809,-0.015637241,-0.178072847,-0.032149504,-0.249276534,-1.211351287,0.090241530,-0.015865740,-0.220800000,-0.000001000,0.675368282,0.982627998,1.143969414,0.482655225,1.931220000,0.197554022,-1.295959617,-0.103705173,1.827738000,1.931220000
-0.003508738,0.003099765,0.859852632,-0.000408394,0.063070885,-0.000028245,0.998008966,-0.051212805,-0.226758134,-1.100143850,0.073687972,-0.015621412,-0.178075252,-0.035381289,-0.249422855,-1.211910198,0.090084616,-0.015848940,-0.220800000,-0.000001000,0.688732320,0.980550090,1.150683138,0.487862786,1.931220000,0.200803238,-1.293206971,-0.103150323,1.820301499,1.931220000
-0.003636703,0.003178660,0.859827860,-0.000388972,0.064506439,-0.000017790,0.997917215,-0.054532407,-0.226920267,-1.100829067,0.073488126,-0.015605782,-0.178077649,-0.038725372,-0.249576487,-1.212492846,0.089924427,-0.015832307,-0.220800000,-0.000001000,0.702269010,0.978496762,1.157520227,0.493072612,1.931220000,0.203894753,-1.290480670,-0.102467805,1.812639455,1.931220000
-0.003721993,0.003253471,0.859810246,-0.000399809,0.065745657,-0.000005929,0.997836334,-0.057450232,-0.227150374,-1.101419617,0.073642314,-0.015570010,-0.178082608,-0.041636111,-0.249768569,-1.212976811,0.090033308,-0.015799736,-0.220800000,-0.000000085,0.705623356,0.977646441,1.163970156,0.493742334,1.931220000,0.204522973,-1.287394129,-0.097067558,1.802515947,1.931220000
-0.003805623,0.003328122,0.859792911,-0.000411824,0.066977138,0.000005986,0.997754425,-0.060352421,-0.227383127,-1.102006484,0.073810280,-0.015533456,-0.178087666,-0.044529986,-0.249962148,-1.213456936,0.090152660,-0.015766545,-0.220800000,0.000000865,0.708581427,0.976842939,1.170405016,0.494235365,1.931220000,0.205055328,-1.284293568,-0.091483707,1.792296644,1.931220000
-0.003813280,0.003458922,0.859810175,-0.000396385,0.067669610,0.000105326,0.997707700,-0.062012282,-0.227861582,-1.102376773,0.074193566,-0.015484426,-0.178093648,-0.046116523,-0.250383376,-1.213676079,0.090441532,-0.015723799,-0.220800000,0.000000946,0.708831085,0.977551619,1.174862791,0.492593238,1.931220000,0.199727218,-1.283805593,-0.083872304,1.779204958,1.931220000
-0.003818076,0.003591837,0.859828742,-0.000379912,0.068341751,0.000207959,0.997661875,-0.063625348,-0.228349291,-1.102738905,0.074584964,-0.015434926,-0.178099666,-0.047653815,-0.250813179,-1.213885392,0.090736789,-0.015680692,-0.220800000,0.000000993,0.708978725,0.978317260,1.179246095,0.490870686,1.931220000,0.194178361,-1.283416028,-0.076184530,1.766005077,1.931220000
-0.003688106,0.003882248,0.859878325,-0.000452632,0.068716635,0.000254633,0.997636083,-0.064368409,-0.228903458,-1.102985211,0.075084775,-0.015382586,-0.178104926,-0.048333626,-0.251311605,-1.214051850,0.091122725,-0.015633194,-0.220800000,0.000000997,0.708991549,0.976708867,1.179858672,0.487546672,1.931220000,0.165185278,-1.285483423,-0.068204283,1.740158328,1.929917145
-0.003552709,0.004179002,0.859929158,-0.000528944,0.069079541,0.000299053,0.997610970,-0.065076437,-0.229460301,-1.103226853,0.075588952,-0.015330131,-0.178110157,-0.048978907,-0.251812795,-1.214216582,0.091512312,-0.015585519,-0.220800000,0.000001000,0.708998944,0.975004876,1.180319406,0.484158168,1.931220000,0.135248124,-1.287649758,-0.060212260,1.713802304,1.928561826
-0.003832454,0.004370120,0.860005311,-0.000606491,0.069030802,0.000205023,0.997614323,-0.065478341,-0.230083236,-1.103701892,0.076618858,-0.015229121,-0.178121547,-0.049359728,-0.252326627,-1.214661385,0.092293251,-0.015497332,-0.220800000,0.000000085,0.699278725,0.977847676,1.174126700,0.471678694,1.931217804,0.106004543,-1.288999390,-0.048103021,1.695700118,1.928341525
-0.004128395,0.004557117,0.860082452,-0.000684086,0.068966003,0.000105590,0.997618771,-0.065868301,-0.230708749,-1.104186037,0.077669276,-0.015126216,-0.178133177,-0.049730232,-0.252840953,-1.215117114,0.093089459,-0.015407565,-0.220800000,-0.000000866,0.689178982,0.980867870,1.167674409,0.458844535,1.931215522,0.076788022,-1.290317158,-0.035833149,1.677919956,1.928165508
-0.004132077,0.004493189,0.860094990,-0.000620927,0.068670718,0.000091095,0.997639183,-0.065209870,-0.231023685,-1.104548976,0.078172583,-0.015058055,-0.178143731,-0.049078592,-0.253097996,-1.215318656,0.093493097,-0.015346014,-0.220800000,-0.000000948,0.676594947,0.983977740,1.160190159,0.451744264,1.931217629,0.081889159,-1.290293328,-0.026487832,1.685845524,1.929628516
-0.004124778,0.004419835,0.860105101,-0.000552481,0.068366768,0.000079790,0.997660099,-0.064512049,-0.231326952,-1.104907361,0.078655334,-0.014991199,-0.178154244,-0.048388549,-0.253345372,-1.215510648,0.093881986,-0.015285524,-0.220800000,-0.000000998,0.663917577,0.987090980,1.152667139,0.444859418,1.931219900,0.088279625,-1.290219095,-0.017252393,1.694736867,1.931153102
-0.004242899,0.004152639,0.860040599,-0.000510112,0.068111149,0.000014003,0.997677609,-0.064081177,-0.231048595,-1.105025219,0.078762696,-0.014967111,-0.178159371,-0.048021951,-0.253047294,-1.215502482,0.093966989,-0.015263041,-0.220800000,-0.000001000,0.661306476,0.986474587,1.150109356,0.447438600,1.931219994,0.114126228,-1.287540749,-0.013612385,1.713971041,1.931215844
-0.004366090,0.003877606,0.859973080,-0.000468798,0.067857479,-0.000053988,0.997694913,-0.063661097,-0.230746722,-1.105133352,0.078854881,-0.014944752,-0.178164281,-0.047668430,-0.252727163,-1.215486224,0.094039704,-0.015242095,-0.220800000,-0.000001000,0.659102367,0.985707402,1.147752324,0.450400424,1.931219999,0.140759464,-1.284757116,-0.010198607,1.733623388,1.931219481
-0.004327506,0.003703703,0.859935363,-0.000457010,0.067800292,-0.000035191,0.997698807,-0.063430079,-0.230453997,-1.105228885,0.078736111,-0.014931686,-0.178168150,-0.047459561,-0.252420341,-1.215440104,0.093923646,-0.015228650,-0.220800000,-0.000001000,0.669255878,0.983080336,1.150894251,0.459512292,1.931220000,0.165988263,-1.281281132,-0.005057262,1.747066569,1.931219792
-0.004282615,0.003533743,0.859898808,-0.000446373,0.067750763,-0.000013010,0.997702177,-0.063206431,-0.230161628,-1.105323926,0.078609118,-0.014918982,-0.178171978,-0.047256331,-0.252114038,-1.215392820,0.093800229,-0.015215499,-0.220800000,-0.000001000,0.679891121,0.980380767,1.154250541,0.468863905,1.931220000,0.191162313,-1.277778159,0.000151429,1.760267700,1.931219974
-0.004066183,0.003469796,0.859876088,-0.000455357,0.067750759,-0.000014063,0.997702174,-0.062821626,-0.229935970,-1.105349798,0.078381713,-0.014910009,-0.178175460,-0.046914793,-0.251884149,-1.215288832,0.093597260,-0.015204646,-0.220800000,-0.000001000,0.679634529,0.980282780,1.153365040,0.470087450,1.931220000,0.206964896,-1.276908272,0.006782509,1.763567566,1.931219990
-0.003843306,0.003409833,0.859853889,-0.000465079,0.067752616,-0.000015988,0.997702043,-0.062430766,-0.229712819,-1.105373071,0.078150536,-0.014901175,-0.178178928,-0.046568060,-0.251657131,-1.215182714,0.093391302,-0.015193880,-0.220800000,-0.000001000,0.678968726,0.980282535,1.152320173,0.471005620,1.931220000,0.222415388,-1.276137311,0.013467028,1.766495437,1.931219999
-0.003603648,0.003371774,0.859881566,-0.000533752,0.066933113,0.000062367,0.997757320,-0.060251011,-0.229405569,-1.105032706,0.078026074,-0.014885091,-0.178183223,-0.044359189,-0.251335412,-1.214741523,0.093246558,-0.015177758,-0.220800000,-0.000001000,0.678059068,0.983677650,1.151584856,0.469758768,1.931204895,0.228222512,-1.276589401,0.018351502,1.764553708,1.931219999
-0.003363314,0.003334598,0.859911253,-0.000604800,0.066080459,0.000143958,0.997814104,-0.057999162,-0.229094930,-1.104677687,0.077905913,-0.014868715,-0.178187551,-0.042075272,-0.251009876,-1.214286829,0.093104281,-0.015161420,-0.220800000,-0.000001000,0.677139582,0.987209602,1.150862015,0.468424663,1.931189181,0.233640996,-1.277090783,0.023163432,1.762415728,1.931220000
-0.003278574,0.003365673,0.859928646,-0.000530726,0.065590170,0.000276382,0.997846467,-0.056721612,-0.229169557,-1.104547312,0.077546427,-0.014864075,-0.178191003,-0.040771240,-0.251094190,-1.214002722,0.092807235,-0.015155184,-0.220800000,-0.000001000,0.679769325,0.988821043,1.150742296,0.469701134,1.931202958,0.234315981,-1.276810271,0.027056365,1.757641637,1.931220000
-0.003199919,0.003399417,0.859945559,-0.000450976,0.065114039,0.000410794,0.997877643,-0.055482169,-0.229259253,-1.104425724,0.077177580,-0.014859893,-0.178194422,-0.039505534,-0.251194535,-1.213725287,0.092504136,-0.015149343,-0.220800000,-0.000001000,0.682537885,0.990357368,1.150646166,0.471079709,1.931217889,0.234805436,-1.276499177,0.030913354,1.752764442,1.931220000
-0.003035293,0.003456722,0.859961612,-0.000394444,0.063859172,0.000202030,0.997958822,-0.052337634,-0.229337267,-1.103909966,0.077044681,-0.014843864,-0.178198727,-0.036579350,-0.251308899,-1.213052095,0.092464719,-0.015129254,-0.220800000,-0.000000086,0.691661421,0.989688889,1.152776069,0.475603038,1.931219148,0.229189230,-1.276999464,0.035090350,1.747940076,1.931220000
-0.002867438,0.003514912,0.859977632,-0.000338783,0.062574940,-0.000019627,0.998040210,-0.049121524,-0.229414842,-1.103379398,0.076920647,-0.014827389,-0.178203066,-0.033590781,-0.251423789,-1.212364035,0.092435208,-0.015108629,-0.220800000,0.000000863,0.701023716,0.988937575,1.154989605,0.480244515,1.931219893,0.223343631,-1.277530236,0.039279369,1.743117695,1.931220000
-0.003039820,0.003423964,0.860052960,-0.000290032,0.062080131,-0.000053365,0.998071125,-0.048094496,-0.229203162,-1.103487544,0.076490782,-0.014823359,-0.178207666,-0.032680456,-0.251246480,-1.212281195,0.092141713,-0.015098127,-0.220800000,0.000000946,0.704864807,0.983769265,1.170840715,0.489195369,1.931219957,0.227785859,-1.274887727,0.043353149,1.746224246,1.931220000
-0.003225881,0.003327020,0.860130673,-0.000241558,0.061617047,-0.000079547,0.998099832,-0.047155478,-0.228979853,-1.103621369,0.076048621,-0.014819829,-0.178212276,-0.031853685,-0.251057424,-1.212222686,0.091837604,-0.015088031,-0.220800000,0.000000993,0.708483923,0.978423374,1.187240109,0.498319476,1.931219995,0.232641698,-1.272117641,0.047422296,1.749649572,1.931220000
-0.003144298,0.003331929,0.860105999,-0.000258145,0.061673418,-0.000218837,0.998096325,-0.046974545,-0.228775094,-1.103850931,0.075657758,-0.014817791,-0.178216564,-0.031841185,-0.250891432,-1.212306991,0.091581311,-0.015078117,-0.220800000,0.000000997,0.708793461,0.976754363,1.193123413,0.498891954,1.931219998,0.238139892,-1.272891793,0.049964800,1.750954016,1.931220000
-0.003052317,0.003340795,0.860077346,-0.000277259,0.061749970,-0.000362521,0.998091545,-0.046823065,-0.228571055,-1.104084213,0.075268887,-0.014815812,-0.178220840,-0.031860321,-0.250726337,-1.212396844,0.091326876,-0.015068210,-0.220800000,0.000001000,0.708974412,0.975228211,1.198598134,0.499132174,1.931220000,0.243663044,-1.273803649,0.052447988,1.752176057,1.931220000
-0.003109374,0.003355635,0.860096278,-0.000299395,0.062058444,-0.000331558,0.998072417,-0.047480597,-0.228457197,-1.104501580,0.074972096,-0.014805619,-0.178227050,-0.032545892,-0.250623156,-1.212683078,0.091106015,-0.015053807,-0.220800000,0.000001000,0.708989668,0.971368203,1.207140203,0.502021516,1.931220000,0.245009092,-1.273500567,0.055322117,1.749770079,1.931220000
-0.003172030,0.003370700,0.860116997,-0.000321645,0.062375625,-0.000294033,0.998052650,-0.048168523,-0.228346728,-1.104925863,0.074678764,-0.014795116,-0.178233333,-0.033256501,-0.250522301,-1.212976689,0.090886415,-0.015039235,-0.220800000,0.000001000,0.708998699,0.967420511,1.215797513,0.505010387,1.931220000,0.246198204,-1.273151839,0.058210934,1.747227794,1.931220000
-0.003281761,0.003369702,0.860126653,-0.000321142,0.062781042,-0.000221682,0.998027248,-0.049164615,-0.228343664,-1.105416402,0.074530792,-0.014777004,-0.178240236,-0.034233752,-0.250501861,-1.213334284,0.090751322,-0.015020896,-0.220800000,0.000001000,0.708999483,0.962248561,1.228566500,0.509575008,1.931220000,0.246276652,-1.267898769,0.066000144,1.743927096,1.931220000
-0.003393387,0.003368056,0.860135862,-0.000319723,0.063190002,-0.000147929,0.998001453,-0.050173117,-0.228344925,-1.105909609,0.074388673,-0.014758586,-0.178247164,-0.035221740,-0.250484658,-1.213694454,0.090619632,-0.015002405,-0.220800000,0.000001000,0.708999935,0.957027311,1.241501058,0.514203083,1.931220000,0.246310375,-1.262448207,0.073986688,1.740595856,1.931220000
-0.003333208,0.003415644,0.860098343,-0.000361502,0.063536397,-0.000118842,0.997979449,-0.050837354,-0.228380359,-1.106241287,0.074431803,-0.014732953,-0.178252462,-0.035871781,-0.250499440,-1.213930157,0.090644435,-0.014977211,-0.220800000,0.000001000,0.708999974,0.955258998,1.244376679,0.513366150,1.931220000,0.245157805,-1.259914045,0.085253748,1.735597692,1.931220000
-0.003266330,0.003465152,0.860059002,-0.000404965,0.063880346,-0.000091496,0.997957479,-0.051488170,-0.228417126,-1.106566667,0.074482155,-0.014707040,-0.178257696,-0.036508649,-0.250515469,-1.214161007,0.090675338,-0.014951756,-0.220800000,0.000001000,0.708999997,0.953625289,1.246860177,0.512316177,1.931220000,0.243958991,-1.257493573,0.096648691,1.730534547,1.931220000
-0.002936690,0.003568534,0.860031360,-0.000469388,0.063031800,0.000027768,0.998011408,-0.049222029,-0.228534820,-1.106177939,0.074768622,-0.014669661,-0.178261930,-0.034154493,-0.250622675,-1.213685603,0.090925815,-0.014915909,-0.220800000,0.000001000,0.707051007,0.955454808,1.236287012,0.505620405,1.931220000,0.232702617,-1.258477081,0.107133257,1.721683779,1.931220000
-0.002596121,0.003674158,0.860004206,-0.000534682,0.062133607,0.000150855,0.998067686,-0.046834569,-0.228655880,-1.105759510,0.075064910,-0.014631806,-0.178266123,-0.031675939,-0.250733673,-1.213180824,0.091185424,-0.014879630,-0.220800000,0.000001000,0.705020957,0.957428366,1.225170811,0.498689820,1.931220000,0.221027941,-1.259602162,0.117579960,1.712675482,1.931220000
-0.002540287,0.003669004,0.860050989,-0.000542455,0.060695933,0.000169516,0.998156140,-0.043451884,-0.228495237,-1.105350810,0.074857486,-0.014595549,-0.178272037,-0.028326568,-0.250596842,-1.212680995,0.091042473,-0.014840538,-0.220800000,0.000000041,0.704409797,0.956306644,1.213178435,0.494580056,1.931220000,0.213983143,-1.259486131,0.134533969,1.715462695,1.931220000
-0.002495900,0.003659397,0.860100744,-0.000547915,0.059236444,0.000183978,0.998243813,-0.040029186,-0.228323268,-1.104942501,0.074629812,-0.014559356,-0.178278020,-0.024942187,-0.250450048,-1.212181364,0.090883337,-0.014801332,-0.220800000,-0.000000958,0.703855682,0.955060480,1.201150832,0.490583701,1.931220000,0.207124484,-1.259320201,0.151749597,1.718724134,1.931220000
-0.002519527,0.003737940,0.860173389,-0.000552524,0.058836754,0.000198987,0.998267445,-0.038998164,-0.228334662,-1.105288509,0.074308292,-0.014525681,-0.178289360,-0.023929558,-0.250473806,-1.212507089,0.090621141,-0.014766093,-0.220800000,-0.000000997,0.698400810,0.957149897,1.193955351,0.484114834,1.931220000,0.191278593,-1.262864232,0.161226742,1.716177577,1.931211877
-0.002545804,0.003819918,0.860246927,-0.000557100,0.058478374,0.000214017,0.998288497,-0.038060376,-0.228353203,-1.105663922,0.073983113,-0.014492105,-0.178300909,-0.023009386,-0.250504214,-1.212864989,0.090354928,-0.014731009,-0.220800000,-0.000001000,0.692754893,0.959369344,1.186948238,0.477549582,1.931220000,0.175082356,-1.266552886,0.170402221,1.713404610,1.931203437
-0.002652217,0.003854319,0.860261944,-0.000579221,0.059182679,0.000202738,0.998246980,-0.039667033,-0.228349060,-1.106314580,0.073815390,-0.014475713,-0.178306959,-0.024618196,-0.250493978,-1.213547897,0.090199902,-0.014714497,-0.220800000,-0.000001000,0.690629048,0.960888890,1.184711385,0.472217189,1.931168327,0.169211111,-1.267536840,0.174470758,1.712552996,1.931210812
-0.002761961,0.003886743,0.860274529,-0.000602071,0.059931116,0.000190365,0.998202315,-0.041379432,-0.228343974,-1.106976677,0.073654210,-0.014460035,-0.178312781,-0.026332106,-0.250482054,-1.214244312,0.090049496,-0.014698757,-0.220800000,-0.000001000,0.688649490,0.962379349,1.182672776,0.466936031,1.931114506,0.163768954,-1.268408392,0.178327060,1.711781229,1.931218845
-0.002941248,0.003853754,0.860263610,-0.000614867,0.060730451,0.000160602,0.998154000,-0.043350651,-0.228333089,-1.107668816,0.073662461,-0.014436163,-0.178320050,-0.028297986,-0.250442569,-1.214973636,0.090013625,-0.014678511,-0.220800000,-0.000001000,0.689203396,0.965489021,1.182702077,0.463999201,1.930938551,0.166435632,-1.268088668,0.181775664,1.716254681,1.931219541
-0.003123332,0.003818134,0.860251745,-0.000627257,0.061531796,0.000130140,0.998104918,-0.045332277,-0.228321970,-1.108362162,0.073677523,-0.014411961,-0.178327376,-0.030273996,-0.250401976,-1.215704282,0.089982358,-0.014658084,-0.220800000,-0.000001000,0.689859157,0.968663791,1.182814517,0.461156622,1.930757686,0.169428317,-1.267721050,0.185207877,1.720939011,1.931219943
-0.003193788,0.003773480,0.860245348,-0.000621879,0.062092534,0.000103002,0.998070198,-0.046643043,-0.228369646,-1.108905907,0.073796008,-0.014382897,-0.178334754,-0.031575408,-0.250410420,-1.216265510,0.090028266,-0.014634586,-0.220800000,-0.000001000,0.690286334,0.974312239,1.184230512,0.460241164,1.930382268,0.174954589,-1.269120235,0.187669976,1.726103588,1.931219977
-0.003259863,0.003728471,0.860239165,-0.000615802,0.062643812,0.000075995,0.998035755,-0.047927484,-0.228419630,-1.109443781,0.073918551,-0.014353643,-0.178342134,-0.032850348,-0.250420787,-1.216820090,0.090077201,-0.014610967,-0.220800000,-0.000001000,0.690704541,0.980057759,1.185697662,0.459401331,1.929999215,0.180580284,-1.270588753,0.190094005,1.731287011,1.931219997
-0.003248142,0.003680783,0.860256995,-0.000755987,0.062943704,0.000221073,0.998016768,-0.048615384,-0.228166086,-1.109866540,0.074124863,-0.014321166,-0.178348603,-0.033364390,-0.250100320,-1.217337550,0.090130409,-0.014586680,-0.220800000,-0.000001000,0.693360847,0.989656474,1.189235545,0.456522688,1.929238911,0.179830986,-1.272874647,0.190187612,1.730427183,1.931219999
-0.003233166,0.003632982,0.860275830,-0.000902293,0.063233067,0.000373354,0.997998309,-0.049278318,-0.227899840,-1.110284480,0.074334681,-0.014288555,-0.178355034,-0.033846588,-0.249766006,-1.217853457,0.090183795,-0.014562365,-0.220800000,-0.000001000,0.696110820,0.999416449,1.192860091,0.453558720,1.928462819,0.178814887,-1.275194749,0.190183688,1.729314437,1.931220000
-0.003273665,0.003655609,0.860287889,-0.000913804,0.063294224,0.000404656,0.997994410,-0.049462433,-0.228001421,-1.110573790,0.074465468,-0.014260438,-0.178361805,-0.033948669,-0.249809908,-1.218259021,0.090174670,-0.014544851,-0.220800000,-0.000000086,0.702057143,1.006033876,1.201554238,0.453796430,1.928006582,0.170143028,-1.276661337,0.191246562,1.724400833,1.931220000
-0.003316415,0.003681094,0.860299673,-0.000919847,0.063346124,0.000431052,0.997991100,-0.049627127,-0.228117921,-1.110857882,0.074593049,-0.014232503,-0.178368590,-0.034035333,-0.249869150,-1.218660109,0.090163010,-0.014527613,-0.220800000,0.000000864,0.708133113,1.012523839,1.210454012,0.454164004,1.927563320,0.161160643,-1.278093307,0.192352706,1.719333061,1.931220000
-0.003468410,0.003665768,0.860260401,-0.000895141,0.063231780,0.000354262,0.997998404,-0.049442554,-0.228493478,-1.111960348,0.075111169,-0.014089789,-0.178399659,-0.033720656,-0.250184712,-1.220248900,0.090477660,-0.014409565,-0.220800000,-0.000000013,0.708668091,1.019827134,1.219656188,0.452995374,1.928137084,0.140885711,-1.279045539,0.195671529,1.727573570,1.931220000
-0.003624661,0.003648852,0.860219141,-0.000869237,0.063110958,0.000273452,0.998006100,-0.049244377,-0.228879125,-1.113094690,0.075644501,-0.013942604,-0.178431673,-0.033390347,-0.250510257,-1.221883952,0.090805020,-0.014287590,-0.220800000,-0.000000962,0.708987247,1.027162110,1.228870142,0.451766908,1.928750462,0.120170932,-1.279979086,0.199076536,1.736332441,1.931220000
-0.003746099,0.003616623,0.860237183,-0.000805943,0.063071423,0.000230587,0.998008664,-0.048991358,-0.229200097,-1.114736345,0.075758443,-0.013807303,-0.178472127,-0.033104515,-0.250833187,-1.223712512,0.090941260,-0.014163253,-0.220800000,-0.000001000,0.709000000,1.028502849,1.243543049,0.453974105,1.929947972,0.105879701,-1.280570519,0.199098312,1.753131167,1.931220000
-0.003866088,0.003583757,0.860257693,-0.000741093,0.063035271,0.000189300,0.998011007,-0.048736057,-0.229518378,-1.116399116,0.075854928,-0.013672496,-0.178512933,-0.032820534,-0.251156008,-1.225549125,0.091069544,-0.014038818,-0.220800000,-0.000001000,0.709000000,1.029594089,1.258443176,0.456324304,1.931169796,0.091855838,-1.281147712,0.198979266,1.770264538,1.931220000
-0.003955699,0.003534565,0.860262738,-0.000687201,0.062987819,0.000156017,0.998014047,-0.048342938,-0.229776205,-1.118307101,0.075878572,-0.013535083,-0.178559060,-0.032468315,-0.251390799,-1.227307343,0.091137556,-0.013906379,-0.220800000,-0.000001000,0.709000000,1.030397111,1.269271532,0.458579758,1.931218624,0.082231506,-1.282302775,0.192086161,1.785970786,1.931220000
-0.004044079,0.003484712,0.860267158,-0.000633754,0.062939908,0.000123058,0.998017110,-0.047944239,-0.230031584,-1.120225017,0.075899266,-0.013397564,-0.178605401,-0.032113332,-0.251622025,-1.229062385,0.091203128,-0.013773615,-0.220800000,-0.000001000,0.709000000,1.031188463,1.279934996,0.460831374,1.931219950,0.072785337,-1.283481239,0.184918734,1.801619241,1.931220000
-0.004107614,0.003481052,0.860271217,-0.000605550,0.062782087,0.000096487,0.998027071,-0.047383186,-0.230258282,-1.121586420,0.075956356,-0.013297509,-0.178638380,-0.031614827,-0.251817701,-1.230163391,0.091287232,-0.013674157,-0.220800000,-0.000001000,0.709000000,1.032074699,1.287673718,0.461321942,1.931220000,0.060243045,-1.285025431,0.180651952,1.809853932,1.931220000
-0.004170175,0.003479202,0.860275263,-0.000578335,0.062619958,0.000070166,0.998037275,-0.046815773,-0.230483857,-1.122926020,0.076014871,-0.013198922,-0.178670834,-0.031110699,-0.252011984,-1.231238774,0.091372063,-0.013576005,-0.220800000,-0.000001000,0.709000000,1.032964652,1.295297857,0.461743517,1.931220000,0.047579456,-1.286583950,0.176498808,1.817798175,1.931220000
-0.004114277,0.003300273,0.860320619,-0.000242245,0.061476547,0.000130878,0.998108490,-0.044040741,-0.230915009,-1.122922517,0.075781777,-0.013200104,-0.178676666,-0.028478888,-0.252469938,-1.230670406,0.091309355,-0.013563618,-0.220797730,-0.000000521,0.709000000,1.019462520,1.321363555,0.476996670,1.931220000,0.083461999,-1.282500492,0.171448017,1.836955970,1.931220000
-0.004053448,0.003113972,0.860367694,0.000106704,0.060292196,0.000195212,0.998180746,-0.041173822,-0.231354718,-1.122863108,0.075536545,-0.013205438,-0.178681389,-0.025758516,-0.252938866,-1.230033620,0.091240505,-0.013554800,-0.220795366,-0.000000022,0.709000000,1.005361342,1.348196851,0.492867163,1.931220000,0.121365190,-1.278182197,0.166359862,1.856580510,1.931220000
-0.003992620,0.002927672,0.860414769,0.000455652,0.059107753,0.000259546,0.998251471,-0.038306902,-0.231794427,-1.122803700,0.075291313,-0.013210773,-0.178686112,-0.023038143,-0.253407794,-1.229396834,0.091171656,-0.013545983,-0.220793002,0.000000477,0.709000000,0.991260164,1.375030147,0.508737655,1.931220000,0.159268382,-1.273863901,0.161271708,1.876205049,1.931220000
-0.003931791,0.002741372,0.860461844,0.000804598,0.057923222,0.000323879,0.998320664,-0.035439982,-0.232234136,-1.122744292,0.075046081,-0.013216107,-0.178690835,-0.020317771,-0.253876723,-1.228760048,0.091102807,-0.013537166,-0.220790638,0.000000976,0.709000000,0.977158987,1.401863443,0.524608147,1.931220000,0.197171574,-1.269545605,0.156183553,1.895829589,1.931220000
-0.003362911,0.002972606,0.860397714,0.000649492,0.057005826,0.000299732,0.998373589,-0.030272159,-0.232741522,-1.131872709,0.074152137,-0.012931963,-0.178855253,-0.017126840,-0.253734194,-1.229290730,0.090694689,-0.013164132,-0.220795091,0.000000997,0.709000000,0.967593071,1.443912418,0.527730776,1.931220000,0.256537884,-1.272301434,0.056829935,1.835432414,1.931220000
-0.002774243,0.003220103,0.860329252,0.000474752,0.056098788,0.000272139,0.998425073,-0.025014715,-0.233251544,-1.141358994,0.073232926,-0.012636544,-0.179025892,-0.013917580,-0.253567850,-1.229866885,0.090273357,-0.012776911,-0.220799810,0.000001000,0.709000000,0.958203804,1.486554047,0.530356873,1.931220000,0.316740188,-1.275332802,-0.046195345,1.771918374,1.931220000
-0.002826161,0.003188356,0.860299982,0.000372500,0.056212458,0.000256578,0.998418727,-0.025192732,-0.233040581,-1.142132620,0.073259678,-0.012605394,-0.179038388,-0.014228471,-0.253276971,-1.230010649,0.090264719,-0.012742785,-0.220800000,0.000001000,0.709000000,0.954649676,1.488245070,0.526404823,1.931220000,0.319125076,-1.273188660,-0.048202678,1.769065150,1.931220000
-0.002904950,0.003144896,0.860272356,0.000273289,0.056368945,0.000241520,0.998409940,-0.025598759,-0.232799373,-1.142540760,0.073326113,-0.012585330,-0.179044251,-0.014687028,-0.252980868,-1.230136275,0.090273392,-0.012723470,-0.220800000,0.000001000,0.709000000,0.951340324,1.488218262,0.522176828,1.931220000,0.319084589,-1.270827410,-0.045972423,1.768756579,1.931220000
-0.002838440,0.003249106,0.860299302,0.000191463,0.056145007,0.000241472,0.998422577,-0.024970421,-0.232841023,-1.142714353,0.073448165,-0.012560097,-0.179051032,-0.014085175,-0.252965258,-1.230102413,0.090313017,-0.012700957,-0.220800000,0.000001000,0.709000000,0.947165912,1.485710426,0.516868622,1.931220000,0.308317804,-1.271733651,-0.042471007,1.761687165,1.931134086
-0.002766098,0.003359244,0.860328438,0.000110334,0.055905796,0.000242025,0.998436013,-0.024300564,-0.232894027,-1.142878530,0.073572449,-0.012534656,-0.179057850,-0.013440759,-0.252960905,-1.230062149,0.090353885,-0.012678316,-0.220800000,0.000001000,0.709000000,0.942956777,1.483103004,0.511517057,1.931220000,0.297120477,-1.272771045,-0.038918568,1.754346379,1.931044724
-0.002699960,0.003395323,0.860348214,0.000014735,0.055248674,0.000241406,0.998472596,-0.022641521,-0.232753547,-1.143058396,0.073605272,-0.012497562,-0.179067712,-0.011810632,-0.252754886,-1.230021320,0.090292168,-0.012645292,-0.220800000,0.000001000,0.709000000,0.942794089,1.474745601,0.510983019,1.931220000,0.288407664,-1.271819557,-0.033481556,1.753761640,1.931127025
-0.002634064,0.003428525,0.860367627,-0.000081425,0.054575290,0.000240740,0.998509626,-0.020944046,-0.232605550,-1.143238872,0.073634542,-0.012460014,-0.179077694,-0.010142207,-0.252541030,-1.229980468,0.090226465,-0.012611866,-0.220800000,0.000001000,0.709000000,0.942788617,1.466164793,0.510636156,1.931220000,0.279791382,-1.270790794,-0.027971323,1.753439395,1.931215996
-0.002373458,0.003423336,0.860333409,-0.000372293,0.053910468,0.000539136,0.998545558,-0.019207278,-0.231978953,-1.143007988,0.073779509,-0.012436920,-0.179080142,-0.008125457,-0.251863766,-1.229842335,0.090233271,-0.012592962,-0.220800000,0.000001000,0.709000000,0.946146631,1.454952482,0.509271866,1.931220000,0.268366824,-1.270314777,-0.024101970,1.748228812,1.931041068
-0.002104742,0.003416548,0.860296957,-0.000671272,0.053245970,0.000849990,0.998580840,-0.017468872,-0.231332419,-1.142759970,0.073929294,-0.012414427,-0.179082277,-0.006094197,-0.251167198,-1.229700149,0.090243097,-0.012574664,-0.220800000,0.000001000,0.709000000,0.949644752,1.443630553,0.507865194,1.931220000,0.256825286,-1.269861785,-0.020300970,1.742814601,1.930855147
-0.002124122,0.003380429,0.860327133,-0.000684302,0.052385441,0.000692678,0.998626465,-0.015400844,-0.230961486,-1.142489751,0.073430882,-0.012405298,-0.179088844,-0.004068929,-0.250795093,-1.229797279,0.089685143,-0.012570649,-0.220800000,0.000001000,0.709000000,0.950887936,1.431953770,0.507372017,1.931220000,0.242525315,-1.268714596,-0.007631404,1.746618949,1.931026114
-0.002155074,0.003343132,0.860359984,-0.000685845,0.051516997,0.000516559,0.998671749,-0.013319574,-0.230601624,-1.142218641,0.072906432,-0.012396705,-0.179095588,-0.002043901,-0.250436022,-1.229904023,0.089104381,-0.012567207,-0.220800000,0.000001000,0.709000000,0.952040534,1.420262732,0.506915537,1.931220000,0.228114535,-1.267539520,0.005394426,1.750793620,1.931211417
-0.002115681,0.003357790,0.860383132,-0.000637584,0.051010084,0.000437987,0.998697839,-0.012046989,-0.230622152,-1.142095369,0.072697248,-0.012387272,-0.179101094,-0.000810768,-0.250478458,-1.229927526,0.088918047,-0.012558897,-0.220800000,0.000001000,0.709000000,0.950671609,1.418712494,0.507926009,1.931220000,0.221246812,-1.268848417,0.011479446,1.754162064,1.931219494
-0.002073257,0.003374686,0.860405861,-0.000587177,0.050518733,0.000363617,0.998722875,-0.010809241,-0.230659067,-1.141978466,0.072501646,-0.012377803,-0.179106546,0.000388250,-0.250538191,-1.229947443,0.088748704,-0.012550378,-0.220800000,0.000001000,0.709000000,0.949194058,1.417599114,0.508999677,1.931220000,0.214704039,-1.270264321,0.017265463,1.757495776,1.931219936
-0.002121400,0.003456150,0.860426789,-0.000562172,0.050252246,0.000295994,0.998736356,-0.010135500,-0.230749588,-1.142200758,0.072246359,-0.012354103,-0.179115730,0.001039984,-0.250694008,-1.230405853,0.088604200,-0.012523944,-0.220800000,0.000001000,0.709000000,0.947351838,1.415914089,0.507917801,1.931220000,0.193991505,-1.273701913,0.028250170,1.760110326,1.931190052
-0.002173307,0.003540296,0.860447643,-0.000538223,0.049995100,0.000228651,0.998749292,-0.009485198,-0.230842337,-1.142437147,0.071988592,-0.012329811,-0.179125070,0.001668974,-0.250853817,-1.230882486,0.088460727,-0.012496765,-0.220800000,0.000001000,0.709000000,0.945494463,1.414205307,0.506746346,1.931220000,0.172690103,-1.277223523,0.039450925,1.762694990,1.931158909
-0.002293974,0.003672036,0.860468200,-0.000525911,0.049848611,0.000171602,0.998756632,-0.009230512,-0.231202459,-1.142946505,0.072148509,-0.012266947,-0.179140849,0.001953702,-0.251279410,-1.231716160,0.088709239,-0.012434299,-0.220800000,0.000001000,0.709000000,0.943931876,1.405206465,0.502384983,1.931220000,0.132819327,-1.281274514,0.056074839,1.766581254,1.931134913
-0.002417412,0.003805695,0.860488745,-0.000514068,0.049706580,0.000114968,0.998763725,-0.008991770,-0.231573357,-1.143466864,0.072325260,-0.012202527,-0.179156887,0.002224556,-0.251715714,-1.232564223,0.088973548,-0.012370411,-0.220800000,0.000001000,0.709000000,0.942381168,1.395913824,0.497895063,1.931220000,0.092200181,-1.285346839,0.072917314,1.770519975,1.931111205
-0.002297815,0.003820614,0.860472127,-0.000577844,0.049452653,0.000261594,0.998776268,-0.008296589,-0.231517762,-1.143484107,0.072442918,-0.012178161,-0.179161324,0.003068776,-0.251664961,-1.232713334,0.089073176,-0.012348144,-0.220800000,0.000001000,0.709000000,0.943756607,1.388762059,0.494990336,1.931220000,0.078973467,-1.285637214,0.079529858,1.771860789,1.931160256
-0.002167796,0.003830440,0.860453915,-0.000644863,0.049193923,0.000416938,0.998788951,-0.007581835,-0.231443877,-1.143479775,0.072558042,-0.012155513,-0.179165264,0.003937583,-0.251593322,-1.232832471,0.089165741,-0.012327663,-0.220800000,0.000001000,0.709000000,0.945257529,1.381702102,0.492153589,1.931220000,0.066921433,-1.285765406,0.085703708,1.773090196,1.931212428
-0.002294094,0.003690972,0.860453504,-0.000612221,0.048924548,0.000387953,0.998802214,-0.007116612,-0.231274365,-1.143541206,0.072502475,-0.012140801,-0.179170199,0.004410542,-0.251424852,-1.233010988,0.089093955,-0.012316258,-0.220800000,0.000000087,0.709000000,0.944573901,1.379475077,0.493246662,1.931220000,0.071934288,-1.286007420,0.089251242,1.787627739,1.931217016
-0.002431051,0.003545294,0.860453833,-0.000575434,0.048654726,0.000351301,0.998815430,-0.006661767,-0.231100876,-1.143605373,0.072439808,-0.012126418,-0.179175176,0.004867037,-0.251252355,-1.233191975,0.089015333,-0.012305231,-0.220800000,-0.000000863,0.709000000,0.943799415,1.377449057,0.494503180,1.931220000,0.077656885,-1.286254168,0.092689546,1.802718778,1.931219625
-0.002427216,0.003413928,0.860417384,-0.000527434,0.048545467,0.000282055,0.998820795,-0.006336302,-0.230917987,-1.143641494,0.072262059,-0.012119695,-0.179178673,0.005148865,-0.251092749,-1.233304027,0.088876720,-0.012298353,-0.220800000,-0.000000946,0.709000000,0.942947313,1.373677697,0.495985702,1.931220000,0.090809908,-1.285808016,0.095147015,1.818729026,1.931219851
-0.002417711,0.003283138,0.860379455,-0.000478981,0.048442672,0.000211496,0.998825827,-0.006016048,-0.230734719,-1.143676485,0.072079675,-0.012113280,-0.179182111,0.005423659,-0.250933662,-1.233413303,0.088735691,-0.012291643,-0.220800000,-0.000000993,0.709000000,0.942092085,1.369836054,0.497477325,1.931220000,0.104262146,-1.285333962,0.097564988,1.834776290,1.931219981
-0.002371129,0.003180875,0.860357583,-0.000452636,0.048492574,0.000161146,0.998823428,-0.005976479,-0.230518161,-1.143746992,0.071826312,-0.012109938,-0.179185327,0.005418720,-0.250748828,-1.233536304,0.088549075,-0.012286005,-0.220800000,-0.000000997,0.709000000,0.941240950,1.365729152,0.499129491,1.931220000,0.117900550,-1.284143684,0.099782343,1.846443648,1.931219993
-0.002322944,0.003079843,0.860336405,-0.000427247,0.048549073,0.000111669,0.998820701,-0.005949038,-0.230300164,-1.143819034,0.071569881,-0.012106729,-0.179188533,0.005401693,-0.250562881,-1.233659897,0.088360489,-0.012280413,-0.220800000,-0.000001000,0.709000000,0.940389991,1.361610789,0.500788594,1.931220000,0.131546998,-1.282922459,0.101991030,1.857921752,1.931219999
-0.002107013,0.003128737,0.860276354,-0.000431925,0.048969088,-0.000204870,0.998800180,-0.006414046,-0.230217531,-1.143876817,0.071316150,-0.012105614,-0.179189300,0.004704313,-0.250545895,-1.233818078,0.088235736,-0.012272298,-0.220800000,-0.000001000,0.709000000,0.943275163,1.344691213,0.496444398,1.931220000,0.133467191,-1.283361093,0.105174178,1.857543237,1.931220000
-0.001884116,0.003183857,0.860214690,-0.000437851,0.049404185,-0.000532499,0.998778630,-0.006899503,-0.230140519,-1.143934009,0.071062531,-0.012104586,-0.179189965,0.003978682,-0.250535925,-1.233977695,0.088113634,-0.012264078,-0.220800000,-0.000001000,0.709000000,0.946315481,1.327240059,0.491850911,1.931220000,0.134900444,-1.283868654,0.108397791,1.856672368,1.931220000
-0.001846858,0.003209247,0.860189940,-0.000430602,0.050000168,-0.000583634,0.998748946,-0.008127767,-0.230125347,-1.144110787,0.070878713,-0.012098228,-0.179192193,0.002703120,-0.250578704,-1.234214728,0.088052710,-0.012251495,-0.220800000,-0.000001000,0.709000000,0.947418180,1.310191949,0.489641792,1.931220000,0.131882525,-1.279441671,0.114109505,1.850763168,1.931220000
-0.001817068,0.003233441,0.860166676,-0.000422822,0.050602607,-0.000623645,0.998718583,-0.009385919,-0.230112662,-1.144292377,0.070697704,-0.012091655,-0.179194485,0.001405431,-0.250623605,-1.234454877,0.087994247,-0.012238737,-0.220800000,-0.000001000,0.709000000,0.948442916,1.293160056,0.487528611,1.931220000,0.128685507,-1.274816140,0.119921331,1.844651243,1.931220000
-0.001869535,0.003205173,0.860169078,-0.000430745,0.051127386,-0.000604835,0.998691864,-0.010637769,-0.230042033,-1.144483209,0.070639883,-0.012077189,-0.179197950,0.000172424,-0.250577728,-1.234701669,0.087986344,-0.012221989,-0.220800000,-0.000001000,0.707136391,0.948974578,1.277915115,0.486048474,1.931220000,0.132416665,-1.271187754,0.126565335,1.842804212,1.931220000
-0.001925564,0.003174633,0.860172591,-0.000439349,0.051648787,-0.000583478,0.998665044,-0.011889347,-0.229968894,-1.144674441,0.070587396,-0.012062381,-0.179201466,-0.001057781,-0.250527920,-1.234948748,0.087980631,-0.012205069,-0.220800000,-0.000001000,0.705192072,0.949484887,1.262747562,0.484595753,1.931220000,0.136447867,-1.267602552,0.133245379,1.841141883,1.931220000
-0.001940108,0.003148809,0.860172094,-0.000426373,0.052044569,-0.000526068,0.998644534,-0.012825649,-0.229981244,-1.144801313,0.070595130,-0.012044191,-0.179205124,-0.001943998,-0.250543245,-1.235109172,0.087991318,-0.012187681,-0.220800000,-0.000001000,0.703401274,0.949533482,1.251332374,0.484316489,1.931220000,0.141761526,-1.261024617,0.143548319,1.838434479,1.931220000
-0.001952931,0.003123181,0.860171429,-0.000412501,0.052435131,-0.000467162,0.998624138,-0.013748869,-0.229997142,-1.144925514,0.070605362,-0.012025861,-0.179208788,-0.002815941,-0.250561272,-1.235265999,0.088002686,-0.012170275,-0.220800000,-0.000001000,0.701616846,0.949562918,1.240072884,0.484085914,1.931220000,0.147128397,-1.254322504,0.154001584,1.835683712,1.931220000
-0.001963555,0.003064742,0.860190907,-0.000413097,0.052720825,-0.000424654,0.998609115,-0.014420171,-0.229927278,-1.145050594,0.070622959,-0.012006515,-0.179212976,-0.003442371,-0.250475836,-1.235424556,0.087984275,-0.012153698,-0.220800000,-0.000001000,0.695691392,0.949586731,1.229539026,0.482884545,1.931220000,0.157993396,-1.250587616,0.164561115,1.836086582,1.931220000
-0.001974089,0.003004974,0.860211201,-0.000414279,0.053002269,-0.000382811,0.998594233,-0.015081271,-0.229853942,-1.145175710,0.070640854,-0.011987128,-0.179217186,-0.004058859,-0.250386209,-1.235583183,0.087964658,-0.012137156,-0.220800000,-0.000001000,0.689598242,0.949610316,1.219034554,0.481643862,1.931220000,0.169081048,-1.246972888,0.175124950,1.836617162,1.931220000
-0.001960477,0.002973031,0.860236618,-0.000405043,0.053209761,-0.000328173,0.998583221,-0.015530215,-0.229841308,-1.145310804,0.070632967,-0.011968587,-0.179221902,-0.004455913,-0.250349330,-1.235740933,0.087905579,-0.012122509,-0.220800000,-0.000001000,0.686857965,0.948096710,1.211386573,0.482899933,1.931220000,0.178841392,-1.244621088,0.185808963,1.835587926,1.931220000
-0.001945815,0.002942298,0.860262258,-0.000395355,0.053414035,-0.000272980,0.998572336,-0.015969936,-0.229831314,-1.145446332,0.070623959,-0.011950083,-0.179226640,-0.004843427,-0.250314743,-1.235898644,0.087844785,-0.012107944,-0.220800000,-0.000001000,0.684263441,0.946516281,1.203862765,0.484264540,1.931220000,0.188544036,-1.242324188,0.196498200,1.834490884,1.931220000
-0.001916717,0.002898884,0.860268900,-0.000383224,0.053569169,-0.000234441,0.998564040,-0.016265099,-0.229795253,-1.145575472,0.070594594,-0.011933590,-0.179230881,-0.005102380,-0.250256684,-1.236036846,0.087772019,-0.012094985,-0.220800000,-0.000001000,0.679685431,0.945924803,1.197079875,0.484043942,1.931220000,0.199661013,-1.239492925,0.208366728,1.833819000,1.931220000
-0.001887021,0.002854945,0.860274754,-0.000370992,0.053722262,-0.000196592,0.998555828,-0.016554265,-0.229758110,-1.145704348,0.070564384,-0.011917181,-0.179235102,-0.005355999,-0.250197652,-1.236174238,0.087698756,-0.012082092,-0.220800000,-0.000001000,0.675025119,0.945374360,1.190327727,0.483757569,1.931220000,0.210836676,-1.236639489,0.220284189,1.833164756,1.931220000
-0.001841087,0.002864297,0.860301180,-0.000347789,0.054125690,-0.000397326,0.998533991,-0.017259633,-0.229783914,-1.145990195,0.070462824,-0.011904433,-0.179239753,-0.006201810,-0.250214650,-1.236492209,0.087586527,-0.012070855,-0.220800000,-0.000001000,0.664384075,0.949020368,1.183249307,0.477786899,1.931151110,0.217127664,-1.236294557,0.232547460,1.829527538,1.931220000
-0.001794500,0.002875798,0.860328435,-0.000324145,0.054539194,-0.000607674,0.998511393,-0.017981776,-0.229812255,-1.146282369,0.070358389,-0.011891833,-0.179244421,-0.007071487,-0.250234712,-1.236817458,0.087472727,-0.012059684,-0.220800000,-0.000001000,0.653502000,0.952835498,1.176157739,0.471587146,1.931079443,0.223221794,-1.236050721,0.244824667,1.825770103,1.931220000
-0.001797962,0.002843161,0.860332610,-0.000307469,0.054690491,-0.000438456,0.998503212,-0.018347725,-0.229840670,-1.146510825,0.070348488,-0.011874785,-0.179249937,-0.007321094,-0.250244809,-1.236998975,0.087438518,-0.012045490,-0.220800000,-0.000001000,0.647590482,0.957126545,1.171410685,0.468902239,1.930979329,0.229688302,-1.234497674,0.260671219,1.822536637,1.931220000
-0.001803568,0.002808634,0.860335797,-0.000291091,0.054830558,-0.000252985,0.998495599,-0.018698422,-0.229869088,-1.146736552,0.070342636,-0.011857547,-0.179255489,-0.007544151,-0.250254480,-1.237174338,0.087407716,-0.012031166,-0.220800000,-0.000001000,0.641891794,0.961437970,1.166764018,0.466367831,1.930877998,0.236170755,-1.232888570,0.276670604,1.819325607,1.931220000
-0.001817709,0.002755412,0.860324160,-0.000282509,0.054875858,-0.000178426,0.998493129,-0.018821439,-0.229838284,-1.146897122,0.070359866,-0.011839949,-0.179260550,-0.007614267,-0.250199732,-1.237288469,0.087385406,-0.012016936,-0.220800000,-0.000001000,0.642025992,0.965670453,1.165417234,0.466456790,1.930781564,0.244660298,-1.231186307,0.296388586,1.818750927,1.931220000
-0.001832206,0.002701409,0.860311906,-0.000274253,0.054917203,-0.000108495,0.998490868,-0.018934956,-0.229805008,-1.147054975,0.070378059,-0.011822336,-0.179265589,-0.007678003,-0.250142297,-1.237400046,0.087363450,-0.012002709,-0.220800000,-0.000001000,0.642403544,0.969899641,1.164208123,0.466655198,1.930685334,0.253233578,-1.229480158,0.316261712,1.818286238,1.931220000
-0.001881905,0.002635598,0.860288517,-0.000282902,0.055385759,-0.000071629,0.998464988,-0.020022607,-0.229688875,-1.147384770,0.070320135,-0.011809355,-0.179270063,-0.008736448,-0.250001356,-1.237703336,0.087268301,-0.011992629,-0.220800000,-0.000001000,0.645929847,0.975042196,1.165423555,0.467249873,1.930441268,0.263743543,-1.227002843,0.338870883,1.818541340,1.931220000
-0.001933040,0.002569304,0.860264675,-0.000292241,0.055871728,-0.000036113,0.998437912,-0.021149992,-0.229569363,-1.147721580,0.070259106,-0.011796563,-0.179274514,-0.009835466,-0.249857009,-1.238014446,0.087170167,-0.011982718,-0.220800000,-0.000001000,0.649584583,0.980222005,1.166737880,0.467860712,1.930191171,0.274332503,-1.224494074,0.361591653,1.818825801,1.931220000
-0.001872480,0.002542157,0.860246812,-0.000339249,0.055984253,-0.000196918,0.998431575,-0.021258652,-0.229410002,-1.147793482,0.070290288,-0.011778886,-0.179278985,-0.010041613,-0.249679997,-1.238120563,0.087157990,-0.011967562,-0.220800000,-0.000001000,0.651759024,0.984728688,1.166662449,0.465995372,1.929961525,0.278185680,-1.222210002,0.387663737,1.816316602,1.931220000
-0.001807130,0.002516688,0.860229205,-0.000387873,0.056080762,-0.000366142,0.998426093,-0.021323626,-0.229248932,-1.147854025,0.070325424,-0.011761000,-0.179283456,-0.010209471,-0.249501584,-1.238217889,0.087149499,-0.011952180,-0.220800000,-0.000001000,0.653869984,0.989206505,1.166527419,0.464023846,1.929732756,0.281750004,-1.219935565,0.413879537,1.813687602,1.931220000
-0.001695708,0.002498136,0.860231003,-0.000417286,0.055675885,-0.000413238,0.998448722,-0.020252037,-0.229131227,-1.147655687,0.070346026,-0.011743851,-0.179287559,-0.009162232,-0.249379519,-1.238053151,0.087148349,-0.011936832,-0.220800000,-0.000001000,0.650460143,0.994356581,1.163822731,0.461452780,1.929543657,0.282227141,-1.217676366,0.442492020,1.811700808,1.931220000
-0.001582343,0.002479875,0.860233619,-0.000445889,0.055249852,-0.000455183,0.998472357,-0.019132511,-0.229015351,-1.147446431,0.070366016,-0.011726733,-0.179291646,-0.008063745,-0.249259830,-1.237877359,0.087147509,-0.011921485,-0.220800000,-0.000001000,0.646817452,0.999535010,1.161009662,0.458856427,1.929356231,0.282574069,-1.215417809,0.471205589,1.809741101,1.931220000
-0.001610050,0.002348313,0.860219666,-0.000420472,0.054857584,-0.000446632,0.998494001,-0.018277529,-0.228784223,-1.147276382,0.070222977,-0.011718908,-0.179295022,-0.007211905,-0.249035170,-1.237707202,0.087017163,-0.011914503,-0.220800000,-0.000001000,0.645798684,1.002487489,1.159031699,0.460283675,1.929465615,0.294244513,-1.209865633,0.501630946,1.816188429,1.931220000
-0.001643420,0.002212204,0.860205047,-0.000392886,0.054466663,-0.000436054,0.998515417,-0.017433165,-0.228548468,-1.147107907,0.070073395,-0.011711456,-0.179298370,-0.006369965,-0.248806296,-1.237537271,0.086881619,-0.011907858,-0.220800000,-0.000001000,0.644885237,1.005350620,1.157087257,0.461872427,1.929586912,0.306369471,-1.204181254,0.532125012,1.822973207,1.931220000
-0.001415156,0.002127203,0.860248177,-0.000352767,0.053322544,-0.000352273,0.998577217,-0.014541009,-0.228376727,-1.146592226,0.069867871,-0.011705098,-0.179303058,-0.003451771,-0.248646057,-1.236964396,0.086703222,-0.011901988,-0.220800000,-0.000001000,0.642589050,1.007501251,1.154976217,0.463235678,1.929826927,0.312654367,-1.201185379,0.560089486,1.829082796,1.931220000
-0.001175663,0.002044396,0.860293786,-0.000312111,0.052146027,-0.000265349,0.998639386,-0.011560969,-0.228207732,-1.146061644,0.069659947,-0.011698787,-0.179307803,-0.000444472,-0.248488763,-1.236374229,0.086522985,-0.011896152,-0.220800000,-0.000001000,0.640233521,1.009621304,1.152858027,0.464589252,1.930072038,0.318688632,-1.198304884,0.587945399,1.835163409,1.931220000
-0.001137295,0.002102667,0.860336871,-0.000236999,0.051823634,-0.000199413,0.998656205,-0.010675991,-0.228293211,-1.146063617,0.069222942,-0.011703975,-0.179311990,0.000430819,-0.248601407,-1.236287981,0.086177808,-0.011898710,-0.220800000,-0.000000089,0.650431046,1.008607906,1.156562049,0.471507188,1.930600214,0.315202709,-1.200030710,0.618533320,1.837450433,1.931220000
-0.001107351,0.002166847,0.860379850,-0.000160444,0.051537011,-0.000134357,0.998671063,-0.009878762,-0.228389349,-1.146087896,0.068776341,-0.011709646,-0.179316153,0.001216813,-0.248725356,-1.236222839,0.085825723,-0.011901620,-0.220800000,0.000000860,0.661154339,1.007463267,1.160509928,0.478658181,1.931140246,0.311318045,-1.201949467,0.649235668,1.839578566,1.931220000
-0.001202352,0.002215042,0.860370226,-0.000171061,0.052269533,-0.000093884,0.998632995,-0.011544960,-0.228348104,-1.146615451,0.068446376,-0.011710618,-0.179320217,-0.000448299,-0.248702159,-1.236699836,0.085568922,-0.011899350,-0.220800000,0.000000946,0.669142838,1.005232194,1.163851688,0.482607223,1.931188993,0.307014844,-1.202359387,0.682269006,1.841315438,1.931220000
-0.001302873,0.002262531,0.860358279,-0.000185530,0.053047048,-0.000054497,0.998591995,-0.013319990,-0.228300790,-1.147165240,0.068121563,-0.011711382,-0.179324277,-0.002221699,-0.248672460,-1.237200784,0.085316330,-0.011896852,-0.220800000,0.000000993,0.677010517,1.002953123,1.167166670,0.486414806,1.931216035,0.302693152,-1.202702648,0.715405326,1.843035023,1.931220000
-0.001396021,0.002302667,0.860350802,-0.000196641,0.053820028,-0.000038780,0.998550632,-0.015135273,-0.228365410,-1.147696482,0.068064314,-0.011697019,-0.179330465,-0.004030155,-0.248728390,-1.237692511,0.085262928,-0.011883193,-0.220800000,0.000000997,0.681406698,1.001058465,1.169376327,0.487933068,1.931218451,0.299029241,-1.200708489,0.752256800,1.845611740,1.931220000
-0.001488849,0.002342487,0.860343517,-0.000207608,0.054592780,-0.000024086,0.998508680,-0.016952296,-0.228434866,-1.148226923,0.068018627,-0.011682002,-0.179336745,-0.005840127,-0.248788021,-1.238183841,0.085218132,-0.011869052,-0.220800000,0.000001000,0.685652877,0.999180419,1.171538223,0.489352409,1.931219804,0.295393753,-1.198613331,0.789268805,1.848225493,1.931220000
-0.001428927,0.002420229,0.860407384,-0.000251594,0.054928456,-0.000003081,0.998490261,-0.017591814,-0.228559208,-1.148621891,0.068158304,-0.011655583,-0.179345062,-0.006447375,-0.248877375,-1.238576849,0.085292324,-0.011846448,-0.220800000,0.000001000,0.684430274,0.997982570,1.171513543,0.487477762,1.931219923,0.281057328,-1.198907604,0.821991661,1.848179030,1.931220000
-0.001362657,0.002499548,0.860474209,-0.000296952,0.055245963,0.000018186,0.998472731,-0.018182397,-0.228685830,-1.149011229,0.068305685,-0.011628691,-0.179353465,-0.007004640,-0.248967964,-1.238965772,0.085371460,-0.011823492,-0.220800000,0.000001000,0.682980399,0.996812989,1.171397993,0.485466224,1.931219990,0.266276193,-1.199301178,0.854536268,1.848022014,1.931220000
-0.001329377,0.002588778,0.860549896,-0.000338968,0.055325866,0.000027362,0.998468293,-0.018267490,-0.228847729,-1.149408414,0.068479014,-0.011602475,-0.179362266,-0.007050570,-0.249085883,-1.239403725,0.085452856,-0.011803040,-0.220800000,0.000001000,0.673054005,0.995621929,1.167404373,0.479864610,1.931219996,0.246401056,-1.199147006,0.882623577,1.847058805,1.931220000
-0.001297559,0.002678446,0.860625976,-0.000380836,0.055395233,0.000036002,0.998464432,-0.018330169,-0.229011192,-1.149805946,0.068653494,-0.011576288,-0.179371084,-0.007073826,-0.249205013,-1.239843853,0.085534351,-0.011782698,-0.220800000,0.000001000,0.662751739,0.994429917,1.163238788,0.474103802,1.931220000,0.226300036,-1.198968546,0.910513237,1.846059847,1.931220000
-0.001601230,0.002782270,0.860775741,-0.000269301,0.055770172,-0.000419187,0.998443509,-0.019236644,-0.229662767,-1.151244569,0.068953531,-0.011537052,-0.179395918,-0.008289003,-0.249809403,-1.241293293,0.085771343,-0.011751861,-0.220800000,0.000000089,0.644171079,0.990843836,1.156923123,0.467773048,1.931220000,0.202062930,-1.199232113,0.950706957,1.856869466,1.931220000
-0.001919320,0.002886702,0.860928673,-0.000151173,0.056158224,-0.000894312,0.998421470,-0.020179386,-0.230335321,-1.152727940,0.069258965,-0.011497254,-0.179421440,-0.009555411,-0.250434649,-1.242786114,0.086015018,-0.011720572,-0.220800000,-0.000000862,0.625234604,0.987154856,1.150515045,0.461417797,1.931220000,0.177648049,-1.199514679,0.991429520,1.868186633,1.931220000
-0.001981078,0.002820304,0.860970080,-0.000158710,0.056264939,-0.000929744,0.998415428,-0.020344767,-0.230348618,-1.153586809,0.069392182,-0.011485927,-0.179435000,-0.009730868,-0.250409501,-1.243613762,0.086093035,-0.011713779,-0.220800000,-0.000000946,0.618033823,0.984232361,1.148404777,0.461291132,1.931220000,0.181080584,-1.199383879,1.002494313,1.877837780,1.931220000
-0.002032200,0.002746817,0.861006860,-0.000171462,0.056359981,-0.000946932,0.998410049,-0.020477894,-0.230334561,-1.154419766,0.069518254,-0.011475782,-0.179448064,-0.009861059,-0.250357367,-1.244413809,0.086164178,-0.011708003,-0.220800000,-0.000000993,0.611319991,0.981341669,1.146472839,0.461422911,1.931220000,0.185668595,-1.199235927,1.012328513,1.887419800,1.931220000
-0.001946532,0.002731530,0.861054714,-0.000241132,0.055905729,-0.000934074,0.998435586,-0.019201698,-0.230259391,-1.155010780,0.069647348,-0.011467911,-0.179461577,-0.008545583,-0.250240728,-1.245021665,0.086214901,-0.011706270,-0.220800000,-0.000000997,0.609764576,0.980244029,1.148074940,0.462289352,1.931220000,0.182946237,-1.200062015,1.018486391,1.891029214,1.931220000
-0.001854806,0.002718820,0.861103058,-0.000313321,0.055427142,-0.000919885,0.998462261,-0.017863101,-0.230181515,-1.155591081,0.069776576,-0.011460141,-0.179475109,-0.007166098,-0.250121233,-1.245621012,0.086264720,-0.011704715,-0.220800000,-0.000001000,0.608437561,0.979225780,1.149833518,0.463188323,1.931220000,0.179900196,-1.200931231,1.024481492,1.894374177,1.931220000
-0.001882636,0.002630776,0.861107766,-0.000336865,0.054869900,-0.000818771,0.998493120,-0.016528144,-0.230043057,-1.156147924,0.069763453,-0.011461468,-0.179487500,-0.005734443,-0.249948009,-1.246197972,0.086187555,-0.011714029,-0.220800000,-0.000001000,0.616948092,0.976893731,1.155849487,0.469792276,1.931220000,0.188676999,-1.200765926,1.023361767,1.899294871,1.931220000
-0.001915634,0.002539475,0.861110586,-0.000358304,0.054309239,-0.000713898,0.998523845,-0.015193344,-0.229901979,-1.156703753,0.069744174,-0.011463189,-0.179499843,-0.004300531,-0.249772463,-1.246773964,0.086104900,-0.011723812,-0.220800000,-0.000001000,0.625884021,0.974504870,1.162049556,0.476642927,1.931220000,0.197965051,-1.200555885,1.021934380,1.904283703,1.931220000
-0.001818149,0.002503533,0.861094008,-0.000375478,0.053928072,-0.000587802,0.998544579,-0.014058060,-0.229813337,-1.157264937,0.069616276,-0.011469412,-0.179510870,-0.003055898,-0.249664590,-1.247368116,0.085947525,-0.011736356,-0.220800000,-0.000001000,0.636751879,0.972020071,1.169028693,0.482595332,1.931220000,0.205553578,-1.199646395,1.018427636,1.904896442,1.931220000
-0.001715237,0.002469894,0.861076623,-0.000392475,0.053554362,-0.000460823,0.998564752,-0.012931074,-0.229726875,-1.157826343,0.069483861,-0.011475822,-0.179521843,-0.001819137,-0.249559531,-1.247963022,0.085787042,-0.011749015,-0.220800000,-0.000001000,0.647700086,0.969531283,1.176040232,0.488510379,1.931220000,0.213071421,-1.198707813,1.014834410,1.905327176,1.931220000
-0.001647736,0.002410131,0.861023997,-0.000409918,0.053416387,-0.000363168,0.998572176,-0.012380128,-0.229573401,-1.158418692,0.069304790,-0.011482388,-0.179531599,-0.001179257,-0.249402734,-1.248606050,0.085609601,-0.011759854,-0.220800000,-0.000001000,0.655126064,0.968109339,1.181478696,0.491756315,1.931220000,0.223545450,-1.195995826,1.015289078,1.907419595,1.931220000
-0.001581802,0.002349213,0.860969814,-0.000427380,0.053288833,-0.000266809,0.998579014,-0.011854650,-0.229416965,-1.159012408,0.069123656,-0.011488961,-0.179541300,-0.000565766,-0.249243649,-1.249251204,0.085431410,-0.011770612,-0.220800000,-0.000001000,0.662396317,0.966734562,1.186847611,0.494884243,1.931220000,0.234150177,-1.193205433,1.015922710,1.909585480,1.931220000
-0.001469430,0.002329617,0.860945845,-0.000409975,0.052968779,-0.000359043,0.998596020,-0.010784248,-0.229374509,-1.159442106,0.068949715,-0.011490691,-0.179550803,0.000443795,-0.249220286,-1.249739858,0.085303114,-0.011773962,-0.220800000,-0.000001000,0.667122955,0.968314545,1.190806889,0.495140562,1.931220000,0.241596162,-1.192327184,1.020589158,1.912924313,1.931220000
-0.001355039,0.002311817,0.860923190,-0.000391053,0.052640350,-0.000459476,0.998613353,-0.009690159,-0.229337008,-1.159864673,0.068776088,-0.011492210,-0.179560297,0.001470573,-0.249202823,-1.250221708,0.085176986,-0.011776989,-0.220800000,-0.000001000,0.671739019,0.970022975,1.194704888,0.495272049,1.931220000,0.248904832,-1.191532057,1.025430917,1.916314136,1.931220000
-0.001255477,0.002368217,0.860916697,-0.000392784,0.052522596,-0.000398173,0.998619579,-0.009142836,-0.229404660,-1.160369101,0.068613490,-0.011491079,-0.179568642,0.002061613,-0.249300682,-1.250773541,0.085088359,-0.011775183,-0.220800000,-0.000000089,0.674975765,0.972723574,1.197109666,0.494099163,1.931220000,0.243112767,-1.193266155,1.036025140,1.916639484,1.931220000
-0.001156532,0.002427702,0.860910877,-0.000395374,0.052413604,-0.000330144,0.998625330,-0.008618255,-0.229476685,-1.160876933,0.068451351,-0.011489837,-0.179576938,0.002634530,-0.249403338,-1.251328285,0.085001291,-0.011773176,-0.220800000,0.000000860,0.678155145,0.975465438,1.199452339,0.492872026,1.931220000,0.236775833,-1.195105445,1.046858612,1.916837378,1.931220000
-0.001188110,0.002441065,0.860893983,-0.000398270,0.052449923,-0.000266276,0.998623441,-0.008630030,-0.229513709,-1.161452667,0.068364784,-0.011483770,-0.179585381,0.002676721,-0.249462276,-1.251954417,0.084970155,-0.011767396,-0.220800000,0.000000035,0.679595215,0.977234002,1.200470599,0.492069137,1.931220000,0.232812200,-1.195913379,1.060467420,1.920002871,1.931220000
-0.001225442,0.002452395,0.860876601,-0.000401180,0.052492648,-0.000202591,0.998621209,-0.008665449,-0.229549190,-1.162031394,0.068281548,-0.011477490,-0.179593831,0.002695517,-0.249519288,-1.252583696,0.084941485,-0.011761449,-0.220800000,-0.000000868,0.680958614,0.978959663,1.201430478,0.491284949,1.931220000,0.228953184,-1.196675849,1.074198568,1.923299179,1.931220000
-0.001246387,0.002462836,0.860897004,-0.000415367,0.052584362,-0.000148588,0.998616388,-0.008787187,-0.229583060,-1.162654610,0.068251083,-0.011467230,-0.179603392,0.002631745,-0.249556816,-1.253273169,0.084926403,-0.011753411,-0.220800000,-0.000000948,0.683328680,0.980759166,1.203195465,0.490801264,1.931220000,0.225351433,-1.198700772,1.081944516,1.925644806,1.931220000
-0.001266631,0.002473238,0.860919027,-0.000430037,0.052678174,-0.000095000,0.998611444,-0.008912624,-0.229616862,-1.163279732,0.068222878,-0.011456799,-0.179613001,0.002564435,-0.249593509,-1.253965221,0.084911904,-0.011745284,-0.220800000,-0.000000993,0.685741884,0.982561834,1.204994952,0.490330456,1.931220000,0.221760706,-1.200779792,1.089433993,1.927949696,1.931220000
-0.001304554,0.002494026,0.860931242,-0.000442119,0.052780630,-0.000066084,0.998606031,-0.008971508,-0.229761396,-1.164469625,0.068280201,-0.011434531,-0.179630966,0.002582857,-0.249726214,-1.255305748,0.084949367,-0.011730539,-0.220800000,-0.000000998,0.682038990,0.985216173,1.204516357,0.486814735,1.931218515,0.217919941,-1.203475669,1.089218935,1.926506212,1.931220000
-0.001343212,0.002515244,0.860943050,-0.000454094,0.052883444,-0.000038193,0.998600588,-0.009027631,-0.229910525,-1.165682952,0.068341072,-0.011411772,-0.179649278,0.002604836,-0.249862904,-1.256673183,0.084988987,-0.011715519,-0.220800000,-0.000001000,0.678082321,0.987905849,1.203943238,0.483172672,1.931216969,0.214068801,-1.206197141,1.088684191,1.924907196,1.931220000
-0.001412227,0.002550963,0.860961131,-0.000452444,0.052734084,-0.000014736,0.998608488,-0.007058894,-0.230974603,-1.174045137,0.068866489,-0.011252073,-0.179779519,0.004917117,-0.250901434,-1.265902645,0.085529431,-0.011594319,-0.220800000,-0.000001000,0.668389062,0.992529642,1.200779748,0.477738013,1.931218385,0.205609341,-1.211731168,1.051912197,1.918140518,1.931220000
-0.001482621,0.002587339,0.860979497,-0.000450176,0.052573276,0.000008518,0.998616968,-0.004998246,-0.232080212,-1.182731814,0.069412991,-0.011086157,-0.179914840,0.007333356,-0.251980900,-1.275488971,0.086092609,-0.011468300,-0.220800000,-0.000001000,0.658435414,0.997241226,1.197498679,0.472221986,1.931219936,0.196940705,-1.217392859,1.013495362,1.911139275,1.931220000
-0.001523263,0.002597749,0.860999049,-0.000449423,0.052406034,0.000016201,0.998625758,-0.003394384,-0.232749525,-1.188750987,0.069678672,-0.010971174,-0.180013416,0.009129933,-0.252620351,-1.281958615,0.086385606,-0.011373966,-0.220800000,-0.000001000,0.653014051,0.998454941,1.195840752,0.469712348,1.931220000,0.189151890,-1.219359021,0.992620406,1.910478954,1.931220000
-0.001562629,0.002607046,0.861018651,-0.000448736,0.052238514,0.000023215,0.998634536,-0.001810124,-0.233400115,-1.194655681,0.069932300,-0.010858376,-0.180110415,0.010899917,-0.253240918,-1.288294503,0.086667007,-0.011280992,-0.220800000,-0.000001000,0.647787196,0.999518542,1.194252484,0.467331732,1.931220000,0.181400833,-1.221166585,0.972498278,1.910090759,1.931220000
-0.001561868,0.002617013,0.861030820,-0.000449140,0.052153523,0.000025119,0.998638978,-0.001374694,-0.233533862,-1.195765757,0.069981073,-0.010835575,-0.180129574,0.011365949,-0.253371212,-1.289472655,0.086728142,-0.011261070,-0.220800000,-0.000001000,0.646369020,0.998008280,1.193534957,0.467153782,1.931220000,0.177302909,-1.220349260,0.972350410,1.909692480,1.931220000
-0.001559425,0.002627009,0.861042678,-0.000449588,0.052071991,0.000026808,0.998643232,-0.000987419,-0.233645944,-1.196674861,0.070021258,-0.010816547,-0.180145470,0.011777325,-0.253480956,-1.290434614,0.086780044,-0.011244209,-0.220800000,-0.000001000,0.645110490,0.996390132,1.192853929,0.467068161,1.931220000,0.173358111,-1.219421910,0.973039790,1.909293778,1.931220000
-0.001610935,0.002627050,0.861084972,-0.000458562,0.051683885,0.000032239,0.998663389,0.000770541,-0.234033682,-1.200978866,0.070118060,-0.010751835,-0.180218871,0.013665737,-0.253839253,-1.295053972,0.086890181,-0.011195149,-0.220800000,-0.000001000,0.639126471,0.997273248,1.190897479,0.464600959,1.931220000,0.157789786,-1.219060952,0.964786255,1.913993071,1.931220000
-0.001664844,0.002626648,0.861128621,-0.000467914,0.051282136,0.000037837,0.998684095,0.002589460,-0.234433679,-1.205433856,0.070217380,-0.010685091,-0.180294829,0.015619838,-0.254208604,-1.299835989,0.087002907,-0.011144656,-0.220800000,-0.000001000,0.632932291,0.998267604,1.188884305,0.462027839,1.931220000,0.141704520,-1.218725184,0.956134995,1.918919091,1.931220000
-0.001703412,0.002649042,0.861164953,-0.000472498,0.050958779,0.000022846,0.998700645,0.004066953,-0.234813331,-1.209035327,0.070342640,-0.010636343,-0.180356271,0.017186893,-0.254566398,-1.303674291,0.087150213,-0.011107919,-0.220800000,-0.000001000,0.634724717,0.995379635,1.190182819,0.462874140,1.931220000,0.125181598,-1.216641059,0.951819130,1.922382360,1.931220000
-0.001741321,0.002672416,0.861200971,-0.000476878,0.050638786,0.000006970,0.998716920,0.005529771,-0.235192108,-1.212600113,0.070469014,-0.010588367,-0.180417089,0.018737313,-0.254923696,-1.307472032,0.087299004,-0.011071773,-0.220800000,-0.000001000,0.636860418,0.992324798,1.191623672,0.463867412,1.931220000,0.108639864,-1.214481787,0.947689606,1.925782758,1.931220000
-0.001750597,0.002622623,0.861168652,-0.000458844,0.050464812,-0.000007057,0.998725734,0.006030495,-0.235202675,-1.213110194,0.070485622,-0.010580666,-0.180426842,0.019237141,-0.254937337,-1.307992781,0.087332313,-0.011065188,-0.220800000,-0.000001000,0.641517684,0.990376716,1.193179986,0.467583874,1.931220000,0.111362111,-1.210364684,0.952642833,1.928486097,1.931220000
-0.001758683,0.002569791,0.861133495,-0.000439880,0.050296900,-0.000021007,0.998734213,0.006491268,-0.235197952,-1.213493426,0.070497671,-0.010574637,-0.180434475,0.019693342,-0.254936707,-1.308377450,0.087360827,-0.011059829,-0.220800000,-0.000001000,0.646279660,0.988474592,1.194741095,0.471413418,1.931220000,0.114884308,-1.206166282,0.957973226,1.931160490,1.931220000
-0.001733993,0.002493769,0.861106809,-0.000431537,0.050274381,-0.000040058,0.998735350,0.006690940,-0.235093637,-1.213901731,0.070428031,-0.010571494,-0.180441269,0.019877844,-0.254841553,-1.308781472,0.087322955,-0.011055763,-0.220800000,-0.000001000,0.646835203,0.987588984,1.194895529,0.472778149,1.931220000,0.123696340,-1.201443252,0.968667926,1.936709785,1.931220000
-0.001707844,0.002416713,0.861080501,-0.000423666,0.050258338,-0.000059337,0.998736160,0.006878982,-0.234984885,-1.214311152,0.070354752,-0.010568480,-0.180448026,0.020050244,-0.254742189,-1.309186357,0.087282126,-0.011051755,-0.220800000,-0.000001000,0.647203394,0.986748651,1.194987311,0.474033099,1.931220000,0.132743977,-1.196696856,0.979601547,1.942387125,1.931220000
-0.001697965,0.002349752,0.861067489,-0.000409609,0.050419557,-0.000059173,0.998728040,0.006651342,-0.234887976,-1.214795336,0.070223902,-0.010567022,-0.180455556,0.019816857,-0.254649587,-1.309654866,0.087178296,-0.011049508,-0.220800000,-0.000001000,0.650758740,0.985780885,1.196358908,0.476951807,1.931220000,0.143609599,-1.192906073,0.995245975,1.948877786,1.931220000
-0.001688782,0.002283222,0.861055045,-0.000395287,0.050588354,-0.000058177,0.998719510,0.006405930,-0.234791573,-1.215282717,0.070090590,-0.010565630,-0.180463120,0.019566121,-0.254557275,-1.310126095,0.087071772,-0.011047336,-0.220800000,-0.000001000,0.654450345,0.984807670,1.197785221,0.479941646,1.931220000,0.154552945,-1.189156145,1.011091804,1.955403219,1.931220000
-0.001672409,0.002222207,0.861039093,-0.000388187,0.050852797,-0.000058413,0.998706082,0.005953059,-0.234689641,-1.215790067,0.069960310,-0.010563510,-0.180470806,0.019108105,-0.254452204,-1.310610446,0.086955250,-0.011044899,-0.220800000,-0.000001000,0.659265224,0.983462746,1.199761826,0.483498202,1.931220000,0.168020826,-1.187596613,1.029172178,1.963050281,1.931220000
-0.001655709,0.002161443,0.861022981,-0.000381415,0.051121599,-0.000058705,0.998692362,0.005490726,-0.234587457,-1.216298327,0.069830167,-0.010561357,-0.180478497,0.018640636,-0.254346552,-1.311095395,0.086838272,-0.011042450,-0.220800000,-0.000001000,0.664131336,0.982100868,1.201763529,0.487080606,1.931220000,0.181603849,-1.186136983,1.047354468,1.970748500,1.931220000
-0.001591613,0.002148200,0.861010753,-0.000379199,0.051367151,-0.000050320,0.998679763,0.005134776,-0.234565300,-1.216761247,0.069736245,-0.010556497,-0.180486161,0.018285889,-0.254319996,-1.311530941,0.086754374,-0.011037310,-0.220800000,-0.000001000,0.669895406,0.980039438,1.204172350,0.490769062,1.931220000,0.191514980,-1.186395112,1.066855677,1.976284699,1.931220000
-0.001525426,0.002137054,0.860998696,-0.000377184,0.051611674,-0.000041552,0.998667157,0.004783518,-0.234546674,-1.217222168,0.069643922,-0.010551519,-0.180493823,0.017936116,-0.254296928,-1.311964306,0.086671934,-0.011032052,-0.220800000,-0.000001000,0.675699089,0.977947149,1.206599130,0.494462197,1.931220000,0.201264129,-1.186729017,1.086415069,1.981725523,1.931220000
-0.001503122,0.002096680,0.860961066,-0.000365766,0.051818149,-0.000040950,0.998656469,0.004434097,-0.234510376,-1.217612745,0.069579942,-0.010545113,-0.180500324,0.017578258,-0.254261635,-1.312310520,0.086627656,-0.011024785,-0.220800000,-0.000001000,0.683209550,0.974320368,1.209498834,0.499840427,1.931220000,0.215588340,-1.185243327,1.107849226,1.986868071,1.931220000
-0.001482711,0.002055044,0.860922334,-0.000353942,0.052022980,-0.000040701,0.998645824,0.004084755,-0.234473316,-1.218000288,0.069517184,-0.010538646,-0.180506776,0.017220052,-0.254225814,-1.312652974,0.086585024,-0.011017431,-0.220800000,-0.000001000,0.690793649,0.970627383,1.212418941,0.505291358,1.931220000,0.230109938,-1.183679132,1.129364269,1.991997749,1.931220000
-0.001315881,0.002135209,0.860956863,-0.000393055,0.052172842,-0.000030714,0.998637992,0.004078415,-0.234532822,-1.218383949,0.069500682,-0.010527342,-0.180514237,0.017224344,-0.254282039,-1.313037706,0.086575064,-0.011005096,-0.220800000,-0.000001000,0.692351747,0.967352277,1.213088129,0.506082767,1.931220000,0.228158558,-1.186155251,1.142859944,1.990014770,1.931220000
-0.001142387,0.002220917,0.860994726,-0.000434487,0.052320201,-0.000020283,0.998630266,0.004087684,-0.234596724,-1.218767434,0.069486284,-0.010515819,-0.180521745,0.017245134,-0.254342453,-1.313424361,0.086566591,-0.010992535,-0.220800000,-0.000001000,0.693635595,0.964096189,1.213654876,0.506662116,1.931220000,0.225457474,-1.188815248,1.155990649,1.987708086,1.931220000
-0.001176848,0.002338402,0.861033911,-0.000533927,0.053131467,0.000092474,0.998587379,0.002300062,-0.234635892,-1.219569622,0.069506969,-0.010503953,-0.180528995,0.015578957,-0.254357551,-1.314323599,0.086551310,-0.010982499,-0.220800000,-0.000001000,0.692198993,0.962035747,1.213103303,0.504505530,1.931220000,0.212375943,-1.190850380,1.165043067,1.980185365,1.931220000
-0.001220511,0.002457293,0.861073153,-0.000635933,0.053972069,0.000209758,0.998542221,0.000432936,-0.234673966,-1.220390335,0.069529206,-0.010492072,-0.180536234,0.013838140,-0.254370643,-1.315245515,0.086535728,-0.010972575,-0.220800000,-0.000001000,0.690642026,0.960028206,1.212502250,0.502227894,1.931220000,0.198835133,-1.192857865,1.173915043,1.972431863,1.931220000
-0.001417844,0.002516434,0.861089351,-0.000648627,0.054939534,0.000197375,0.998489453,-0.001917395,-0.234878706,-1.221330088,0.069668546,-0.010475185,-0.180546014,0.011534576,-0.254530522,-1.316309835,0.086591854,-0.010963453,-0.220800000,-0.000001000,0.689386356,0.958500342,1.212006975,0.500617488,1.931220000,0.193116239,-1.193387866,1.179971788,1.967882116,1.931220000
-0.001621771,0.002573012,0.861104560,-0.000657487,0.055912393,0.000179427,0.998435446,-0.004288464,-0.235090599,-1.222274950,0.069812910,-0.010458083,-0.180555903,0.009206860,-0.254696701,-1.317380265,0.086651056,-0.010954366,-0.220800000,-0.000001000,0.688143617,0.956993064,1.211516239,0.499035717,1.931220000,0.187733029,-1.193854461,1.185907714,1.963469863,1.931220000
-0.001837007,0.002515927,0.861057621,-0.000632161,0.056753735,0.000149790,0.998387996,-0.006419684,-0.235238614,-1.223091784,0.070061742,-0.010437849,-0.180564770,0.007104906,-0.254793784,-1.318278252,0.086801404,-0.010943461,-0.220800000,-0.000001000,0.694367048,0.954931303,1.213701394,0.502647509,1.931220000,0.198794536,-1.190129320,1.195662959,1.964721710,1.931220000
-0.002052760,0.002453655,0.861007846,-0.000605274,0.057589036,0.000119620,0.998340184,-0.008539957,-0.235383713,-1.223902773,0.070315342,-0.010417472,-0.180573590,0.005013255,-0.254887714,-1.319168367,0.086955912,-0.010932473,-0.220800000,-0.000001000,0.700931253,0.952844235,1.216008683,0.506496347,1.931220000,0.210606617,-1.186212859,1.205592526,1.966232079,1.931220000
-0.002108620,0.002327440,0.860958589,-0.000565033,0.058099682,0.000093496,0.998310622,-0.009719643,-0.235421144,-1.224450471,0.070536338,-0.010398558,-0.180581521,0.003844350,-0.254878261,-1.319732838,0.087086675,-0.010921286,-0.220800000,-0.000001000,0.704755249,0.953764952,1.219365541,0.508842881,1.931220000,0.234034269,-1.181654793,1.217423517,1.971200772,1.931220000
-0.002157416,0.002198400,0.860909354,-0.000524201,0.058595972,0.000067550,0.998281640,-0.010857775,-0.235453818,-1.224986536,0.070755893,-0.010379709,-0.180589413,0.002716211,-0.254864241,-1.320282922,0.087216389,-0.010910091,-0.220800000,-0.000001000,0.708458185,0.954818551,1.222768768,0.511123045,1.931220000,0.257975087,-1.177068382,1.229338512,1.976322251,1.931220000
-0.002156440,0.002049313,0.860889341,-0.000470278,0.058819245,0.000077427,0.998268536,-0.011307171,-0.235417345,-1.225378511,0.070843714,-0.010366932,-0.180597229,0.002275211,-0.254785191,-1.320618514,0.087232002,-0.010902774,-0.220800000,-0.000000090,0.708787658,0.955913709,1.231543066,0.514552083,1.931220000,0.284490103,-1.172337245,1.244315868,1.981434422,1.931220000
-0.002153329,0.001899366,0.860870582,-0.000415794,0.059030808,0.000088840,0.998256071,-0.011727032,-0.235377908,-1.225764306,0.070925886,-0.010354417,-0.180605041,0.001863678,-0.254703353,-1.320944908,0.087242722,-0.010895624,-0.220800000,0.000000859,0.708972467,0.957010649,1.240547693,0.518030389,1.931220000,0.311115510,-1.167599901,1.259424549,1.986546195,1.931220000
-0.002015484,0.001823227,0.860828265,-0.000377086,0.059085071,0.000094440,0.998252875,-0.011598459,-0.235361716,-1.225977857,0.070918347,-0.010346967,-0.180611359,0.001977160,-0.254670249,-1.321054913,0.087216932,-0.010889089,-0.220800000,0.000000945,0.708989377,0.959483380,1.246701975,0.519699175,1.931197827,0.330732886,-1.164742618,1.279775543,1.990150707,1.931220000
-0.001871498,0.001750453,0.860784875,-0.000339098,0.059132165,0.000099774,0.998250100,-0.011444891,-0.235346583,-1.226183558,0.070906720,-0.010339748,-0.180617610,0.002114571,-0.254639366,-1.321155056,0.087189477,-0.010882583,-0.220800000,0.000000993,0.708998634,0.962018815,1.252726347,0.521285489,1.931174644,0.350030859,-1.161971021,1.300365466,1.993686524,1.931220000
-0.001682689,0.001805468,0.860822676,-0.000336509,0.058995309,0.000112549,0.998258197,-0.010793966,-0.235445358,-1.226374705,0.070878876,-0.010330493,-0.180625139,0.002750440,-0.254731590,-1.321250904,0.087167366,-0.010871734,-0.220800000,0.000000997,0.708999469,0.962813238,1.258570760,0.522543419,1.931194753,0.349776480,-1.164587184,1.312458135,1.991048864,1.931220000
-0.001491898,0.001866133,0.860864066,-0.000335485,0.058850318,0.000125652,0.998266754,-0.010121052,-0.235549169,-1.226565208,0.070850316,-0.010321149,-0.180632725,0.003408347,-0.254829257,-1.321346562,0.087145491,-0.010860692,-0.220800000,0.000001000,0.708999932,0.963530688,1.264407216,0.523786830,1.931216776,0.348657654,-1.167441550,1.324175125,1.988138263,1.931220000
-0.001343845,0.001977113,0.860825228,-0.000364737,0.058647662,0.000085513,0.998278674,-0.009344704,-0.235681261,-1.226866822,0.070863017,-0.010302851,-0.180642758,0.004128426,-0.255001576,-1.321542840,0.087261139,-0.010834549,-0.220800000,0.000001000,0.708441830,0.966931654,1.253858318,0.519441749,1.931218790,0.346006166,-1.173297178,1.327166216,1.978450972,1.931220000
-0.001197630,0.002090255,0.860782941,-0.000395290,0.058442525,0.000043085,0.998290696,-0.008563910,-0.235814569,-1.227173212,0.070877492,-0.010284168,-0.180652896,0.004851177,-0.255177103,-1.321743443,0.087382698,-0.010807756,-0.220800000,0.000001000,0.707859721,0.970447961,1.242605156,0.514856468,1.931219944,0.343288803,-1.179281804,1.329782257,1.968472410,1.931220000
-0.001272067,0.002044262,0.860767110,-0.000361309,0.058361544,0.000044868,0.998295446,-0.008449837,-0.235835791,-1.227362558,0.070873149,-0.010273405,-0.180659075,0.004940984,-0.255207807,-1.321832618,0.087415866,-0.010794542,-0.220800000,0.000001000,0.708364238,0.970367898,1.244379457,0.516594485,1.931219997,0.352480146,-1.177460175,1.335861675,1.968526035,1.931220000
-0.001356553,0.001991021,0.860752485,-0.000324390,0.058286217,0.000048665,0.998299859,-0.008366129,-0.235851908,-1.227546574,0.070867948,-0.010263003,-0.180665073,0.005001964,-0.255231914,-1.321916718,0.087445008,-0.010781946,-0.220800000,0.000001000,0.708918245,0.970124042,1.246747078,0.518620490,1.931220000,0.362213859,-1.175283019,1.342098829,1.969036565,1.931220000
-0.001309462,0.002084796,0.860799974,-0.000349253,0.058281618,0.000063954,0.998300119,-0.008165124,-0.236021746,-1.228128597,0.070930909,-0.010240125,-0.180678034,0.005193745,-0.255384000,-1.322374388,0.087505372,-0.010756287,-0.220800000,0.000001000,0.708969572,0.970074793,1.255115857,0.518856615,1.931220000,0.354429675,-1.179009394,1.342760158,1.961883493,1.931220000
-0.001256548,0.002185076,0.860850212,-0.000376850,0.058280148,0.000079752,0.998300193,-0.007958930,-0.236198385,-1.228728229,0.070996885,-0.010216696,-0.180691304,0.005391314,-0.255541749,-1.322848588,0.087567118,-0.010730049,-0.220800000,0.000001000,0.708998658,0.970034154,1.263750155,0.519013547,1.931220000,0.345870418,-1.182996968,1.343174787,1.954391348,1.931220000
-0.001348520,0.002414631,0.860887175,-0.000423877,0.058189319,0.000058649,0.998305474,-0.007282552,-0.237081362,-1.231943970,0.071796400,-0.010092151,-0.180762168,0.006109383,-0.256347377,-1.325966101,0.088294279,-0.010612110,-0.220800000,0.000001000,0.708999924,0.971907002,1.259064699,0.511167155,1.931220000,0.316869200,-1.192267624,1.323540117,1.943877986,1.931220000
-0.001446704,0.002649729,0.860923570,-0.000471736,0.058094656,0.000035963,0.998310967,-0.006586011,-0.237994629,-1.235271898,0.072627372,-0.009963270,-0.180835503,0.006849773,-0.257180788,-1.329196968,0.089049975,-0.010490238,-0.220800000,0.000001000,0.708999997,0.973861908,1.253808046,0.502977553,1.931220000,0.286991361,-1.201764837,1.303045666,1.933235065,1.931220000
-0.001581507,0.002784246,0.860974270,-0.000509517,0.058037759,0.000018603,0.998314258,-0.005701618,-0.238743387,-1.239874116,0.073207650,-0.009853689,-0.180935678,0.007866224,-0.257834498,-1.334033783,0.089528314,-0.010406249,-0.220800000,0.000000043,0.709000000,0.974674012,1.252087077,0.498605051,1.931220000,0.257907553,-1.206675544,1.276739481,1.931321098,1.931220000
-0.001717978,0.002914182,0.861025622,-0.000546839,0.057982582,0.000001485,0.998317445,-0.004808668,-0.239484652,-1.244534371,0.073776511,-0.009744987,-0.181037076,0.008895248,-0.258480024,-1.338943739,0.089994020,-0.010323985,-0.220800000,-0.000000958,0.709000000,0.975434068,1.250527137,0.494406394,1.931220000,0.228859908,-1.211377364,1.250168607,1.929804683,1.931220000
-0.001857905,0.003030143,0.861047709,-0.000572416,0.058253979,-0.000010771,0.998301631,-0.004561710,-0.240288716,-1.249721938,0.074401703,-0.009642230,-0.181155825,0.009320601,-0.259195231,-1.344515885,0.090532336,-0.010258756,-0.220800000,-0.000001000,0.709000000,0.974091701,1.253005480,0.492399333,1.931220000,0.213584006,-1.217231061,1.210822688,1.923432229,1.931220000
-0.001997984,0.003145488,0.861068505,-0.000597475,0.058539788,-0.000022813,0.998284897,-0.004343269,-0.241095553,-1.254932784,0.075029383,-0.009539735,-0.181275340,0.009719304,-0.259913515,-1.350117266,0.091073856,-0.010194279,-0.220800000,-0.000001000,0.709000000,0.972656519,1.255662100,0.490489024,1.931220000,0.198916078,-1.223135610,1.170912794,1.916845397,1.931220000
-0.002220691,0.002972871,0.861037547,-0.000546588,0.058874630,-0.000032280,0.998265234,-0.005291283,-0.240953572,-1.255596596,0.074957270,-0.009536689,-0.181286978,0.008763538,-0.259758629,-1.350761264,0.090998645,-0.010194481,-0.220800000,-0.000001000,0.709000000,0.969892066,1.261368653,0.495412469,1.931220000,0.221330636,-1.217756632,1.168517201,1.922446429,1.931220000
-0.002446936,0.002787924,0.861004373,-0.000492450,0.059211564,-0.000041637,0.998245334,-0.006289243,-0.240770964,-1.256065711,0.074855193,-0.009537900,-0.181293996,0.007749777,-0.259566357,-1.351192996,0.090897027,-0.010197453,-0.220800000,-0.000001000,0.709000000,0.967070696,1.267205799,0.500628522,1.931220000,0.245332996,-1.211894514,1.167727899,1.928569322,1.931220000
-0.002388563,0.002721033,0.860999994,-0.000462147,0.059443782,-0.000000129,0.998231548,-0.006659277,-0.240716350,-1.256414734,0.074747838,-0.009538236,-0.181301932,0.007389901,-0.259498164,-1.351465404,0.090784022,-0.010198523,-0.220800000,-0.000000091,0.709000000,0.964672733,1.275446417,0.505133979,1.931220000,0.259920674,-1.207312477,1.173830564,1.932031878,1.931220000
-0.002317181,0.002659538,0.860996931,-0.000432934,0.059671211,0.000043705,0.998217991,-0.007000609,-0.240667585,-1.256758268,0.074640242,-0.009538531,-0.181309910,0.007059913,-0.259435642,-1.351730530,0.090670496,-0.010199506,-0.220800000,0.000000860,0.709000000,0.962294124,1.283796892,0.509606955,1.931220000,0.274078027,-1.202788950,1.180248247,1.935372837,1.931220000
-0.002198552,0.002818632,0.861043309,-0.000469692,0.059690836,0.000054268,0.998216800,-0.006725982,-0.240911586,-1.257411209,0.074696963,-0.009528242,-0.181325792,0.007340817,-0.259655549,-1.352329025,0.090705194,-0.010190197,-0.220800000,0.000000948,0.709000000,0.962746408,1.291309662,0.508810574,1.931220000,0.257082258,-1.207899708,1.189250928,1.930344442,1.931220000
-0.002077842,0.002987442,0.861091864,-0.000509356,0.059701306,0.000063365,0.998216154,-0.006424224,-0.241168482,-1.258077778,0.074760922,-0.009517488,-0.181342022,0.007648631,-0.259887896,-1.352942204,0.090746421,-0.010180436,-0.220800000,0.000000998,0.709000000,0.963323387,1.298785533,0.507782085,1.931220000,0.238714244,-1.213434842,1.198367473,1.924947390,1.931220000
-0.002220967,0.003134893,0.861139453,-0.000569792,0.059527245,-0.000056951,0.998226517,-0.005599310,-0.241717457,-1.261044519,0.075314767,-0.009472996,-0.181409991,0.008514981,-0.260369529,-1.356171924,0.091212901,-0.010164145,-0.220800000,0.000000044,0.709000000,0.969216753,1.296751767,0.499959337,1.931220000,0.204665451,-1.219761533,1.192992315,1.921331637,1.931220000
-0.002376564,0.003281334,0.861186997,-0.000631210,0.059344458,-0.000183385,0.998237348,-0.004749664,-0.242280240,-1.264119997,0.075891771,-0.009426908,-0.181480406,0.009407735,-0.260862948,-1.359525338,0.091699485,-0.010147546,-0.220800000,-0.000000956,0.709000000,0.975361444,1.294268442,0.491815397,1.931220000,0.169875366,-1.226125645,1.186932077,1.917800094,1.931220000
-0.002534734,0.003342286,0.861210063,-0.000639379,0.059285925,-0.000200728,0.998240818,-0.003539301,-0.242987456,-1.270115933,0.076347575,-0.009395466,-0.181612167,0.010776869,-0.261477253,-1.365854667,0.092105643,-0.010163251,-0.220800000,-0.000001000,0.709000000,0.976088068,1.306611268,0.490256781,1.931220000,0.151869095,-1.231615323,1.143538189,1.912187731,1.931220000
-0.002693022,0.003399344,0.861232015,-0.000645122,0.059233051,-0.000213103,0.998243950,-0.002312509,-0.243701251,-1.276244878,0.076797860,-0.009364691,-0.181746721,0.012167699,-0.262097063,-1.372319532,0.092508137,-0.010180428,-0.220800000,-0.000001000,0.709000000,0.976567932,1.319629334,0.488998086,1.931220000,0.134627223,-1.237065176,1.098443981,1.906480601,1.931220000
-0.002815679,0.003489971,0.861228723,-0.000636095,0.059219411,-0.000189525,0.998244770,-0.001201193,-0.244526260,-1.282107177,0.077349188,-0.009314981,-0.181889958,0.013354297,-0.262814681,-1.378043781,0.093025810,-0.010160379,-0.220800000,-0.000001000,0.709000000,0.972456192,1.335468244,0.489320627,1.931220000,0.126699056,-1.244846523,1.037033047,1.893583572,1.931220000
-0.002936760,0.003582082,0.861224316,-0.000626415,0.059207506,-0.000164357,0.998245487,-0.000094982,-0.245356186,-1.287957688,0.077904985,-0.009264433,-0.182033578,0.014531865,-0.263536623,-1.383735286,0.093548575,-0.010138684,-0.220800000,-0.000001000,0.709000000,0.968141448,1.351431870,0.489713078,1.931220000,0.119182665,-1.252730949,0.974900719,1.880368664,1.931220000
-0.002997623,0.003638759,0.861244759,-0.000622969,0.059175756,-0.000152257,0.998247373,0.000098465,-0.245587616,-1.288962540,0.078036112,-0.009252708,-0.182058204,0.014735408,-0.263741749,-1.384678544,0.093664355,-0.010130943,-0.220800000,-0.000000998,0.709000000,0.963916645,1.357325585,0.490910403,1.931220000,0.108973209,-1.253967927,0.971580781,1.878935192,1.931220000
-0.003055654,0.003693771,0.861266370,-0.000619817,0.059143073,-0.000140772,0.998249314,0.000249002,-0.245790911,-1.289739595,0.078147276,-0.009242808,-0.182077235,0.014893161,-0.263922579,-1.385398582,0.093761003,-0.010123858,-0.220800000,-0.000000995,0.709000000,0.959696069,1.362745906,0.492145567,1.931220000,0.098637149,-1.254892402,0.971025660,1.878055574,1.931220000
-0.003058344,0.003726310,0.861280793,-0.000601686,0.058747504,-0.000118173,0.998272686,0.001283597,-0.245977001,-1.290344483,0.078243406,-0.009234923,-0.182095291,0.015923019,-0.264105227,-1.385889656,0.093880266,-0.010115698,-0.220800000,-0.000000995,0.709000000,0.957613088,1.364217900,0.492001194,1.931220000,0.087302427,-1.254253198,0.973773477,1.881032437,1.931220000
-0.003058497,0.003757819,0.861294887,-0.000582868,0.058335290,-0.000095064,0.998296872,0.002358715,-0.246162302,-1.290941480,0.078338848,-0.009227130,-0.182113303,0.016992852,-0.264287958,-1.386370235,0.094000566,-0.010107488,-0.220800000,-0.000000995,0.709000000,0.955628091,1.365508906,0.491793584,1.931220000,0.075921928,-1.253542315,0.976672699,1.884186078,1.931220000
-0.003111825,0.003757294,0.861334225,-0.000576714,0.057864152,-0.000081125,0.998324296,0.003614832,-0.246252719,-1.292021375,0.078349162,-0.009229161,-0.182139604,0.018229781,-0.264349851,-1.387284296,0.094003838,-0.010110963,-0.220800000,-0.000000997,0.709000000,0.955313145,1.372897215,0.491688049,1.931220000,0.057593456,-1.250842114,0.980167024,1.889596971,1.931220000
-0.003167503,0.003755353,0.861374679,-0.000571119,0.057390396,-0.000067591,0.998351647,0.004878952,-0.246338940,-1.293122621,0.078355713,-0.009231626,-0.182166270,0.019474097,-0.264406400,-1.388217522,0.094001936,-0.010114956,-0.220800000,-0.000001000,0.709000000,0.955072034,1.380555098,0.491587026,1.931220000,0.038957801,-1.248053962,0.983687660,1.895107661,1.931220000
-0.003285983,0.003660935,0.861357034,-0.000561130,0.057022625,-0.000070802,0.998372726,0.006708839,-0.246494828,-1.298109711,0.078302239,-0.009221847,-0.182285199,0.021156707,-0.264437750,-1.392378886,0.093924699,-0.010109504,-0.220800000,-0.000001000,0.709000000,0.960338062,1.387939760,0.491321564,1.931220000,0.020789168,-1.250919544,0.932922814,1.908993529,1.931220000
-0.003407410,0.003562178,0.861336664,-0.000550935,0.056659819,-0.000074798,0.998393387,0.008565267,-0.246653984,-1.303279094,0.078245950,-0.009211494,-0.182408457,0.022859879,-0.264467917,-1.396691688,0.093843928,-0.010103610,-0.220800000,-0.000001000,0.709000000,0.965862441,1.395311605,0.491048388,1.931220000,0.002642444,-1.254050356,0.879611319,1.923272295,1.931220000
-0.003471191,0.003562602,0.861240717,-0.000488329,0.056219209,-0.000125359,0.998418322,0.009874387,-0.247002372,-1.305008345,0.078448001,-0.009116324,-0.182499860,0.023715881,-0.264768725,-1.396622352,0.094157947,-0.009980619,-0.220800000,-0.000001000,0.709000000,0.972423031,1.400482074,0.488749945,1.931220000,-0.007425595,-1.266357164,0.791804055,1.920524419,1.931220000
-0.003532344,0.003567545,0.861141326,-0.000423335,0.055775042,-0.000178041,0.998443255,0.011158563,-0.247359385,-1.306580806,0.078661825,-0.009017288,-0.182589812,0.024533271,-0.265081869,-1.396353292,0.094489959,-0.009852291,-0.220800000,-0.000001000,0.709000000,0.979030849,1.405552212,0.486359198,1.931220000,-0.017125434,-1.279082185,0.702424587,1.917000524,1.931220000
-0.003517223,0.003550918,0.861057488,-0.000409242,0.055445794,-0.000183133,0.998461598,0.011559771,-0.247260827,-1.304943282,0.078646202,-0.008881566,-0.182657244,0.024491640,-0.264963699,-1.392985350,0.094549511,-0.009692365,-0.220800000,-0.000001000,0.709000000,0.981110066,1.409609022,0.485820217,1.931220000,-0.014905814,-1.287409340,0.633085130,1.911733465,1.931220000
-0.003498718,0.003533334,0.860974341,-0.000397408,0.055121639,-0.000186113,0.998479550,0.011921798,-0.247142053,-1.303163312,0.078620396,-0.008744217,-0.182723677,0.024411890,-0.264826390,-1.389479893,0.094596972,-0.009531037,-0.220800000,-0.000001000,0.709000000,0.982988323,1.413620865,0.485363409,1.931220000,-0.012157262,-1.295541338,0.564634960,1.906389051,1.931220000
-0.003530555,0.003463402,0.860909960,-0.000358791,0.055157309,-0.000280829,0.998477573,0.011763019,-0.247078244,-1.302899921,0.078590528,-0.008733767,-0.182728304,0.024135397,-0.264775341,-1.389039510,0.094600727,-0.009517390,-0.220800000,-0.000001000,0.709000000,0.982334392,1.407820150,0.486304323,1.931220000,-0.000636555,-1.295903918,0.558729407,1.912169583,1.931220000
-0.003564749,0.003391019,0.860846457,-0.000318921,0.055209822,-0.000379840,0.998474651,0.011579860,-0.247017008,-1.302707526,0.078560469,-0.008729257,-0.182730038,0.023849694,-0.264728330,-1.388742613,0.094602436,-0.009510657,-0.220800000,-0.000001000,0.709000000,0.981561920,1.401560075,0.487310670,1.931220000,0.011294807,-1.295902785,0.555751788,1.918470913,1.931220000
-0.003420223,0.003415020,0.860786553,-0.000363487,0.055399601,-0.000370920,0.998464128,0.011289102,-0.246933573,-1.302430975,0.078564683,-0.008722402,-0.182730734,0.023545072,-0.264669121,-1.388384028,0.094653008,-0.009499951,-0.220800000,-0.000001000,0.709000000,0.978591794,1.387359137,0.487927597,1.931220000,0.015394805,-1.294153494,0.555731457,1.917203120,1.931220000
-0.003267570,0.003443404,0.860726812,-0.000411892,0.055595620,-0.000357092,0.998453219,0.010993451,-0.246849128,-1.302150596,0.078570455,-0.008715441,-0.182731382,0.023239589,-0.264609358,-1.388022637,0.094705802,-0.009489064,-0.220800000,-0.000001000,0.709000000,0.975521723,1.372797063,0.488526813,1.931220000,0.019138645,-1.292324700,0.555845618,1.915591097,1.931220000
-0.003148225,0.003515242,0.860706076,-0.000452375,0.055777056,-0.000316626,0.998443096,0.010664716,-0.246867257,-1.301842383,0.078599666,-0.008706040,-0.182732536,0.022927629,-0.264646677,-1.387665075,0.094768856,-0.009476572,-0.220800000,-0.000001000,0.708379431,0.971354541,1.356278119,0.488354078,1.931220000,0.014734763,-1.289023490,0.561344390,1.909239526,1.931220000
-0.003030360,0.003589011,0.860687073,-0.000492507,0.055957842,-0.000274977,0.998432973,0.010334510,-0.246889945,-1.301532932,0.078629919,-0.008696530,-0.182733712,0.022615380,-0.264688310,-1.387307682,0.094832367,-0.009464009,-0.220800000,-0.000001000,0.707731284,0.967138602,1.339672210,0.488147037,1.931220000,0.009968788,-1.285656844,0.567082459,1.902677325,1.931220000
-0.003086077,0.003649001,0.860769921,-0.000526704,0.055927625,-0.000258228,0.998434653,0.010194444,-0.246923852,-1.301051757,0.078724315,-0.008672834,-0.182739323,0.022483169,-0.264707160,-1.386815531,0.094887431,-0.009440989,-0.220800000,-0.000001000,0.705065519,0.966704212,1.319917386,0.483328618,1.931220000,-0.002766076,-1.282624608,0.579323640,1.895765284,1.931220000
-0.003149971,0.003708343,0.860857568,-0.000560621,0.055887467,-0.000242653,0.998436887,0.010063334,-0.246958288,-1.300562491,0.078821733,-0.008648470,-0.182745144,0.022359439,-0.264724936,-1.386317031,0.094942098,-0.009417477,-0.220800000,-0.000001000,0.702304705,0.966447969,1.300014219,0.478292960,1.931220000,-0.015876350,-1.279608125,0.591871178,1.888836761,1.931220000
-0.003166030,0.003711570,0.860900485,-0.000587939,0.055611577,-0.000240851,0.998452277,0.010565734,-0.246884571,-1.300087059,0.078853284,-0.008630399,-0.182750821,0.022872904,-0.264630479,-1.385882822,0.094916346,-0.009402480,-0.220800000,-0.000001000,0.693604428,0.970993611,1.286739848,0.471008310,1.931220000,-0.027285676,-1.278049749,0.601137116,1.887233555,1.931220000
-0.003179899,0.003712225,0.860941353,-0.000614955,0.055324885,-0.000239680,0.998468188,0.011097151,-0.246805899,-1.299612261,0.078881817,-0.008612617,-0.182756491,0.023415556,-0.264530880,-1.385451559,0.094886912,-0.009387872,-0.220800000,-0.000001000,0.684632086,0.975759210,1.273769118,0.463620642,1.931220000,-0.038617088,-1.276558163,0.610252735,1.885874281,1.931220000
-0.003185140,0.003642461,0.860961367,-0.000553975,0.055236971,-0.000366125,0.998473052,0.011288701,-0.246734736,-1.299307660,0.078736537,-0.008605283,-0.182762807,0.023489611,-0.264465937,-1.385110363,0.094754270,-0.009380592,-0.220800000,-0.000001000,0.671918859,0.981811566,1.263383089,0.457753357,1.931216654,-0.036382180,-1.274033174,0.619550816,1.892002152,1.931220000
-0.003190000,0.003569582,0.860980459,-0.000489101,0.055157852,-0.000498217,0.998477403,0.011465213,-0.246663905,-1.299010590,0.078583566,-0.008598411,-0.182769151,0.023542934,-0.264402528,-1.384773152,0.094617061,-0.009373635,-0.220800000,-0.000001000,0.659040118,0.987920854,1.253111420,0.451953340,1.931213160,-0.033547035,-1.271462462,0.628856970,1.898461289,1.931220000
-0.003121704,0.003524847,0.860965101,-0.000488952,0.055071317,-0.000506188,0.998482176,0.011734844,-0.246541514,-1.298816463,0.078505582,-0.008595869,-0.182772045,0.023793815,-0.264287481,-1.384547510,0.094552150,-0.009370425,-0.220800000,-0.000001000,0.648469191,0.991112733,1.246576641,0.447380307,1.931216180,-0.032025115,-1.267993231,0.638212187,1.900341315,1.931220000
-0.003049981,0.003481430,0.860948128,-0.000491835,0.054984434,-0.000508345,0.998486961,0.012008838,-0.246416707,-1.298627158,0.078431110,-0.008593530,-0.182774777,0.024053951,-0.264170015,-1.384327096,0.094490625,-0.009367390,-0.220800000,-0.000001000,0.638006376,0.994167942,1.240216922,0.442864754,1.931219506,-0.030564714,-1.264481908,0.647569703,1.902006826,1.931220000
-0.003083478,0.003452562,0.860974155,-0.000495537,0.055012035,-0.000449038,0.998485468,0.011879070,-0.246309020,-1.298573927,0.078311323,-0.008592528,-0.182778162,0.023953487,-0.264060808,-1.384245240,0.094373105,-0.009366278,-0.220800000,-0.000001000,0.634876029,0.993287599,1.236737668,0.443828958,1.931219809,-0.030443255,-1.263123944,0.659377341,1.904115527,1.931220000
-0.003121755,0.003424356,0.861002135,-0.000499278,0.055044839,-0.000386939,0.998483684,0.011730952,-0.246202111,-1.298526880,0.078189477,-0.008591586,-0.182781578,0.023836634,-0.263951977,-1.384169682,0.094253040,-0.009365252,-0.220800000,-0.000001000,0.632078911,0.992228402,1.233389318,0.445042193,1.931219975,-0.030382646,-1.261863841,0.671296327,1.906244369,1.931220000
-0.003205000,0.003344433,0.860990012,-0.000486235,0.055159555,-0.000342955,0.998477376,0.011334614,-0.246049038,-1.298513140,0.078062382,-0.008592103,-0.182784660,0.023459633,-0.263793539,-1.384117782,0.094120472,-0.009366264,-0.220800000,-0.000001000,0.636374070,0.988147468,1.233309657,0.450817608,1.931219990,-0.020939320,-1.258756461,0.685065413,1.912542598,1.931220000
-0.003290232,0.003262226,0.860976118,-0.000472452,0.055277890,-0.000299772,0.998470852,0.010927310,-0.245893927,-1.298500871,0.077935055,-0.008592683,-0.182787727,0.023071138,-0.263632910,-1.384066927,0.093987352,-0.009367366,-0.220800000,-0.000001000,0.640982561,0.983933036,1.233374405,0.456794577,1.931219999,-0.011081473,-1.255567470,0.698916235,1.919025026,1.931220000
-0.003212914,0.003281614,0.860987044,-0.000477114,0.055326133,-0.000229003,0.998468196,0.010900224,-0.245875495,-1.298420270,0.077845410,-0.008590747,-0.182791010,0.023084757,-0.263607560,-1.383950977,0.093886758,-0.009365766,-0.220800000,-0.000001000,0.650609267,0.976712106,1.235398654,0.464565351,1.931220000,-0.008689725,-1.249000583,0.717561086,1.918924714,1.931220000
-0.003127971,0.003305767,0.860999135,-0.000482642,0.055371088,-0.000156941,0.998465715,0.010890976,-0.245863476,-1.298336464,0.077757533,-0.008588692,-0.182794304,0.023117239,-0.263588556,-1.383831974,0.093787690,-0.009364039,-0.220800000,-0.000001000,0.660471389,0.969350134,1.237514828,0.472420277,1.931220000,-0.006648228,-1.242275232,0.736430836,1.918515592,1.931220000
-0.003050406,0.003226683,0.860978899,-0.000493942,0.055422521,-0.000165371,0.998462855,0.010879622,-0.245655298,-1.298232077,0.077661594,-0.008588174,-0.182796604,0.023093801,-0.263379250,-1.383710505,0.093689029,-0.009363285,-0.220800000,-0.000001000,0.653070031,0.955988780,1.230383360,0.476476009,1.931220000,0.004322080,-1.225326133,0.759183527,1.918393032,1.931220000
-0.002973176,0.003142900,0.860957191,-0.000505504,0.055474249,-0.000177465,0.998459974,0.010868173,-0.245438194,-1.298126753,0.077565288,-0.008587725,-0.182798859,0.023067819,-0.263161284,-1.383588924,0.093590386,-0.009362576,-0.220800000,-0.000001000,0.644882993,0.942354386,1.222831022,0.480358836,1.931220000,0.015698748,-1.207911741,0.782112935,1.918283513,1.931220000
-0.003106519,0.002958485,0.860931637,-0.000453818,0.056255940,-0.000348727,0.998416217,0.009036407,-0.245134349,-1.298449144,0.077299278,-0.008596948,-0.182800656,0.021096495,-0.262858925,-1.383895032,0.093344391,-0.009370687,-0.220800000,-0.000001000,0.633653053,0.912390805,1.211277514,0.493170760,1.931220000,0.045173277,-1.175545902,0.804808772,1.919087586,1.931220000
-0.003249200,0.002769608,0.860905913,-0.000399327,0.057069961,-0.000527047,0.998369963,0.007123924,-0.244826659,-1.298790501,0.077025744,-0.008606599,-0.182802433,0.019038909,-0.262552825,-1.384220104,0.093091862,-0.009379188,-0.220800000,-0.000001000,0.622288183,0.881703143,1.199546583,0.506378625,1.931220000,0.075450315,-1.142517073,0.827494253,1.919932169,1.931220000
-0.003353526,0.002626962,0.860850287,-0.000414980,0.057938087,-0.000491424,0.998319971,0.005045730,-0.244488527,-1.299132626,0.076827155,-0.008613649,-0.182803751,0.016976793,-0.262209914,-1.384530561,0.092898639,-0.009385491,-0.220800000,-0.000001000,0.611607679,0.824439573,1.183405621,0.523850040,1.931220000,0.101227649,-1.095216271,0.848853430,1.911514481,1.931220000
-0.003456052,0.002486486,0.860793258,-0.000433925,0.058808710,-0.000445756,0.998269076,0.002959756,-0.244148966,-1.299474788,0.076632085,-0.008620576,-0.182805048,0.014914464,-0.261865275,-1.384840332,0.092708200,-0.009391690,-0.220800000,-0.000001000,0.600959301,0.765928396,1.167057629,0.541521607,1.931220000,0.126793744,-1.047245470,0.870150343,1.902661976,1.931220000
-0.003505874,0.001952794,0.860635641,-0.000383498,0.059286282,-0.000407628,0.998240864,0.001786897,-0.243379464,-1.299585407,0.076531958,-0.008624153,-0.182805063,0.013758378,-0.261097671,-1.384893984,0.092614122,-0.009394972,-0.220800359,-0.000001000,0.579412182,0.688753234,1.125340296,0.530762867,1.926354245,0.140517755,-0.975695754,0.885553213,1.885285456,1.931220000
-0.003553291,0.001401154,0.860473432,-0.000329905,0.059745903,-0.000369843,0.998213495,0.000655715,-0.242590339,-1.299685457,0.076436165,-0.008627576,-0.182805021,0.012643655,-0.260310763,-1.384935945,0.092524443,-0.009398121,-0.220800735,-0.000001000,0.557367620,0.610726205,1.082465049,0.518706503,1.921266406,0.153701266,-0.903069843,0.900687065,1.867519880,1.931220000
-0.004113294,0.001451521,0.860415530,-0.000250609,0.059502270,-0.000269352,0.998228102,0.000017598,-0.242616479,-1.298281904,0.076096497,-0.008591174,-0.182818504,0.011961446,-0.260290095,-1.383134410,0.092094660,-0.009380893,-0.220793756,-0.000000093,0.526421340,0.474551854,1.000706034,0.497948877,1.919512858,0.192942634,-0.797923327,0.965464623,1.848635232,1.931220000
-0.004698183,0.001531114,0.860362691,-0.000170065,0.059224490,-0.000165817,0.998244661,-0.000596581,-0.242682198,-1.296805355,0.075744989,-0.008552838,-0.182832643,0.011300235,-0.260306625,-1.381243377,0.091648365,-0.009362676,-0.220786421,0.000000857,0.495042901,0.335554581,0.917059298,0.476768824,1.917921183,0.233449052,-0.691198008,1.032652271,1.829696255,1.931220000
-0.005657122,0.002126855,0.859063518,-0.000508035,0.058801507,-0.000148484,0.998269554,-0.001415829,-0.242889001,-1.296127513,0.076032128,-0.008542400,-0.182829532,0.010594571,-0.260589737,-1.380514350,0.091996992,-0.009351446,-0.220785964,0.000000037,0.471299067,0.231677286,0.883866030,0.502708951,1.923920267,0.242424461,-0.612589207,1.051132563,1.803540463,1.931220000
-0.006633573,0.002746759,0.857705999,-0.000865597,0.058371709,-0.000135187,0.998294534,-0.002244677,-0.243102408,-1.295487061,0.076349164,-0.008533268,-0.182825614,0.009886826,-0.260885329,-1.379839721,0.092382832,-0.009340544,-0.220785829,-0.000000866,0.447912636,0.129444081,0.853034666,0.530854939,1.930274701,0.249923793,-0.535296637,1.067332693,1.777046826,1.931220000
-0.007019975,0.003218836,0.857061784,-0.001162895,0.058317483,-0.000024305,0.998297410,-0.003081889,-0.243330758,-1.294676967,0.076822200,-0.008562786,-0.182827240,0.009201614,-0.261190449,-1.379029021,0.092944411,-0.009361404,-0.220789864,-0.000000041,0.431663836,0.025556735,0.833074996,0.572854451,1.930854836,0.236942110,-0.452203817,1.078907124,1.750008615,1.931220000
-0.007379504,0.003684180,0.856450055,-0.001457448,0.058280356,0.000091022,0.998299187,-0.003919482,-0.243559789,-1.293859146,0.077302341,-0.008594064,-0.182829118,0.008517429,-0.261496004,-1.378212123,0.093513992,-0.009383711,-0.220794089,0.000000863,0.415740111,-0.078405948,0.813610465,0.615484907,1.931171986,0.223027642,-0.368846830,1.090270884,1.722945602,1.931220000
-0.007951912,0.003058457,0.855728878,-0.001393964,0.059014331,0.000043584,0.998256161,-0.006736380,-0.242945990,-1.293168706,0.077883381,-0.008674658,-0.182840856,0.005719579,-0.260998829,-1.377527819,0.094270417,-0.009448254,-0.220796875,0.000000041,0.390855222,-0.167312512,0.800016831,0.666351723,1.931201731,0.227739173,-0.279869393,1.101541215,1.692822395,1.931220000
-0.008534585,0.002380125,0.855002424,-0.001313214,0.059785453,-0.000011703,0.998210386,-0.009648716,-0.242291551,-1.292484409,0.078469287,-0.008757631,-0.182853069,0.002819813,-0.260462947,-1.376849908,0.095035850,-0.009514834,-0.220799592,-0.000000864,0.365538243,-0.255493100,0.786706280,0.717615679,1.931217617,0.233348813,-0.190620949,1.112807042,1.662551631,1.931220000
-0.009101356,0.001409741,0.854731194,-0.000926512,0.061422264,0.000060056,0.998111438,-0.016657984,-0.241785215,-1.283659548,0.080021387,-0.009917328,-0.182902021,-0.004372319,-0.260331257,-1.367483658,0.097151120,-0.010753808,-0.220799850,-0.000000950,0.293213782,-0.307081514,0.800968567,0.814429684,1.931219125,0.224463034,-0.108292324,1.149104141,1.637393348,1.931220000
-0.009667380,0.000425656,0.854481319,-0.000525454,0.063099507,0.000137774,0.998007093,-0.023859447,-0.241285827,-1.274452795,0.081618813,-0.011127536,-0.182952697,-0.011765816,-0.260218527,-1.357709819,0.099329714,-0.012047782,-0.220799993,-0.000000998,0.218684100,-0.356953312,0.816524354,0.913380538,1.931219959,0.214897243,-0.026288323,1.186575511,1.612474902,1.931220000
-0.009986754,0.000693895,0.854106803,-0.000290300,0.064176766,0.000638850,0.997938300,-0.030350323,-0.242704626,-1.261770286,0.084267400,-0.012639086,-0.183097015,-0.018300198,-0.262006705,-1.343766476,0.102538056,-0.013864173,-0.220800000,-0.000000093,0.145740183,-0.370002937,0.841240765,0.918422620,1.927840343,0.207250569,0.026107102,1.213450648,1.601159978,1.931220000
-0.010294814,0.001019580,0.853726570,-0.000062757,0.065226416,0.001159345,0.997869814,-0.036808602,-0.244211416,-1.248928338,0.086964206,-0.014164460,-0.183245628,-0.024795170,-0.263882081,-1.329631869,0.105793634,-0.015704528,-0.220800000,0.000000856,0.072869007,-0.381363457,0.866377390,0.919156925,1.924305659,0.199691929,0.077144324,1.239839716,1.590469074,1.931220000
-0.010008831,0.001645390,0.854246145,0.000163663,0.065639728,0.001720408,0.997841891,-0.038482119,-0.245916483,-1.245026346,0.087733001,-0.014599096,-0.183283945,-0.026296891,-0.265635397,-1.325148442,0.106682796,-0.016269441,-0.220800000,0.000000039,0.024276380,-0.353735274,0.871531391,0.891079932,1.919653674,0.176862286,0.102794439,1.249797519,1.583954011,1.931220000
-0.009694185,0.002285681,0.854809137,0.000390028,0.066022306,0.002283427,0.997815458,-0.039924766,-0.247631116,-1.241555717,0.088408767,-0.014981103,-0.183316941,-0.027557683,-0.267382824,-1.321130694,0.107457776,-0.016772811,-0.220800000,-0.000000865,-0.023144783,-0.324225847,0.875721211,0.861612765,1.914947778,0.153295803,0.127219602,1.258962497,1.577640437,1.931220000
-0.009379834,0.001487260,0.856087028,0.000563492,0.066022749,0.002399673,0.997815073,-0.039856400,-0.246570032,-1.239278176,0.088264874,-0.015149155,-0.183325070,-0.027654932,-0.266097165,-1.318255063,0.106968082,-0.017073059,-0.220800000,-0.000000040,-0.047726026,-0.288587180,0.889144941,0.832713055,1.910325316,0.146085163,0.084674981,1.263434506,1.499946315,1.921303064
-0.009065497,0.000621347,0.857398456,0.000734474,0.066005265,0.002494960,0.997815885,-0.039717150,-0.245378732,-1.237056605,0.088082528,-0.015307170,-0.183332032,-0.027697596,-0.264669217,-1.315433012,0.106419060,-0.017363778,-0.220800000,0.000000865,-0.071235799,-0.252660977,0.903001853,0.803839967,1.905706769,0.139641811,0.038988665,1.267686358,1.418903579,1.910920904
-0.008654030,0.000433878,0.858124175,0.000964839,0.065414608,0.002546441,0.997854455,-0.037869027,-0.244946985,-1.235386116,0.086891191,-0.015375565,-0.183327706,-0.026079118,-0.263963069,-1.312990606,0.104805261,-0.017535063,-0.220800307,0.000000948,-0.083330450,-0.226007603,0.919078927,0.782596152,1.901961965,0.115625981,-0.004726290,1.257544748,1.339187742,1.899191238
-0.008238145,0.000277264,0.858823257,0.001197904,0.064797855,0.002595930,0.997894315,-0.035943188,-0.244549782,-1.233740690,0.085653967,-0.015439883,-0.183322867,-0.024385094,-0.263289748,-1.310565466,0.103143038,-0.017700917,-0.220800627,0.000000993,-0.094905960,-0.199775941,0.935256969,0.761699304,1.898256898,0.090810984,-0.048351592,1.246748548,1.259532249,1.887400291
-0.008180806,0.000361535,0.859100792,0.001148678,0.064423401,0.002317936,0.997919302,-0.034950669,-0.243807697,-1.232468103,0.084365022,-0.015485176,-0.183320380,-0.023814871,-0.262252553,-1.308443808,0.101383495,-0.017826812,-0.220799878,0.000000997,-0.099217699,-0.176105858,0.954781817,0.742904772,1.893876227,0.078616014,-0.084124789,1.224250845,1.188058526,1.879701971
-0.008140802,0.000457454,0.859357945,0.001085804,0.064060649,0.002024109,0.997943364,-0.034003275,-0.243048938,-1.231213542,0.083073575,-0.015529548,-0.183318008,-0.023298984,-0.261197764,-1.306336822,0.099619246,-0.017950775,-0.220799076,0.000001000,-0.103178235,-0.152559627,0.974468483,0.724211887,1.889462890,0.067031222,-0.119518338,1.201187374,1.116980391,1.872201530
-0.008452089,0.000416565,0.859083906,0.000913263,0.065431259,0.001972399,0.997854712,-0.041472404,-0.240964512,-1.214237804,0.082838037,-0.015693939,-0.183326180,-0.031842743,-0.258488694,-1.285064265,0.098543066,-0.018533429,-0.220799269,0.000001000,-0.103629437,-0.138984024,1.016004715,0.712569855,1.889798016,0.135718572,-0.131038974,1.055098091,1.077989350,1.869053567
-0.008780121,0.000369154,0.858784546,0.000735491,0.066884365,0.001932225,0.997758592,-0.049342739,-0.238816893,-1.196512654,0.082652834,-0.015864052,-0.183334855,-0.040818366,-0.255700766,-1.262878106,0.097499685,-0.019137949,-0.220799509,0.000001000,-0.103913353,-0.125883711,1.058582493,0.701263930,1.890359496,0.208232410,-0.141421614,0.903144297,1.040527868,1.866113082
-0.009108153,0.000321743,0.858485186,0.000557718,0.068337328,0.001892047,0.997660322,-0.057213075,-0.236669274,-1.178787504,0.082467631,-0.016034164,-0.183343529,-0.049793988,-0.252912837,-1.240691947,0.096456304,-0.019742469,-0.220799749,0.000001000,-0.104197270,-0.112783398,1.101160271,0.689958004,1.890920976,0.280746248,-0.151804253,0.751190504,1.003066385,1.863172596
-0.009436186,0.000274333,0.858185825,0.000379945,0.069790137,0.001851866,0.997559904,-0.065083411,-0.234521655,-1.161062354,0.082282427,-0.016204276,-0.183352204,-0.058769611,-0.250124909,-1.218505788,0.095412924,-0.020346988,-0.220799989,0.000001000,-0.104481186,-0.099683084,1.143738050,0.678652079,1.891482456,0.353260086,-0.162186893,0.599236711,0.965604902,1.860232111
-0.009987828,0.000524464,0.857820040,0.000166505,0.071437375,0.001261008,0.997444276,-0.070116462,-0.234281338,-1.158872647,0.082691808,-0.016241707,-0.183357244,-0.064259718,-0.249856374,-1.216029510,0.095766446,-0.020437621,-0.220800000,0.000001000,-0.067958421,-0.087602898,1.160576873,0.690254477,1.887119515,0.360203852,-0.160661189,0.558857408,0.971509870,1.858192725
-0.010550304,0.000789011,0.857451036,-0.000048664,0.073093815,0.000643466,0.997324861,-0.075012050,-0.234133428,-1.157435614,0.083129995,-0.016272710,-0.183362107,-0.069580956,-0.249709900,-1.214508152,0.096187647,-0.020503357,-0.220800000,0.000001000,-0.029652417,-0.075572136,1.176168674,0.702966755,1.882517993,0.363970826,-0.158558541,0.523883758,0.979515892,1.856196997
-0.010458818,0.000577169,0.857175771,-0.000064093,0.074203276,0.000066201,0.997243132,-0.082139002,-0.232627979,-1.137577418,0.085400676,-0.016915762,-0.183400954,-0.077485010,-0.248224225,-1.193547100,0.098468012,-0.021354761,-0.220800000,0.000001000,-0.000605649,-0.079963892,1.158222879,0.735422166,1.879818244,0.373668945,-0.145852428,0.345795455,0.981356963,1.851568530
-0.010336652,0.000342979,0.856904903,-0.000070152,0.075286974,-0.000509175,0.997161776,-0.089370632,-0.231058846,-1.116855047,0.087757323,-0.017587526,-0.183441395,-0.085510230,-0.246675725,-1.171674090,0.100835595,-0.022243023,-0.220800000,0.000001000,0.028006749,-0.085126064,1.138703763,0.768803769,1.877207712,0.383645306,-0.132648883,0.160993338,0.982908824,1.846816556
-0.010227082,0.000334680,0.856659506,-0.000114832,0.075566445,-0.000473579,0.997140650,-0.093456524,-0.229727998,-1.101614875,0.088813084,-0.018276045,-0.183491371,-0.089826610,-0.245359678,-1.155713428,0.101918951,-0.023105879,-0.220800000,0.000001000,0.049873355,-0.093588874,1.119598838,0.788247493,1.874955490,0.375310699,-0.130439574,0.085275893,1.010410895,1.846570541
-0.010118086,0.000336661,0.856415268,-0.000161271,0.075809314,-0.000410178,0.997122236,-0.097399251,-0.228407994,-1.086624203,0.089809640,-0.018965327,-0.183541782,-0.093974198,-0.244054210,-1.140021843,0.102943860,-0.023967578,-0.220800000,0.000001000,0.071432952,-0.102201901,1.100512762,0.807056889,1.872719575,0.366142740,-0.128730625,0.014523011,1.039093988,1.846529597
-0.010045812,0.000333853,0.856178063,-0.000205895,0.075658384,-0.000366953,0.997133708,-0.099669538,-0.227351699,-1.075143086,0.090706599,-0.019598536,-0.183591705,-0.096359649,-0.243017758,-1.128160492,0.103853903,-0.024734238,-0.220800000,0.000001000,0.089944005,-0.115250942,1.086532316,0.824338360,1.870716939,0.362772979,-0.126338767,-0.020024797,1.047691809,1.846689265
-0.009975317,0.000330812,0.855941199,-0.000250431,0.075488374,-0.000324705,0.997146598,-0.101858799,-0.226308181,-1.063832003,0.091598732,-0.020229027,-0.183641605,-0.098659726,-0.241994339,-1.116484712,0.104758382,-0.025496293,-0.220800000,0.000001000,0.108307359,-0.128514903,1.072799232,0.841545805,1.868725605,0.359684135,-0.123913824,-0.052818513,1.055316523,1.846858652
-0.009892010,0.000294918,0.855760834,-0.000548309,0.074710920,-0.000492871,0.997204961,-0.101487870,-0.225031663,-1.057293354,0.092367531,-0.020617262,-0.183673883,-0.098308456,-0.240677507,-1.110200221,0.105291551,-0.025922130,-0.220800000,0.000001000,0.115653233,-0.146153994,1.063575250,0.852342073,1.866655562,0.354458500,-0.121014867,-0.064694913,1.053163498,1.847711921
-0.009808103,0.000257483,0.855583119,-0.000858071,0.073904913,-0.000670906,0.997264698,-0.100996838,-0.223744214,-1.050978590,0.093130543,-0.020994133,-0.183705335,-0.097832807,-0.239346911,-1.104168648,0.105807302,-0.026332194,-0.220800000,0.000001000,0.122482253,-0.163998332,1.054562799,0.862837580,1.864581826,0.349132623,-0.118093673,-0.075590036,1.050551778,1.848597272
-0.009730748,0.000243131,0.855517065,-0.000892606,0.073290671,-0.000624554,0.997310027,-0.101062743,-0.222910097,-1.043950716,0.093470351,-0.021513423,-0.183747777,-0.097806224,-0.238507283,-1.097455995,0.105978104,-0.026856429,-0.220800000,0.000001000,0.126462273,-0.172923950,1.043794754,0.871627049,1.863077733,0.341770234,-0.113191330,-0.084424145,1.047383646,1.849673730
-0.009653694,0.000229840,0.855456144,-0.000914489,0.072685220,-0.000567885,0.997354350,-0.101154251,-0.222096819,-1.036890060,0.093790703,-0.022039261,-0.183790724,-0.097800285,-0.237690225,-1.090712033,0.106133049,-0.027385912,-0.220800000,0.000001000,0.130311323,-0.181439571,1.032946004,0.880338090,1.861599827,0.334314225,-0.108197911,-0.093163507,1.044189934,1.850758972
-0.009549375,0.000186587,0.855423873,-0.001161638,0.071426424,-0.000549912,0.997445043,-0.099845662,-0.220591781,-1.029120762,0.094170173,-0.022651823,-0.183836967,-0.096268725,-0.236139404,-1.083681356,0.106119477,-0.027957419,-0.220800000,0.000001000,0.129314599,-0.183825094,1.018936438,0.884741105,1.860998339,0.331117128,-0.096841099,-0.099340616,1.046424334,1.851356996
-0.009443743,0.000141890,0.855392983,-0.001419640,0.070136027,-0.000533801,0.997536284,-0.098469610,-0.219053410,-1.021317318,0.094552492,-0.023268565,-0.183883370,-0.094663653,-0.234553226,-1.076636864,0.106097785,-0.028530951,-0.220800000,0.000001000,0.128084381,-0.185915237,1.004774569,0.888936537,1.860439082,0.328125246,-0.085177666,-0.105394263,1.048920288,1.851931542
-0.009372541,0.000146835,0.855385187,-0.001352078,0.069304041,-0.000434971,0.997594573,-0.098056803,-0.218170149,-1.013638192,0.094441650,-0.023955878,-0.183932596,-0.094077282,-0.233711395,-1.069585727,0.105822938,-0.029156974,-0.220800000,0.000001000,0.132511324,-0.176336401,0.989094127,0.890893380,1.862080972,0.324685223,-0.071213985,-0.109106203,1.053316255,1.852540919
-0.009302955,0.000154110,0.855378475,-0.001269231,0.068493533,-0.000332257,0.997650698,-0.097689215,-0.217317642,-1.005964903,0.094307657,-0.024646505,-0.183981954,-0.093538735,-0.232904507,-1.062534279,0.105536207,-0.029785462,-0.220800000,0.000001000,0.137203843,-0.166209763,0.973342395,0.892745132,1.863826194,0.321224161,-0.057142319,-0.112708212,1.057801418,1.853151931
-0.009027789,0.000098191,0.855359091,-0.001221969,0.066496066,-0.001018062,0.997785420,-0.095417583,-0.214599465,-0.990114330,0.093322709,-0.026254704,-0.184097379,-0.091705964,-0.230547563,-1.048005925,0.104828407,-0.031226668,-0.220800000,0.000001000,0.137700890,-0.154258636,0.948978712,0.894411782,1.865497452,0.334944744,-0.046566934,-0.114303216,1.062842191,1.853169564
-0.008743273,0.000039398,0.855339130,-0.001176319,0.064444308,-0.001739724,0.997919095,-0.093059360,-0.211796442,-0.973891869,0.092299060,-0.027904632,-0.184215808,-0.089814334,-0.228120125,-1.033137534,0.104101458,-0.032704834,-0.220800000,0.000001000,0.138007133,-0.142224533,0.924223373,0.896070013,1.867165347,0.349446720,-0.036150554,-0.115806945,1.067908232,1.853160212
-0.008461384,-0.000060873,0.855471144,-0.001193046,0.062463295,-0.002202839,0.998044118,-0.089295936,-0.209924503,-0.965644037,0.091331816,-0.028775771,-0.184261043,-0.086371437,-0.226460423,-1.025665929,0.103316114,-0.033453572,-0.220800000,0.000001000,0.138740510,-0.128674399,0.913904107,0.900769104,1.868907473,0.367046275,-0.037483817,-0.096428088,1.045557685,1.855041865
-0.008179621,-0.000163148,0.855610500,-0.001212782,0.060485455,-0.002653453,0.998164815,-0.085464617,-0.208097551,-0.957781515,0.090367297,-0.029609282,-0.184302742,-0.082853589,-0.224837816,-1.018551715,0.102527948,-0.034167066,-0.220800000,0.000001000,0.139494525,-0.115051015,0.904282347,0.905615121,1.870653186,0.384795495,-0.039384787,-0.076040248,1.021882453,1.857014886
-0.007909681,-0.000218297,0.855738169,-0.001118172,0.059220935,-0.002442409,0.998241286,-0.083193815,-0.206487419,-0.950380286,0.088640968,-0.030475710,-0.184351757,-0.080517943,-0.223444321,-1.011697853,0.101106901,-0.034919763,-0.220800000,0.000001000,0.146704128,-0.097707306,0.891721859,0.912826479,1.873289406,0.403522415,-0.049685649,-0.037020879,0.982679931,1.858619369
-0.007640296,-0.000271232,0.855865288,-0.001018188,0.057989839,-0.002200278,0.998314229,-0.080996323,-0.204887471,-0.943000727,0.086878850,-0.031343684,-0.184401115,-0.078237835,-0.222061588,-1.004856222,0.099656123,-0.035674301,-0.220800000,0.000001000,0.154217002,-0.080188823,0.879023315,0.920148955,1.875967460,0.422295265,-0.060381119,0.002873760,0.942747969,1.860206539
-0.007456899,-0.000282194,0.855971296,-0.000908846,0.057378773,-0.001834221,0.998350382,-0.080213112,-0.203516844,-0.936491964,0.085132011,-0.032136399,-0.184436729,-0.077304271,-0.220857122,-0.998707657,0.098179017,-0.036393983,-0.220800000,0.000001000,0.162796227,-0.062297836,0.863212905,0.927377451,1.879118184,0.441833271,-0.078541808,0.056500398,0.894404606,1.861934814
-0.007277770,-0.000291074,0.856076257,-0.000799040,0.056798453,-0.001462013,0.998384275,-0.079500087,-0.202157597,-0.930026414,0.083385929,-0.032925378,-0.184471662,-0.076437531,-0.219661503,-0.992593487,0.096700605,-0.037111936,-0.220800000,0.000001000,0.171428371,-0.044388362,0.847248065,0.934601282,1.882292365,0.461409248,-0.097072969,0.110808505,0.845643816,1.863670091
-0.007079757,-0.000271595,0.856192030,-0.000875961,0.055878984,-0.001298890,0.998436320,-0.077956429,-0.200464866,-0.923578582,0.081911099,-0.033685633,-0.184496727,-0.074765121,-0.218064274,-0.986740616,0.095245070,-0.037786606,-0.220800000,0.000001000,0.174963478,-0.031207079,0.828507241,0.937342550,1.884790789,0.478101346,-0.122404113,0.164629295,0.794911599,1.864649897
-0.006880832,-0.000250746,0.856308324,-0.000961896,0.054943091,-0.001145862,0.998488367,-0.076372664,-0.198756032,-0.917131606,0.080449365,-0.034444502,-0.184521316,-0.073053811,-0.216447654,-0.980900361,0.093790639,-0.038459185,-0.220800000,0.000001000,0.178252480,-0.018254091,0.809632382,0.939867382,1.887256585,0.494654199,-0.148063588,0.218426554,0.744084193,1.865593227
-0.006717635,-0.000191056,0.856395553,-0.000890226,0.054223428,-0.000899679,0.998528026,-0.075335278,-0.197542555,-0.910828847,0.079038924,-0.035182723,-0.184541250,-0.071867483,-0.215334635,-0.975086263,0.092445032,-0.039122343,-0.220800000,0.000001000,0.184138978,-0.009290023,0.787582448,0.942595881,1.888418885,0.508121491,-0.176727739,0.261658411,0.696486033,1.866129502
-0.006556125,-0.000129531,0.856481408,-0.000811110,0.053513951,-0.000649095,0.998566562,-0.074323703,-0.196352478,-0.904532901,0.077630906,-0.035919969,-0.184560965,-0.070705955,-0.214245407,-0.969273400,0.091104567,-0.039785057,-0.220800000,0.000001000,0.190148184,-0.000514396,0.765382521,0.945334002,1.889519607,0.521443019,-0.205533835,0.304391147,0.649040426,1.866646547
-0.006352618,-0.000052050,0.856755135,-0.000696697,0.052497995,-0.000269294,0.998620750,-0.072639106,-0.194531243,-0.896102319,0.075150466,-0.036766175,-0.184574234,-0.068804786,-0.212485750,-0.961397647,0.088608042,-0.040582464,-0.220800000,0.000001000,0.146512773,-0.001604784,0.721890612,0.926236871,1.894895540,0.526103483,-0.220488794,0.315419922,0.626282714,1.866351117
-0.006147019,0.000026226,0.857038215,-0.000580526,0.051466717,0.000116941,0.998674535,-0.070920998,-0.192678582,-0.887565449,0.072616628,-0.037617806,-0.184587183,-0.066866789,-0.210692711,-0.953419179,0.086053954,-0.041386578,-0.220800000,0.000001000,0.100405476,-0.003186417,0.677338541,0.906052529,1.900484343,0.530332698,-0.234754083,0.324870105,0.604754253,1.866015234
-0.006165069,0.000015667,0.857080762,-0.000527671,0.050983385,0.000247214,0.998699332,-0.071279337,-0.190831043,-0.877942495,0.071397335,-0.038509056,-0.184598551,-0.067177031,-0.208916723,-0.944236780,0.084806109,-0.042272522,-0.220800000,0.000001000,0.116778463,-0.016027982,0.637318755,0.903792680,1.897541445,0.523510080,-0.225953058,0.291894858,0.628305578,1.866083563
-0.006193918,0.000000819,0.857111694,-0.000477874,0.050526500,0.000365128,0.998722540,-0.071737936,-0.188983751,-0.868267100,0.070241513,-0.039402218,-0.184609843,-0.067595826,-0.207141560,-0.934996251,0.083621334,-0.043162417,-0.220800000,0.000001000,0.136168245,-0.029413222,0.597517805,0.902398296,1.894186603,0.516153835,-0.216038299,0.256871142,0.654033534,1.866171410
-0.006327753,-0.000102346,0.857587543,-0.000202930,0.050139471,0.000405903,0.998742123,-0.071286942,-0.187954072,-0.863490841,0.068202782,-0.039447917,-0.184619751,-0.067393324,-0.206002178,-0.929616197,0.081627766,-0.043337406,-0.220800316,0.000001000,0.102252667,-0.010541240,0.566955512,0.866299213,1.899153533,0.498198326,-0.195927249,0.216744461,0.707797457,1.866500985
-0.006466502,-0.000209646,0.858084219,0.000082552,0.049755700,0.000443068,0.998761316,-0.070793366,-0.186962668,-0.858943927,0.066122718,-0.039453943,-0.184629595,-0.067161737,-0.204892559,-0.924416865,0.079596335,-0.043478927,-0.220800648,0.000001000,0.065841678,0.009840814,0.536825713,0.828575482,1.904510036,0.479746629,-0.175338874,0.176378892,0.762873842,1.866841875
-0.006318920,-0.000183150,0.858253476,0.000456668,0.048419074,0.000979336,0.998826524,-0.067786710,-0.187709442,-0.857814242,0.065854116,-0.039385684,-0.184633558,-0.063930514,-0.205592150,-0.922763129,0.079416775,-0.043479654,-0.220800363,0.000001000,0.026946089,0.008442931,0.520037887,0.799517235,1.914493069,0.461989167,-0.163233137,0.163596448,0.802939585,1.868037084
-0.006157110,-0.000150006,0.858406463,0.000835187,0.047034986,0.001540404,0.998891706,-0.064655173,-0.188542589,-0.856854368,0.065675529,-0.039313733,-0.184637229,-0.060550233,-0.206381645,-0.921285583,0.079329238,-0.043473384,-0.220800048,0.000001000,-0.012072965,0.005962750,0.503913055,0.770889596,1.924706007,0.444266203,-0.151548922,0.152184676,0.842259412,1.869274745
-0.006196477,-0.000101830,0.858599879,0.001078501,0.045783430,0.001613220,0.998949504,-0.061752305,-0.188971702,-0.856448443,0.065190084,-0.039197541,-0.184641741,-0.057796499,-0.206750143,-0.920195169,0.078983080,-0.043441139,-0.220800018,0.000001000,-0.045821074,0.001868147,0.490501131,0.750349992,1.927916035,0.428631210,-0.143248959,0.139944538,0.878013209,1.870355732
-0.006245525,-0.000052931,0.858795241,0.001315306,0.044538181,0.001662539,0.999005434,-0.058860440,-0.189381373,-0.856069174,0.064689874,-0.039079220,-0.184646293,-0.055072914,-0.207098382,-0.919123383,0.078624477,-0.043407644,-0.220800002,0.000001000,-0.079315549,-0.002304140,0.477219749,0.730199578,1.930789089,0.413096688,-0.135111843,0.127664540,0.913595412,1.871429180
-0.006699815,0.000070905,0.858828605,0.001402034,0.045308133,0.001207601,0.998971345,-0.060826893,-0.189849705,-0.857472832,0.064372492,-0.038447809,-0.184667486,-0.058104268,-0.207256805,-0.917380889,0.078771609,-0.043100656,-0.220800001,0.000001000,-0.089285810,-0.012336216,0.473613417,0.729199484,1.931061896,0.405632449,-0.121499866,0.095432835,0.931384936,1.872571627
-0.007173103,0.000198253,0.858854374,0.001481725,0.046172513,0.000729024,0.998932116,-0.063021100,-0.190320787,-0.858960072,0.064063681,-0.037792346,-0.184689458,-0.061405409,-0.207406330,-0.915606953,0.078942448,-0.042780847,-0.220800000,0.000001000,-0.098153274,-0.022642995,0.470460645,0.729097143,1.931212805,0.398546538,-0.107631232,0.062265808,0.948340353,1.873717309
-0.007332663,0.000322583,0.858587246,0.001451403,0.047475018,0.000096910,0.998871366,-0.066418168,-0.190669698,-0.858606135,0.064987268,-0.037466866,-0.184692742,-0.065727251,-0.207636270,-0.913256085,0.080294236,-0.042688442,-0.220797090,0.000001000,-0.096932538,-0.043201896,0.475802071,0.735702746,1.931219980,0.401399322,-0.093366115,0.053934428,0.941452725,1.875674647
-0.007476603,0.000446763,0.858305534,0.001415601,0.048799239,-0.000542849,0.998807457,-0.069875128,-0.191012527,-0.858160522,0.065972217,-0.037157818,-0.184695095,-0.070099916,-0.207870215,-0.910876491,0.081704825,-0.042607360,-0.220794035,0.000001000,-0.095209494,-0.064271267,0.481566437,0.742642348,1.931219999,0.404746970,-0.079081255,0.046839655,0.933377915,1.877672398
-0.007430736,0.000438570,0.858047546,0.001183573,0.049162083,-0.001186292,0.998789408,-0.070848499,-0.190390204,-0.856888740,0.066603635,-0.037103144,-0.184688543,-0.071682487,-0.207239741,-0.908983156,0.082535360,-0.042647294,-0.220791255,0.000001000,-0.099295841,-0.083311341,0.488955375,0.753017854,1.931220000,0.418795102,-0.065414497,0.046486935,0.903910138,1.880360470
-0.007375717,0.000423995,0.857790702,0.000942082,0.049478546,-0.001829912,0.998773066,-0.071702117,-0.189721342,-0.855577122,0.067218007,-0.037060735,-0.184681560,-0.073130525,-0.206567587,-0.907113269,0.083337927,-0.042693064,-0.220788488,0.000001000,-0.103662304,-0.102253567,0.496422646,0.763559032,1.931220000,0.433359190,-0.051777543,0.046459303,0.873410836,1.883081828
-0.007506947,0.000485600,0.857531164,0.000530866,0.049696858,-0.002564704,0.998760914,-0.072900157,-0.188637476,-0.852972506,0.068095841,-0.037168628,-0.184671147,-0.074846675,-0.205544631,-0.904586565,0.084310628,-0.042819777,-0.220788206,0.000001000,-0.104383905,-0.111820170,0.518194607,0.771618592,1.931220000,0.440259720,-0.036509069,0.047780084,0.860249204,1.886201431
-0.007646902,0.000550774,0.857271501,0.000111699,0.049910534,-0.003303765,0.998748222,-0.074114331,-0.187534169,-0.850307318,0.068986017,-0.037283562,-0.184660573,-0.076575385,-0.204505242,-0.902029091,0.085291300,-0.042950282,-0.220788041,0.000001000,-0.104934756,-0.120947559,0.540636691,0.779561896,1.931220000,0.446801240,-0.021164164,0.049164033,0.847899779,1.889339690
-0.007624826,0.000554999,0.857053966,-0.000000858,0.049592887,-0.003158160,0.998764523,-0.074289769,-0.187016607,-0.846756453,0.069771038,-0.037532898,-0.184652983,-0.076628970,-0.204036528,-0.898557473,0.086127912,-0.043200569,-0.220792249,0.000001000,-0.093915516,-0.127606850,0.565130169,0.792084468,1.931220000,0.459020811,-0.006832585,0.048431391,0.825615498,1.892183177
-0.007594709,0.000556200,0.856838523,-0.000098200,0.049248866,-0.002968652,0.998782122,-0.074413659,-0.186528114,-0.843161634,0.070550841,-0.037788904,-0.184645541,-0.076599426,-0.203596134,-0.895040488,0.086957375,-0.043456800,-0.220796675,0.000001000,-0.082322096,-0.134143658,0.589725450,0.804834291,1.931220000,0.471522164,0.007448707,0.047593711,0.802838187,1.895012035
-0.007529146,0.000560718,0.856563587,-0.000108127,0.048883444,-0.002584416,0.998801140,-0.074547963,-0.186242004,-0.839317456,0.071341501,-0.038147728,-0.184639469,-0.076440669,-0.203333656,-0.891174217,0.087776650,-0.043839836,-0.220798294,0.000001000,-0.060433664,-0.142708574,0.604928042,0.821298175,1.931220000,0.482669192,0.019384659,0.044410366,0.782354931,1.896855819
-0.007461868,0.000565397,0.856285775,-0.000113829,0.048516974,-0.002190763,0.998819949,-0.074682772,-0.185965679,-0.835461223,0.072132687,-0.038511523,-0.184633463,-0.076275666,-0.203079781,-0.887291057,0.088595432,-0.044229004,-0.220799777,0.000001000,-0.038047470,-0.151371547,0.619676498,0.837941633,1.931220000,0.493750739,0.031207214,0.041113608,0.761982593,1.898651975
-0.007341964,0.000553648,0.855932957,0.000244179,0.049064923,-0.004392168,0.998785904,-0.077041303,-0.184798296,-0.824347383,0.072510432,-0.040084233,-0.184640026,-0.081066564,-0.202577477,-0.875415848,0.091037360,-0.045990443,-0.220799918,0.000001000,-0.016477496,-0.169522853,0.649971402,0.855904064,1.931220000,0.504029364,0.029189199,0.028342677,0.735135680,1.897078710
-0.007219575,0.000541124,0.855576599,0.000619355,0.049655759,-0.006716056,0.998743619,-0.079504812,-0.183588848,-0.812890925,0.072868660,-0.041714014,-0.184647182,-0.086091420,-0.202063445,-0.863163349,0.093555913,-0.047816663,-0.220799996,0.000001000,0.005053945,-0.188122086,0.681000224,0.873928762,1.931220000,0.514270084,0.026517797,0.015124488,0.707983114,1.895346381
-0.007061644,0.000415941,0.855244477,0.000895364,0.049634814,-0.008106178,0.998734136,-0.081176266,-0.181337611,-0.798335824,0.072801767,-0.044271908,-0.184651329,-0.090004168,-0.200373339,-0.846744038,0.095985499,-0.050908237,-0.220800000,0.000001000,0.018975478,-0.207085360,0.712093773,0.895289183,1.931220000,0.525148561,0.015325040,-0.000957182,0.677446619,1.891898218
-0.006901949,0.000285171,0.854913557,0.001166454,0.049583445,-0.009449978,0.998724596,-0.082808440,-0.179034708,-0.783627051,0.072713791,-0.046875830,-0.184655327,-0.093861762,-0.198624907,-0.830118081,0.098410673,-0.054062565,-0.220800000,0.000001000,0.032519610,-0.226066689,0.743190533,0.916815035,1.931220000,0.536058667,0.003709682,-0.017180862,0.646742303,1.888364961
-0.006684755,0.000099803,0.854633799,0.001084255,0.048913363,-0.008712382,0.998764438,-0.082633833,-0.177408619,-0.775742325,0.073125555,-0.048412852,-0.184636562,-0.093494236,-0.196958748,-0.821226808,0.099327457,-0.055974675,-0.220800000,0.000001000,0.041034435,-0.242664506,0.762262779,0.930416260,1.931220000,0.545171934,-0.005334936,-0.028400026,0.627183139,1.885913330
-0.006464778,-0.000088207,0.854356517,0.000984962,0.048213291,-0.007874071,0.998805540,-0.082371810,-0.175815277,-0.768187767,0.073561499,-0.049898254,-0.184616696,-0.092922286,-0.195296569,-0.812709762,0.100171261,-0.057826683,-0.220800000,0.000001000,0.049305927,-0.259147003,0.780753245,0.943634069,1.931220000,0.554198266,-0.014255174,-0.039377058,0.608163209,1.883514031
-0.006326485,-0.000212020,0.854222236,0.000877158,0.047530608,-0.006681210,0.998847052,-0.084349668,-0.171903739,-0.747995423,0.073781381,-0.054796156,-0.184526365,-0.094246923,-0.190632429,-0.790749751,0.099651626,-0.064104626,-0.220800000,0.000001000,0.041912194,-0.274610265,0.823053189,0.956062703,1.930582621,0.555380005,-0.017757588,-0.060051976,0.606013550,1.882099358
-0.006192026,-0.000332819,0.854094668,0.000768952,0.046848652,-0.005471692,0.998886717,-0.086432676,-0.167883372,-0.727209798,0.073991120,-0.059854258,-0.184432725,-0.095660595,-0.185827362,-0.768158660,0.099067985,-0.070590345,-0.220800000,0.000001000,0.033783056,-0.290025679,0.866470869,0.968454290,1.929915320,0.556193479,-0.021005662,-0.081182161,0.604655867,1.880730909
-0.006274789,-0.000252746,0.854209943,0.000959185,0.047762865,-0.007255682,0.998831890,-0.090138344,-0.164663799,-0.710706724,0.072779633,-0.064466405,-0.184387118,-0.101613650,-0.182549160,-0.749918487,0.099148449,-0.076693017,-0.220800000,0.000001000,0.024301174,-0.292225659,0.901314857,0.959874265,1.929339169,0.546231629,-0.032016040,-0.087295725,0.621145618,1.879948370
-0.006368332,-0.000162704,0.854337269,0.001164223,0.048756070,-0.009188196,0.998767774,-0.093924539,-0.161483965,-0.694416177,0.071497616,-0.069056420,-0.184343894,-0.107791977,-0.179346731,-0.731894234,0.099261870,-0.082776680,-0.220800000,0.000001000,0.014752160,-0.293769805,0.935733364,0.950253497,1.928767542,0.535735040,-0.043411632,-0.092664068,0.638521072,1.879194907
-0.006662893,-0.000023966,0.854557538,0.001132941,0.050947806,-0.008526683,0.998664275,-0.101325865,-0.159781580,-0.684230958,0.071802251,-0.072027892,-0.184327614,-0.114757249,-0.177049104,-0.720571745,0.098729741,-0.086923395,-0.220800000,0.000001000,-0.013753260,-0.288203005,0.966178772,0.928865522,1.925389608,0.521641743,-0.044773522,-0.104988735,0.673490186,1.879233578
-0.006967133,0.000117117,0.854782282,0.001090273,0.053196977,-0.007740215,0.998553445,-0.108901267,-0.158150337,-0.674339723,0.072183287,-0.074921428,-0.184312632,-0.121760415,-0.174795045,-0.709571960,0.098166529,-0.090976841,-0.220800000,0.000001000,-0.043171470,-0.282293798,0.996432866,0.906910932,1.921876544,0.507375257,-0.045652268,-0.117648363,0.709306471,1.879310391
-0.007012884,0.000260506,0.855115933,0.000901135,0.053114323,-0.008451305,0.998552268,-0.110129454,-0.154780083,-0.660631246,0.071188809,-0.078475727,-0.184318037,-0.123312245,-0.170964544,-0.696014634,0.096070534,-0.095265073,-0.220800000,0.000001000,-0.064852446,-0.273553734,1.051734808,0.877002502,1.917896523,0.485481151,-0.047919824,-0.122540763,0.757940196,1.879451236
-0.007045364,0.000404014,0.855455174,0.000704478,0.052911933,-0.009239270,0.998556191,-0.111031796,-0.151320554,-0.646726803,0.070123716,-0.082063949,-0.184324489,-0.124584221,-0.167053113,-0.682326012,0.093895851,-0.099565358,-0.220800000,0.000001000,-0.086136217,-0.264668342,1.108322625,0.846685748,1.913892529,0.463195467,-0.050258678,-0.127034419,0.807231926,1.879595368
-0.007105078,0.000497057,0.855782743,0.000709319,0.052839365,-0.008657489,0.998565244,-0.111357917,-0.150768528,-0.643721955,0.069503050,-0.082737309,-0.184333298,-0.124330021,-0.166283764,-0.679420870,0.092578620,-0.100365332,-0.220800000,0.000001000,-0.101660841,-0.253720387,1.129649839,0.823007523,1.910787711,0.454539947,-0.054570102,-0.120344994,0.823852169,1.879329443
-0.007166144,0.000587595,0.856109733,0.000724160,0.052773219,-0.008007729,0.998574153,-0.111655442,-0.150360791,-0.641258014,0.068904439,-0.083266016,-0.184342223,-0.124000084,-0.165670345,-0.677050873,0.091303942,-0.100991598,-0.220800000,0.000001000,-0.116899660,-0.242670075,1.149227200,0.799658743,1.907727516,0.446560841,-0.058979416,-0.113100595,0.838851046,1.879043169
-0.007217259,0.000589225,0.856314680,0.000701579,0.052799842,-0.006696997,0.998582413,-0.112407108,-0.149991748,-0.639302444,0.068530553,-0.083525402,-0.184347808,-0.123410591,-0.164928865,-0.675143619,0.089736699,-0.101359409,-0.220800000,0.000001000,-0.130098709,-0.246679914,1.170323947,0.785627660,1.908497280,0.447654035,-0.070631384,-0.103132461,0.835112682,1.876844758
-0.007267895,0.000586574,0.856513751,0.000677194,0.052830839,-0.005354426,0.998588891,-0.113180643,-0.149624568,-0.637371353,0.068167489,-0.083771820,-0.184353232,-0.122808600,-0.164181218,-0.673258648,0.088155369,-0.101714774,-0.220800000,0.000001000,-0.143199538,-0.251414931,1.191493857,0.772045244,1.909451465,0.449184078,-0.082632101,-0.093033174,0.830472081,1.874554272
-0.007232070,0.000563567,0.856496664,0.000609080,0.052856212,-0.004127599,0.998593417,-0.113995306,-0.149289815,-0.635421222,0.068396628,-0.083989785,-0.184352348,-0.122266096,-0.163447896,-0.671305169,0.087151795,-0.102087037,-0.220800000,0.000001000,-0.143756333,-0.263948058,1.204341657,0.773627270,1.911518896,0.454910594,-0.097863795,-0.085288629,0.815971597,1.871554880
-0.007191840,0.000539523,0.856468566,0.000538738,0.052881223,-0.002906663,0.998596434,-0.114812064,-0.148956714,-0.633470122,0.068655934,-0.084206302,-0.184351142,-0.121726623,-0.162715303,-0.669348201,0.086177653,-0.102460161,-0.220800000,0.000001000,-0.143674147,-0.276878413,1.216765538,0.775981757,1.913643035,0.460850875,-0.113260072,-0.077664032,0.800968861,1.868519376
-0.007230662,0.000565712,0.856651835,0.000787483,0.054303808,-0.004612088,0.998513498,-0.117243272,-0.148954739,-0.633004802,0.067710692,-0.084213435,-0.184355345,-0.125468489,-0.162729071,-0.669017360,0.085259740,-0.102502278,-0.220800000,0.000001000,-0.133272282,-0.284785254,1.219364188,0.782567074,1.913540045,0.478370952,-0.147309310,-0.069828097,0.750563105,1.863220622
-0.007273405,0.000594392,0.856845587,0.001052049,0.055795401,-0.006462616,0.998420753,-0.119754546,-0.148969186,-0.632613166,0.066705713,-0.084210183,-0.184359817,-0.129422680,-0.162779853,-0.668767164,0.084344615,-0.102527980,-0.220800000,0.000001000,-0.122358630,-0.292442963,1.221475572,0.789362212,1.913326604,0.496465309,-0.182283608,-0.061981681,0.698401596,1.857809626
-0.007485536,0.000653821,0.856758165,0.001054558,0.057805595,-0.006019345,0.998309155,-0.125066358,-0.149080961,-0.632147967,0.066950599,-0.084149850,-0.184359966,-0.134454964,-0.162895159,-0.668199399,0.084667494,-0.102522039,-0.220799582,0.000001000,-0.124010620,-0.293468794,1.217127004,0.786772646,1.913682593,0.505361634,-0.201424692,-0.062438118,0.670449271,1.855060052
-0.007705834,0.000714733,0.856657186,0.001044427,0.059840552,-0.005465448,0.998192440,-0.130513206,-0.149197428,-0.631679221,0.067255751,-0.084086764,-0.184359908,-0.139539231,-0.163013576,-0.667616322,0.085050067,-0.102514572,-0.220799144,0.000001000,-0.126268500,-0.294174849,1.212466950,0.783730568,1.914066040,0.513814449,-0.219802330,-0.063294903,0.643664264,1.852438807
-0.007981627,0.000687255,0.856599329,0.000855526,0.062118772,-0.006652571,0.998046226,-0.136085772,-0.148595676,-0.631361555,0.067896645,-0.084048506,-0.184359146,-0.145946600,-0.162494429,-0.667689969,0.085719726,-0.102357717,-0.220799520,0.000001000,-0.119396268,-0.291233689,1.208547042,0.780378985,1.913497509,0.518363954,-0.234952097,-0.068678385,0.631894824,1.850707188
-0.008260247,0.000655275,0.856543670,0.000657513,0.064408972,-0.007928337,0.997891875,-0.141664741,-0.147957337,-0.631051586,0.068554640,-0.084011513,-0.184358349,-0.152421366,-0.161942806,-0.667797069,0.086404009,-0.102193252,-0.220799936,0.000001000,-0.112058959,-0.288106745,1.204664837,0.777011636,1.912880485,0.522714629,-0.249937438,-0.074292453,0.620890261,1.849020885
-0.008324526,0.000655788,0.856444250,0.000664046,0.065256213,-0.010083549,0.997817372,-0.144250778,-0.147141344,-0.626466686,0.070222718,-0.084282234,-0.184355513,-0.156948242,-0.161955672,-0.664929943,0.089630021,-0.101572361,-0.220799997,0.000001000,-0.094925970,-0.283622001,1.188914917,0.780878534,1.911629056,0.510960796,-0.249522781,-0.098630917,0.644524420,1.848932507
-0.008378188,0.000657911,0.856342663,0.000680706,0.066031653,-0.012282265,0.997741702,-0.146688584,-0.146316552,-0.621670062,0.071940822,-0.084568195,-0.184352575,-0.161378644,-0.161996497,-0.661915512,0.092981918,-0.100928864,-0.220800040,0.000001000,-0.077307828,-0.279070009,1.172577223,0.785103725,1.910346207,0.498409352,-0.248345406,-0.123896747,0.669874137,1.848923270
-0.008214250,0.000670069,0.856137644,0.001026691,0.064863183,-0.013647233,0.997800314,-0.144350490,-0.145060144,-0.612609025,0.071623128,-0.086016039,-0.184365654,-0.160993117,-0.161504327,-0.653172274,0.095145426,-0.101898222,-0.220800022,0.000001000,-0.051911085,-0.287825717,1.149952429,0.807877291,1.908258212,0.475830557,-0.233364785,-0.155298479,0.717050392,1.848932918
-0.008039820,0.000682712,0.855927639,0.001388551,0.063600770,-0.014971954,0.997862142,-0.141782113,-0.143782925,-0.603342367,0.071207272,-0.087519907,-0.184379505,-0.160375374,-0.160986458,-0.644152803,0.097251633,-0.102945348,-0.220800001,0.000001000,-0.026139273,-0.297223097,1.127024484,0.831545224,1.906131395,0.452768263,-0.217718598,-0.186996073,0.765279080,1.848943477
-0.007796195,0.000712260,0.855409331,0.001980406,0.061803927,-0.014930224,0.997974670,-0.138048668,-0.145124803,-0.600592281,0.072266078,-0.087921108,-0.184380002,-0.157057746,-0.162590806,-0.640850839,0.099451813,-0.103495191,-0.220800000,0.000001000,-0.009053191,-0.319703126,1.124844357,0.851379907,1.904384242,0.424985099,-0.183786309,-0.186821907,0.765129487,1.849973182
-0.007549037,0.000742672,0.854875288,0.002583992,0.059979589,-0.014818701,0.998086258,-0.134255760,-0.146600356,-0.598174791,0.073400149,-0.088266030,-0.184379817,-0.153602321,-0.164303468,-0.637840687,0.101656789,-0.104019654,-0.220800000,0.000001000,0.007589584,-0.342850872,1.123723166,0.871018946,1.902656466,0.396960989,-0.148920726,-0.185021055,0.762510742,1.851054903
-0.007422252,0.000571684,0.854358622,0.002741117,0.059312493,-0.014660568,0.998128039,-0.133232886,-0.146608187,-0.595943866,0.074401692,-0.088884521,-0.184394477,-0.152960687,-0.164576138,-0.634903986,0.103909612,-0.104986286,-0.220800000,0.000001000,0.015518892,-0.368661690,1.124021144,0.894720221,1.899804692,0.367528104,-0.102824263,-0.182114108,0.761142642,1.851919270
-0.007301444,0.000390696,0.853842819,0.002876070,0.058702847,-0.014500116,0.998166044,-0.132347569,-0.146543133,-0.593722206,0.075396654,-0.089516597,-0.184409874,-0.152458784,-0.164777299,-0.631970933,0.106164812,-0.105974877,-0.220800000,0.000001000,0.023015494,-0.394604754,1.124389598,0.918623223,1.896897101,0.338025261,-0.056170080,-0.179152233,0.759836647,1.852772843
-0.007049382,0.000353294,0.853621466,0.002172998,0.058641853,-0.019371287,0.998088756,-0.130578091,-0.143967754,-0.592192955,0.076249316,-0.090188052,-0.184432214,-0.154359777,-0.162313598,-0.630893302,0.107495583,-0.106691223,-0.220800000,0.000001000,0.035365300,-0.395922470,1.122438429,0.931504410,1.896831089,0.280911859,-0.012180831,-0.173554876,0.765429262,1.852095630
-0.006790987,0.000322820,0.853414319,0.001429433,0.058605801,-0.024484739,0.997979867,-0.128765951,-0.141271249,-0.590697115,0.077095111,-0.090861407,-0.184454889,-0.156376712,-0.159721315,-0.629905197,0.108781750,-0.107394432,-0.220800000,0.000001000,0.047949279,-0.396051988,1.120375335,0.943853782,1.896902186,0.222466220,0.031679832,-0.167830353,0.771354740,1.851344554
-0.006610886,0.000072551,0.853690659,0.000510919,0.053689009,-0.026372514,0.998209257,-0.117176928,-0.138167127,-0.587107288,0.078003354,-0.092017094,-0.184494892,-0.146425069,-0.156791178,-0.626975234,0.110312946,-0.108115106,-0.220793104,0.000001000,0.057655171,-0.388480596,1.085366015,0.917305482,1.902442686,0.193058080,0.053423563,-0.158840024,0.780196290,1.850040707
-0.006434773,-0.000188913,0.853991626,-0.000416524,0.048522029,-0.028095212,0.998426812,-0.105089880,-0.135042241,-0.583410796,0.078914777,-0.093197351,-0.184535779,-0.135863759,-0.153843831,-0.623946355,0.111856624,-0.108836670,-0.220785856,0.000001000,0.067214456,-0.380516928,1.048678446,0.888775772,1.908261791,0.165129082,0.074040679,-0.149683339,0.789186381,1.848708703
-0.006061956,-0.000463612,0.854174759,-0.001404739,0.044534516,-0.026152882,0.998664473,-0.095692987,-0.131379182,-0.579306325,0.077191913,-0.095021427,-0.184598247,-0.124743505,-0.150187490,-0.620981610,0.109413493,-0.109739125,-0.220792074,0.000001000,0.073242132,-0.383065015,0.986081444,0.850068175,1.911943804,0.153772604,0.080240751,-0.119528550,0.784256250,1.845974787
-0.005679377,-0.000738967,0.854352043,-0.002395943,0.040604654,-0.024028155,0.998883461,-0.086429597,-0.127689414,-0.575181608,0.075338319,-0.096877454,-0.184661785,-0.113595512,-0.146495964,-0.618020047,0.106772511,-0.110650556,-0.220798960,0.000001000,0.079094548,-0.386134761,0.922198652,0.810855487,1.915519761,0.143238560,0.085725358,-0.088331702,0.778635309,1.843171299
-0.004731319,-0.000926325,0.854364841,-0.003364259,0.037424764,-0.020999358,0.999073118,-0.077083260,-0.114328550,-0.539897006,0.062057903,-0.120314032,-0.185033272,-0.099472184,-0.135554804,-0.599967774,0.090345277,-0.119268781,-0.220799592,0.000001000,0.110045162,-0.367501490,0.703322221,0.783294893,1.922731942,0.149530104,0.056118359,-0.145253996,0.864853509,1.844974946
-0.003756070,-0.001109452,0.854369729,-0.004331410,0.034280211,-0.017926681,0.999242083,-0.067732934,-0.100502640,-0.503114044,0.048228015,-0.144788336,-0.185419566,-0.085205785,-0.124265037,-0.581189845,0.073255115,-0.128257596,-0.220799923,0.000001000,0.142202653,-0.347824604,0.476992735,0.756294604,1.930118976,0.156630726,0.024823939,-0.206413605,0.955487905,1.847000134
-0.003482526,-0.001143760,0.854349306,-0.004270539,0.032578024,-0.014273031,0.999358152,-0.065042144,-0.099197517,-0.495926272,0.047314381,-0.150184388,-0.185486480,-0.079258391,-0.123257957,-0.576629286,0.071145009,-0.130332990,-0.220799966,0.000001000,0.133554903,-0.347000129,0.456677878,0.784446044,1.930158545,0.163441971,0.022871635,-0.215208347,0.954331792,1.847089827
-0.003244680,-0.001170497,0.854327596,-0.004157306,0.030948713,-0.010589604,0.999456229,-0.062690143,-0.098529361,-0.490244088,0.047057832,-0.154609876,-0.185537146,-0.073734208,-0.122773985,-0.572792005,0.069796981,-0.132056679,-0.220799996,0.000001000,0.122831278,-0.347134728,0.446843550,0.815403204,1.929824328,0.170238494,0.022412046,-0.221339145,0.948506044,1.847081056
-0.003158822,-0.001289639,0.854306597,-0.004247145,0.031079220,-0.008224438,0.999474063,-0.064301349,-0.096896479,-0.483952658,0.047055195,-0.160304533,-0.185578593,-0.072479980,-0.121022582,-0.568995074,0.067310925,-0.134343485,-0.220799998,0.000001000,0.109323079,-0.353341345,0.438329888,0.851068618,1.928627717,0.176779054,0.018216989,-0.229803160,0.935432300,1.847454040
-0.003080503,-0.001413364,0.854285634,-0.004347034,0.031296851,-0.005924609,0.999483121,-0.066109103,-0.095215752,-0.477631013,0.047065151,-0.166062134,-0.185619582,-0.071437513,-0.119208323,-0.565200145,0.064768430,-0.136658218,-0.220800000,0.000001000,0.095676782,-0.359849094,0.429881722,0.886967531,1.927388336,0.183306919,0.013836677,-0.238382886,0.921999104,1.847845957
-0.003507680,-0.001601765,0.854845217,-0.004303315,0.032030648,-0.004662134,0.999466750,-0.068892991,-0.094699086,-0.476491679,0.046659289,-0.167365548,-0.185641956,-0.072798252,-0.118530001,-0.564814085,0.063154643,-0.137034740,-0.220800000,0.000000095,0.092747656,-0.363786221,0.427418418,0.912657392,1.927103920,0.172251216,0.058592793,-0.178266560,0.798528084,1.849117356
-0.003959281,-0.001793290,0.855432849,-0.004252649,0.032789324,-0.003449772,0.999447284,-0.071724042,-0.094238664,-0.475602738,0.046233335,-0.168453749,-0.185663430,-0.074275106,-0.117906564,-0.564592731,0.061585729,-0.137317614,-0.220800000,-0.000000854,0.090336351,-0.367599144,0.425244284,0.937853983,1.926865645,0.160345929,0.105723030,-0.114831052,0.669740375,1.850431249
-0.003917603,-0.001930829,0.854694970,-0.003488054,0.034982418,-0.001957455,0.999379924,-0.077652884,-0.095619640,-0.473293003,0.046655049,-0.170688846,-0.185688327,-0.078601499,-0.119139250,-0.562633043,0.060906970,-0.138610523,-0.220786318,-0.000000945,0.090257632,-0.363675493,0.421463508,0.961717271,1.926611690,0.135245940,0.117385249,-0.040450573,0.619555922,1.839047287
-0.003850798,-0.002065617,0.853889571,-0.002687064,0.037248307,-0.000450861,0.999302327,-0.083739523,-0.097094416,-0.470910893,0.047119942,-0.172982364,-0.185713398,-0.083073045,-0.120466486,-0.560584806,0.060273555,-0.139954883,-0.220771939,-0.000000993,0.090297732,-0.359357749,0.417600892,0.985512642,1.926356936,0.109473827,0.127240761,0.034487432,0.573375442,1.827016509
-0.003970941,-0.001788371,0.854107366,-0.002248119,0.039125490,0.000427651,0.999231684,-0.094433016,-0.094589018,-0.444228491,0.055636281,-0.199080521,-0.186222163,-0.091043774,-0.117411611,-0.535837841,0.063177169,-0.157552715,-0.220784959,-0.000000997,0.098934636,-0.348295538,0.380123137,1.010115041,1.928668741,0.078701577,0.098327270,-0.086334098,0.712930138,1.836873130
-0.004100369,-0.001490663,0.854375972,-0.001827143,0.040983212,0.001274972,0.999157351,-0.105355283,-0.091885968,-0.416339351,0.064552450,-0.226360801,-0.186754948,-0.099188270,-0.114139123,-0.509963672,0.066256429,-0.175957684,-0.220799340,-0.000001000,0.107998452,-0.336898402,0.340976076,1.034757515,1.931107999,0.047681023,0.067488533,-0.216876927,0.861708328,1.847816665
-0.004471704,-0.001270851,0.854418816,-0.001064463,0.044741504,0.003800879,0.998990800,-0.115810050,-0.093872225,-0.413825294,0.064718306,-0.229241764,-0.186811885,-0.107617080,-0.115912474,-0.507047260,0.065792584,-0.178502997,-0.220800000,-0.000001000,0.121340751,-0.332797086,0.335508546,1.023272492,1.931219992,0.040911053,0.074724428,-0.229669153,0.873233820,1.847589372
-0.004854681,-0.001054786,0.854450796,-0.000285316,0.048590286,0.006407479,0.998798201,-0.126242320,-0.096084128,-0.412532265,0.064463104,-0.230948652,-0.186845925,-0.116059570,-0.117928627,-0.505235556,0.065158248,-0.180285156,-0.220800000,-0.000001000,0.134888928,-0.329046839,0.331661646,1.010049045,1.931219999,0.035307999,0.083792442,-0.236795320,0.878154828,1.846824548
-0.005170617,-0.000791800,0.854327177,0.000060086,0.050863637,0.006703284,0.998683109,-0.133109491,-0.097590109,-0.411061343,0.066516386,-0.232450892,-0.186877548,-0.122549012,-0.119262106,-0.503084631,0.066735259,-0.182238406,-0.220800000,-0.000001000,0.158942575,-0.324597523,0.322490636,0.985834535,1.930690124,0.015416412,0.119860617,-0.238250340,0.890464539,1.844824828
-0.005483147,-0.000526430,0.854195653,0.000383451,0.053056731,0.006881658,0.998567714,-0.139795531,-0.099060225,-0.409581383,0.068686953,-0.233942734,-0.186909048,-0.128939226,-0.120560901,-0.500916470,0.068424620,-0.184200349,-0.220800000,-0.000001000,0.183529967,-0.320112691,0.313049127,0.961061607,1.930133327,-0.005201125,0.157300577,-0.239417228,0.903149644,1.842762368
-0.005979222,-0.000217243,0.853971223,0.000177969,0.056952298,0.009008078,0.998336245,-0.151242403,-0.099757863,-0.409008756,0.070686192,-0.235194458,-0.186930853,-0.138476200,-0.120980549,-0.499781587,0.069540775,-0.185829126,-0.220800000,-0.000000096,0.207191468,-0.312692291,0.301161876,0.927315865,1.930610054,-0.011150948,0.192093989,-0.241172136,0.924958591,1.841970762
-0.006484399,0.000094118,0.853742186,-0.000053744,0.060931145,0.011230928,0.998078784,-0.162925381,-0.100417193,-0.408481128,0.072676934,-0.236434273,-0.186952176,-0.148169233,-0.121356596,-0.498697947,0.070628503,-0.187441380,-0.220800000,0.000000853,0.230807051,-0.305126307,0.289153333,0.893125132,1.931138036,-0.016373352,0.226756150,-0.242956206,0.947220020,1.841242182
-0.006986657,0.000178652,0.853357498,-0.000596867,0.064357749,0.012673234,0.997846237,-0.179396216,-0.100937183,-0.401019880,0.087728854,-0.244359288,-0.187122800,-0.161236088,-0.120747151,-0.489406392,0.080199269,-0.196620873,-0.220800000,0.000000948,0.266835419,-0.288004179,0.226488031,0.825655670,1.931190803,-0.020391459,0.250863103,-0.252802827,0.984867948,1.842079825
-0.007488761,0.000251288,0.852964646,-0.001156318,0.067754555,0.014074434,0.997602072,-0.196118195,-0.101449864,-0.393194934,0.103465890,-0.252634972,-0.187301255,-0.174479915,-0.120086012,-0.479684297,0.090215008,-0.206197301,-0.220800000,0.000000998,0.303514891,-0.270380790,0.161165563,0.756440595,1.931218644,-0.024346395,0.274416390,-0.263072365,1.023322965,1.842999624
-0.007840281,0.000561046,0.852646088,-0.001109493,0.070111796,0.012922166,0.997454822,-0.202955632,-0.101925216,-0.391171227,0.105953198,-0.255178580,-0.187330406,-0.181994354,-0.120560244,-0.477238513,0.092435067,-0.209101160,-0.220800000,0.000001000,0.326269800,-0.266736229,0.147828404,0.733734325,1.930718389,-0.030873115,0.304342437,-0.265976859,1.035549185,1.846040995
-0.008184131,0.000882883,0.852331315,-0.001031778,0.072415633,0.011639743,0.997306085,-0.209289561,-0.102398667,-0.389443030,0.107765579,-0.257430202,-0.187351952,-0.189216943,-0.121092311,-0.475163378,0.094258021,-0.211665125,-0.220800000,0.000001000,0.348315406,-0.263803736,0.137139325,0.713397168,1.930191234,-0.037530838,0.334593106,-0.268506186,1.046439337,1.849190436
-0.008372809,0.001042045,0.852079641,-0.000607233,0.073167400,0.013350827,0.997230123,-0.213411411,-0.104071038,-0.387092977,0.110656202,-0.259775255,-0.187365067,-0.192220400,-0.122754727,-0.471897645,0.097449292,-0.214920601,-0.220800000,0.000001000,0.362072719,-0.263692317,0.124998605,0.703276948,1.929341296,-0.042917616,0.364416755,-0.271317818,1.054015678,1.852985282
-0.008553796,0.001193145,0.851831093,-0.000165497,0.073841965,0.015210218,0.997153943,-0.217423630,-0.105802829,-0.384712104,0.113600263,-0.262124939,-0.187377764,-0.195014756,-0.124473164,-0.468572907,0.100708377,-0.218210350,-0.220800000,0.000001000,0.375419262,-0.263720711,0.112785942,0.693663081,1.928475360,-0.048241405,0.394219240,-0.274143441,1.061427787,1.856812114
-0.008560968,0.001123526,0.851738255,0.001094116,0.072131879,0.016720202,0.997254346,-0.215399894,-0.108771762,-0.381481861,0.116256756,-0.264323893,-0.187393442,-0.192697964,-0.127504444,-0.463431294,0.105000850,-0.223045107,-0.220800000,0.000001000,0.379473560,-0.264064899,0.098557934,0.710510363,1.927280880,-0.044450233,0.409024792,-0.273311008,1.050880678,1.858907110
-0.008559044,0.001042358,0.851653563,0.002396513,0.070296519,0.018211788,0.997357001,-0.213060349,-0.111805425,-0.378207178,0.118898203,-0.266514962,-0.187409277,-0.190113749,-0.130604415,-0.458194620,0.109347392,-0.227960701,-0.220800000,0.000001000,0.383041675,-0.264425610,0.084224480,0.728742129,1.926069210,-0.040182152,0.423045684,-0.272287181,1.039393918,1.860911494
-0.008456418,0.000642741,0.851762221,0.003404841,0.067075813,0.018643485,0.997567874,-0.206159435,-0.113026673,-0.375518564,0.119739749,-0.268058767,-0.187412108,-0.184144146,-0.131965366,-0.453365340,0.112786896,-0.233126615,-0.220800000,0.000001000,0.385565536,-0.266229902,0.071397222,0.756954749,1.924677969,-0.026769769,0.409849116,-0.270397741,1.016125312,1.858189095
-0.008348665,0.000226913,0.851880721,0.004398161,0.063783810,0.019021013,0.997772761,-0.199026321,-0.114155658,-0.372859783,0.120489670,-0.269569623,-0.187414278,-0.178002207,-0.133237792,-0.448556799,0.116180226,-0.238305272,-0.220800000,0.000001000,0.388036238,-0.268107681,0.058646637,0.785675453,1.923277586,-0.012891887,0.395267020,-0.268464236,0.992256941,1.855226075
-0.008010781,-0.000221713,0.852146950,0.003612552,0.060438463,0.017678320,0.998008827,-0.189284965,-0.109432146,-0.368823622,0.117559318,-0.274165186,-0.187441267,-0.170104143,-0.127952619,-0.441658070,0.114660998,-0.249540848,-0.220800000,0.000001000,0.389221975,-0.263933758,0.035874885,0.822426402,1.923231787,0.015302912,0.353871402,-0.270788824,0.959399501,1.851656752
-0.007661499,-0.000671965,0.852420496,0.002738789,0.057089661,0.016250193,0.998233039,-0.179414429,-0.104418777,-0.364719243,0.114446692,-0.278913526,-0.187469485,-0.162119103,-0.122342666,-0.434655820,0.112898465,-0.261076406,-0.220800000,0.000001000,0.390344071,-0.259460111,0.012606812,0.859575066,1.923253076,0.044206787,0.311147786,-0.273324302,0.926096856,1.848057400
-0.007484905,-0.000873372,0.852917731,0.002490662,0.055410025,0.014722090,0.998352035,-0.172736518,-0.101608785,-0.362362663,0.109653088,-0.281308169,-0.187477398,-0.156979425,-0.118980093,-0.430587377,0.108511828,-0.267896187,-0.220800000,0.000001000,0.402480338,-0.251107607,-0.005280557,0.861547374,1.924299363,0.114306043,0.210433123,-0.293218417,0.897044309,1.846144591
-0.007317368,-0.001061726,0.853426699,0.002275342,0.053817697,0.013188677,0.998461084,-0.166226075,-0.098914371,-0.360097762,0.104771310,-0.283579350,-0.187484245,-0.151988999,-0.115735405,-0.426672825,0.103987545,-0.274468606,-0.220800000,0.000001000,0.415194346,-0.242551639,-0.022885685,0.861674531,1.925399414,0.186566176,0.106676579,-0.314023066,0.868214697,1.844320249
-0.007128528,-0.000813764,0.853633330,0.001627300,0.055103604,0.012487483,0.998401226,-0.166803434,-0.095957287,-0.356823953,0.100121893,-0.287394663,-0.187481095,-0.152574980,-0.111754548,-0.421519814,0.097744929,-0.283777099,-0.220779761,0.000001000,0.422547525,-0.220862424,-0.054195153,0.851010559,1.928172741,0.254171351,0.015705486,-0.342718891,0.869361343,1.846506322
-0.006938603,-0.000543576,0.853824560,0.000957212,0.056535975,0.011828647,0.998330031,-0.167741838,-0.092986823,-0.353498751,0.095484313,-0.291288633,-0.187477436,-0.153445018,-0.107736192,-0.416303717,0.091414782,-0.293224965,-0.220758492,0.000001000,0.429627629,-0.198504214,-0.086202707,0.839796898,1.931031302,0.321539406,-0.074614328,-0.371816684,0.872034951,1.848896681
-0.006993007,-0.000367064,0.853845593,0.000625496,0.058936983,0.011601187,0.998194096,-0.173546040,-0.091554509,-0.349785883,0.095463572,-0.295264123,-0.187479818,-0.159006743,-0.105629087,-0.410999352,0.090264793,-0.302267857,-0.220773593,0.000001000,0.428479119,-0.168974485,-0.121258799,0.827606921,1.931191973,0.364152489,-0.117445196,-0.371822163,0.882319142,1.851671461
-0.007059545,-0.000195205,0.853858174,0.000310580,0.061385744,0.011395081,0.998049020,-0.179591875,-0.090198579,-0.346053764,0.095672101,-0.299243662,-0.187482500,-0.164801455,-0.103616894,-0.405690604,0.089372048,-0.311290639,-0.220790500,0.000001000,0.426921981,-0.139088623,-0.156466278,0.815368460,1.931218669,0.405536255,-0.157917792,-0.370382936,0.892981270,1.854465331
-0.007075813,-0.000038789,0.853966182,0.000248304,0.063432942,0.010914407,0.997926388,-0.184249855,-0.089692431,-0.343905390,0.095478731,-0.300906443,-0.187483928,-0.170002609,-0.102907311,-0.402616611,0.089448987,-0.316094952,-0.220795447,0.000001000,0.418396040,-0.107535211,-0.185941092,0.802255285,1.931219996,0.422111225,-0.179956108,-0.370964740,0.893508445,1.855973362
-0.007089459,0.000116821,0.854079170,0.000199212,0.065458924,0.010419360,0.997800845,-0.188835404,-0.089230633,-0.341839669,0.095264387,-0.302448316,-0.187485291,-0.175172785,-0.102265710,-0.399659246,0.089576534,-0.320679110,-0.220799769,0.000001000,0.409506407,-0.075894772,-0.215116726,0.789096459,1.931220000,0.437391460,-0.201032365,-0.371652019,0.893506692,1.857414287
-0.007304855,0.000003050,0.854119950,-0.000575535,0.068278408,0.009885426,0.997617164,-0.196180204,-0.086915058,-0.340299876,0.096431886,-0.304045447,-0.187484153,-0.182358636,-0.099814174,-0.398599785,0.089508711,-0.322280898,-0.220797109,0.000001000,0.401996982,-0.043125005,-0.240665487,0.760292931,1.931220000,0.445150290,-0.207010050,-0.351139543,0.878682615,1.857571302
-0.007530528,-0.000124443,0.854157051,-0.001387241,0.071137711,0.009349425,0.997421721,-0.203665557,-0.084505054,-0.338786874,0.097669775,-0.305645393,-0.187482888,-0.189647162,-0.097270442,-0.397637001,0.089430937,-0.323730766,-0.220794093,0.000001000,0.394557865,-0.010297712,-0.266029498,0.730692478,1.931220000,0.452525987,-0.212218628,-0.329547172,0.863103504,1.857662917
-0.007612993,-0.000227639,0.854168661,-0.001775737,0.072607866,0.009320021,0.997315437,-0.207984774,-0.083067365,-0.336507685,0.099025829,-0.307381193,-0.187483990,-0.193406238,-0.095912581,-0.396503854,0.089583793,-0.323980999,-0.220794872,0.000001000,0.390653516,0.015854335,-0.284497442,0.699224447,1.931220000,0.449640249,-0.203300749,-0.318672148,0.872028721,1.858229563
-0.007688356,-0.000329631,0.854179007,-0.002143242,0.074008997,0.009315724,0.997211759,-0.212146972,-0.081677896,-0.334190499,0.100387742,-0.309123730,-0.187485211,-0.196990276,-0.094613531,-0.395362257,0.089748088,-0.324171738,-0.220795839,0.000001000,0.386924468,0.041675333,-0.302623386,0.667663797,1.931220000,0.446245613,-0.193682293,-0.308328632,0.882169188,1.858819767
-0.007611716,-0.000397199,0.854189324,-0.002556050,0.073846854,0.008504984,0.997230051,-0.211860111,-0.079277795,-0.329584743,0.100828963,-0.313290793,-0.187491757,-0.196794173,-0.092855791,-0.393785798,0.089305506,-0.322973005,-0.220797173,0.000000998,0.388489626,0.064315796,-0.318496804,0.644746579,1.931220000,0.433626752,-0.174491460,-0.313417462,0.909011706,1.859871608
-0.007527128,-0.000462968,0.854199639,-0.002971224,0.073602906,0.007652070,0.997253844,-0.211340617,-0.076824850,-0.324859321,0.101222042,-0.317584630,-0.187498583,-0.196400412,-0.091074067,-0.392186600,0.088831191,-0.321701620,-0.220798526,0.000000995,0.390331608,0.086789955,-0.334252442,0.622281310,1.931220000,0.420525574,-0.154800106,-0.319313222,0.936727544,1.860947587
-0.007328040,-0.000438142,0.854204106,-0.003092339,0.072156291,0.007361103,0.997361379,-0.207777235,-0.076038464,-0.323008041,0.101414648,-0.319263136,-0.187501615,-0.192930627,-0.090538634,-0.391359970,0.088845481,-0.321410781,-0.220798807,0.000000093,0.391113417,0.100246598,-0.342783617,0.615648561,1.931220000,0.411360742,-0.131865403,-0.326988633,0.955727777,1.863083280
-0.007123131,-0.000408710,0.854208275,-0.003198497,0.070648368,0.007098688,0.997470895,-0.204059103,-0.075336805,-0.321302881,0.101597063,-0.320808681,-0.187504455,-0.189304457,-0.090066562,-0.390572616,0.088884612,-0.321169793,-0.220799032,-0.000000855,0.391841327,0.113244794,-0.350947504,0.609820731,1.931220000,0.402396034,-0.108765810,-0.334754521,0.974284913,1.865272848
-0.006958136,-0.000366980,0.854165681,-0.003005508,0.068908085,0.007176728,0.997592671,-0.199719822,-0.075265057,-0.319198868,0.101191951,-0.322800386,-0.187508995,-0.184993349,-0.090246426,-0.389209041,0.088736275,-0.321627790,-0.220798395,-0.000000945,0.394063138,0.119477301,-0.362517893,0.617045854,1.930815645,0.397792690,-0.087436492,-0.344731432,0.984619170,1.867856345
-0.006795121,-0.000324639,0.854120768,-0.002797674,0.067156071,0.007271629,0.997712062,-0.195349735,-0.075224547,-0.317075075,0.100757703,-0.324814219,-0.187513619,-0.180648273,-0.090458622,-0.387816888,0.088578642,-0.322120452,-0.220797715,-0.000000993,0.396359036,0.125374276,-0.374257223,0.624918317,1.930391236,0.393405641,-0.066194967,-0.354817995,0.994545629,1.870459378
-0.006703211,-0.000259091,0.854100025,-0.002435752,0.065821161,0.006181460,0.997809316,-0.191215549,-0.075203798,-0.314820455,0.099461131,-0.327200313,-0.187519219,-0.177884210,-0.090831100,-0.386145155,0.088553298,-0.323241191,-0.220799041,-0.000000997,0.404840715,0.128628776,-0.381389109,0.640187015,1.929645837,0.393232970,-0.054034991,-0.360272606,0.989873655,1.872131782
-0.006615014,-0.000192331,0.854080544,-0.002065776,0.064507834,0.005029385,0.997902389,-0.187093683,-0.075184082,-0.312559005,0.098119528,-0.329605848,-0.187524870,-0.175202712,-0.091211949,-0.384458821,0.088534863,-0.324394730,-0.220800472,-0.000001000,0.413645427,0.131745281,-0.388280387,0.655841958,1.928883675,0.393280381,-0.042349270,-0.365485327,0.984439326,1.873755588
-0.006548013,-0.000127800,0.854072630,-0.001720290,0.063610359,0.003866255,0.997965839,-0.183785372,-0.075070549,-0.310290195,0.096385475,-0.332257017,-0.187533034,-0.173670939,-0.091548252,-0.382543157,0.088791055,-0.326093861,-0.220800296,-0.000000095,0.421541277,0.132949358,-0.392523682,0.675618648,1.927988839,0.395638600,-0.036829019,-0.364955728,0.973645045,1.874396421
-0.006482089,-0.000063382,0.854065305,-0.001376046,0.062733905,0.002702553,0.998025681,-0.180518449,-0.074952243,-0.308021011,0.094631457,-0.334920683,-0.187541326,-0.172197657,-0.091882289,-0.380615826,0.089061217,-0.327820749,-0.220800039,0.000000855,0.429390891,0.134056144,-0.396632268,0.695605023,1.927087253,0.398114376,-0.031622422,-0.364134002,0.962578089,1.874987247
-0.006397555,0.000001892,0.854092241,-0.001097486,0.062195043,0.001813356,0.998061764,-0.177732447,-0.074079978,-0.303738908,0.091872185,-0.340490766,-0.187554760,-0.171507026,-0.091589530,-0.376616726,0.089310197,-0.332093885,-0.220800014,0.000000947,0.430567046,0.132054215,-0.400318269,0.721926492,1.926519668,0.396243306,-0.031000808,-0.362480321,0.964291391,1.875049076
-0.006312098,0.000067209,0.854120876,-0.000822182,0.061672860,0.000937770,0.998095638,-0.174970297,-0.073170320,-0.299356979,0.089063058,-0.346204988,-0.187568448,-0.170855210,-0.091265686,-0.372514881,0.089558127,-0.336493298,-0.220800001,0.000000997,0.431412243,0.129898114,-0.403983313,0.748562140,1.925968646,0.394156660,-0.030606578,-0.360785381,0.966638507,1.875084670
-0.006332173,0.000157238,0.854069719,-0.000346730,0.061906046,0.002607008,0.998078516,-0.176158573,-0.074307979,-0.297560807,0.088896043,-0.347920880,-0.187571487,-0.171018366,-0.092358538,-0.370215601,0.089738669,-0.339198217,-0.220800000,0.000001000,0.426938717,0.119350997,-0.404434675,0.768238196,1.925910322,0.387302801,-0.027057173,-0.361027871,0.971206720,1.875373590
-0.006357769,0.000248560,0.854014388,0.000139196,0.062178541,0.004409386,0.998055293,-0.177553541,-0.075552756,-0.295899925,0.088867266,-0.349427575,-0.187573969,-0.171224163,-0.093525514,-0.368010634,0.089915685,-0.341814479,-0.220800000,0.000001000,0.422186908,0.108364850,-0.404717892,0.787550115,1.925877776,0.380199515,-0.023342685,-0.361371729,0.975891143,1.875675764
-0.006464908,0.000243106,0.854049609,0.000215143,0.062539443,0.004260537,0.998033376,-0.178584633,-0.075478533,-0.294909212,0.088948217,-0.350357751,-0.187575720,-0.172433817,-0.093375595,-0.366670342,0.090073721,-0.343704109,-0.220800000,0.000001000,0.416845447,0.091141135,-0.399254293,0.808809909,1.925866005,0.368175331,-0.025419646,-0.340441729,0.942553047,1.871867402
-0.006576194,0.000232728,0.854089437,0.000270233,0.062904835,0.004012423,0.998011427,-0.179597213,-0.075337210,-0.293952593,0.089034751,-0.351258598,-0.187577433,-0.173694540,-0.093158681,-0.365374039,0.090230792,-0.345556773,-0.220800000,0.000001000,0.411473989,0.073600098,-0.393498337,0.830168797,1.925855291,0.355900809,-0.027791233,-0.318429469,0.907280641,1.867849926
-0.006490735,0.000026918,0.854349188,0.000202583,0.063191230,0.003425172,0.997995539,-0.179569000,-0.074512605,-0.293662422,0.088209033,-0.351238412,-0.187578431,-0.174224086,-0.092297530,-0.364970930,0.089585206,-0.345993140,-0.220800000,0.000001000,0.410515640,0.058919031,-0.387281402,0.840950237,1.925644577,0.330715339,-0.049395439,-0.268538523,0.899783504,1.854153674
-0.006395525,-0.000188577,0.854619838,0.000128849,0.063473681,0.002821112,0.997979517,-0.179489205,-0.073654135,-0.293405281,0.087338104,-0.351172579,-0.187579392,-0.174717394,-0.091404449,-0.364612087,0.088899840,-0.346359315,-0.220800000,0.000001000,0.409776006,0.044379705,-0.381041621,0.851207456,1.925423951,0.304890000,-0.071952817,-0.217265904,0.893662916,1.839977739
-0.006471778,-0.000161802,0.854830247,0.000038587,0.063550569,0.002234891,0.997976116,-0.179171304,-0.073177408,-0.293236022,0.086396729,-0.350672380,-0.187580253,-0.174990485,-0.090936497,-0.364423854,0.088252931,-0.346044716,-0.220800000,0.000001000,0.415537736,0.033699505,-0.376157758,0.844855834,1.924914694,0.280676272,-0.088431340,-0.154849415,0.871374945,1.823139971
-0.006556985,-0.000122376,0.855037509,-0.000052538,0.063616700,0.001649601,0.997973041,-0.178840969,-0.072720615,-0.293071352,0.085451675,-0.350149498,-0.187581108,-0.175252075,-0.090490746,-0.364244531,0.087608030,-0.345694565,-0.220800000,0.000001000,0.421638978,0.023220835,-0.371344705,0.837636868,1.924390363,0.256546705,-0.104592415,-0.091850974,0.848242685,1.806163196
-0.006618310,-0.000072261,0.855162990,0.000151317,0.063331997,0.002159960,0.997990165,-0.178130915,-0.073196504,-0.292782741,0.084619092,-0.348971337,-0.187583005,-0.174365906,-0.090961114,-0.363742544,0.087153838,-0.345112944,-0.220800000,0.000001000,0.431170717,0.026765294,-0.361822312,0.813693281,1.924889676,0.251645758,-0.116418880,-0.000892374,0.820160696,1.795219387
-0.006678419,-0.000021602,0.855284305,0.000370199,0.063029395,0.002726129,0.998007879,-0.177401519,-0.073719902,-0.292487816,0.083792239,-0.347759797,-0.187584955,-0.173421270,-0.091478149,-0.363224122,0.086709360,-0.344519531,-0.220800000,0.000001000,0.440877203,0.031024076,-0.352060031,0.788897758,1.925441133,0.247724298,-0.128024545,0.091490489,0.791826573,1.784582891
-0.006622798,0.000090218,0.855214843,0.000372192,0.063169585,0.002485634,0.997999643,-0.177414768,-0.073757855,-0.292204333,0.083400461,-0.346680438,-0.187585208,-0.173728907,-0.091499471,-0.362739397,0.086576317,-0.344075722,-0.220799998,0.000001000,0.449387020,0.035880746,-0.352824390,0.757136606,1.926496402,0.239947584,-0.140797589,0.177389942,0.773707891,1.775890434
-0.006560965,0.000205322,0.855135142,0.000362543,0.063333535,0.002201842,0.997989922,-0.177467877,-0.073769753,-0.291921464,0.083032034,-0.345608174,-0.187585371,-0.174103759,-0.091494186,-0.362256481,0.086459991,-0.343639942,-0.220799997,0.000001000,0.457832607,0.040769508,-0.354153758,0.725001581,1.927578713,0.231963941,-0.153633291,0.262941403,0.756137514,1.767302321
-0.006386563,0.000307984,0.855102923,0.000591783,0.062545034,0.002351363,0.998039197,-0.175373649,-0.074344012,-0.291282494,0.082765054,-0.344363185,-0.187586296,-0.172105668,-0.092030569,-0.361163100,0.086615637,-0.343645958,-0.220798547,0.000001000,0.461428044,0.050835098,-0.360355068,0.701124692,1.928938420,0.233373902,-0.164139278,0.338571977,0.753785081,1.766048948
-0.006206275,0.000409997,0.855073187,0.000833514,0.061706682,0.002523539,0.998090789,-0.173167141,-0.074947677,-0.290624904,0.082503378,-0.343109165,-0.187587262,-0.169983500,-0.092595274,-0.360037800,0.086785504,-0.343675074,-0.220797021,0.000001000,0.464769876,0.061171375,-0.366811122,0.677679607,1.930312632,0.235275037,-0.174523448,0.413683806,0.752228368,1.765179094
-0.006139786,0.000473298,0.855018159,0.000656589,0.062682398,0.002147743,0.998030998,-0.175157792,-0.074339460,-0.289817398,0.082207242,-0.341233280,-0.187588268,-0.172345072,-0.091871596,-0.358713972,0.086680526,-0.343422941,-0.220797665,0.000001000,0.459825593,0.081893911,-0.385289094,0.646038437,1.930777879,0.240118321,-0.179200301,0.478932679,0.771564007,1.765459679
-0.006079124,0.000534618,0.854961835,0.000458227,0.063750922,0.001743886,0.997964212,-0.177363356,-0.073669191,-0.289002216,0.081909343,-0.339325553,-0.187589277,-0.174936231,-0.091081947,-0.357379980,0.086561475,-0.343156406,-0.220798420,0.000001000,0.454457027,0.103148267,-0.404382638,0.613977593,1.931196583,0.245112255,-0.183584916,0.543676528,0.791969421,1.765799171
-0.006012268,0.000507817,0.855013675,0.000298956,0.064786483,0.001308304,0.997898247,-0.179580390,-0.072836860,-0.287707431,0.081684757,-0.335972219,-0.187593216,-0.177523317,-0.090191817,-0.355848584,0.086415836,-0.340719540,-0.220799190,0.000001000,0.439109899,0.130169295,-0.433714866,0.578425893,1.931218896,0.249368454,-0.176533121,0.562990361,0.826979176,1.764996444
-0.005945080,0.000476290,0.855071318,0.000141781,0.065820197,0.000871019,0.997831109,-0.181798039,-0.071995837,-0.286386920,0.081464105,-0.332541341,-0.187597312,-0.180110184,-0.089296297,-0.354306600,0.086268771,-0.338166256,-0.220799961,0.000001000,0.423227512,0.157499653,-0.463596306,0.542686941,1.931219948,0.253585080,-0.168867867,0.579867289,0.862772321,1.764132448
-0.005797256,0.000410570,0.855187933,0.000139678,0.065887342,0.000688704,0.997826821,-0.181291038,-0.071467628,-0.285409379,0.080235809,-0.327441768,-0.187604244,-0.179846041,-0.088733946,-0.353199941,0.085235116,-0.333708917,-0.220800000,0.000001000,0.409122058,0.186877399,-0.489847447,0.490009975,1.931220000,0.262865639,-0.166668260,0.573517001,0.884625832,1.763564368
-0.005645217,0.000343062,0.855307632,0.000145684,0.065903947,0.000519721,0.997825826,-0.180641569,-0.070955776,-0.284449771,0.078954825,-0.322254941,-0.187611323,-0.179432823,-0.088189017,-0.352116043,0.084155104,-0.329152020,-0.220800000,0.000001000,0.395109516,0.216362199,-0.515908766,0.436447351,1.931220000,0.272410982,-0.164754442,0.565952204,0.905750465,1.763011760
-0.005575190,0.000253913,0.855320767,0.000154350,0.065578604,0.000497748,0.997847270,-0.179666964,-0.070480870,-0.283243820,0.078314883,-0.317818491,-0.187616370,-0.178501615,-0.087662352,-0.350749265,0.083545472,-0.325330530,-0.220800000,0.000001000,0.382553827,0.233272572,-0.530190108,0.391196286,1.931220316,0.290932220,-0.163067991,0.534708383,0.935606414,1.760346666
-0.005509338,0.000163661,0.855328478,0.000163151,0.065235845,0.000483260,0.997869743,-0.178675808,-0.070007845,-0.282025328,0.077707574,-0.313420239,-0.187621314,-0.177544038,-0.087136618,-0.349368086,0.082959786,-0.321546478,-0.220800000,0.000001000,0.370072301,0.249542832,-0.543871780,0.346368328,1.931220648,0.309910385,-0.161393114,0.502259160,0.965906839,1.757574034
-0.005671584,0.000125814,0.855232005,0.000281476,0.066272683,0.000361316,0.997801444,-0.181865456,-0.070050305,-0.280665178,0.078589430,-0.310027048,-0.187624959,-0.180996561,-0.087166002,-0.347564730,0.084207437,-0.319383519,-0.220800000,0.000000050,0.365208461,0.254057111,-0.544092374,0.315480356,1.931219128,0.321638080,-0.158332462,0.454327967,1.007573672,1.753523607
-0.005846059,0.000090776,0.855129948,0.000405672,0.067383396,0.000233612,0.997727046,-0.185279226,-0.070120398,-0.279297434,0.079551118,-0.306687737,-0.187628534,-0.184685498,-0.087225144,-0.345738743,0.085553368,-0.317307464,-0.220800000,-0.000000950,0.360752987,0.257941181,-0.543591351,0.285339672,1.931217509,0.332977095,-0.155197522,0.405566825,1.049849831,1.749404681
-0.006015580,0.000128432,0.855026004,0.000387345,0.068375073,0.000124812,0.997659603,-0.188582140,-0.069912700,-0.277563952,0.080868403,-0.304465085,-0.187629976,-0.188089040,-0.086989661,-0.343695792,0.086912348,-0.315991524,-0.220800018,-0.000001000,0.366549022,0.249874488,-0.537006195,0.272993094,1.931026879,0.332487868,-0.152112305,0.338832403,1.087188938,1.745864384
-0.006184843,0.000169899,0.854921961,0.000361547,0.069360446,0.000017004,0.997591599,-0.191879243,-0.069690440,-0.275811297,0.082204329,-0.302300970,-0.187631306,-0.191477622,-0.086738732,-0.341641467,0.088272011,-0.314715430,-0.220800037,-0.000001000,0.372882453,0.241181323,-0.530102102,0.261579302,1.930826341,0.331378591,-0.149029693,0.271155803,1.124269239,1.742354420
-0.006311637,0.000232746,0.854891722,0.000703086,0.070438470,0.000622581,0.997515684,-0.195245254,-0.070640299,-0.274841424,0.082926993,-0.299981996,-0.187633641,-0.194541145,-0.087559308,-0.339865018,0.089256635,-0.314614231,-0.220799430,-0.000000052,0.379826989,0.231448659,-0.521201324,0.276007852,1.931001245,0.326734895,-0.151809306,0.237208025,1.128789978,1.742066760
-0.006436275,0.000296678,0.854865230,0.001063275,0.071521082,0.001264379,0.997437720,-0.198614764,-0.071649670,-0.273911296,0.083618519,-0.297655158,-0.187636028,-0.197588163,-0.088434288,-0.338102678,0.090222216,-0.314572687,-0.220798790,0.000000944,0.386802554,0.221663215,-0.512199168,0.291748506,1.931195212,0.321911745,-0.154886563,0.204972773,1.131657559,1.741942706
-0.006506293,0.000339550,0.854843282,0.001176658,0.072349957,0.001603998,0.997377324,-0.200935940,-0.072039646,-0.273597489,0.083878088,-0.296329246,-0.187637777,-0.199691535,-0.088722717,-0.337328137,0.090527397,-0.314569421,-0.220798634,0.000000997,0.394052416,0.216961734,-0.510301913,0.314811656,1.931211817,0.313658528,-0.157947652,0.192930126,1.130672572,1.742650356
-0.006573379,0.000381292,0.854821578,0.001276793,0.073165162,0.001927397,0.997317158,-0.203200847,-0.072396377,-0.273316762,0.084114473,-0.295057058,-0.187639492,-0.201744257,-0.088979663,-0.336606615,0.090797133,-0.314568210,-0.220798503,0.000001000,0.401317000,0.212533129,-0.508786009,0.338267836,1.931218903,0.305221206,-0.161007874,0.181971299,1.129480802,1.743402646
-0.006586364,0.000424789,0.854827341,0.001303448,0.073382380,0.002396370,0.997300148,-0.204184927,-0.072643218,-0.273020462,0.084625034,-0.293663718,-0.187641385,-0.202296435,-0.089083618,-0.335843638,0.091103992,-0.314553273,-0.220798556,0.000001000,0.408101889,0.209377104,-0.510519542,0.372092065,1.931219591,0.297500298,-0.161779272,0.173659452,1.130151702,1.744121209
-0.006596522,0.000468378,0.854834540,0.001326262,0.073568333,0.002872949,0.997285159,-0.205102078,-0.072884316,-0.272723349,0.085149923,-0.292264048,-0.187643287,-0.202770201,-0.089179579,-0.335078494,0.091412790,-0.314537620,-0.220798618,0.000001000,0.414861712,0.206287578,-0.512422875,0.406458076,1.931219946,0.289816826,-0.162431068,0.165485923,1.130919935,1.744838010
-0.006460042,0.000505538,0.854949141,0.001472942,0.072296347,0.002649544,0.997378588,-0.201598745,-0.072994205,-0.272041153,0.084318423,-0.288924457,-0.187648513,-0.199646010,-0.089053140,-0.333325368,0.090997051,-0.314427397,-0.220799233,0.000001000,0.420717935,0.207472940,-0.519909337,0.442011206,1.930865138,0.290281978,-0.162847635,0.151157894,1.132209127,1.744704419
-0.006316116,0.000542371,0.855069196,0.001625908,0.070950203,0.002390593,0.997475669,-0.197870968,-0.073097431,-0.271339406,0.083418054,-0.285486369,-0.187653909,-0.196339138,-0.088915409,-0.331522080,0.090544524,-0.314312373,-0.220799876,0.000001000,0.426528279,0.208875353,-0.527679273,0.477624609,1.930492298,0.291160862,-0.163252258,0.136517380,1.133524770,1.744527651
-0.006220622,0.000513502,0.855103779,0.001469238,0.070112595,0.002036145,0.997535924,-0.195319164,-0.072321809,-0.270703997,0.082425499,-0.282352711,-0.187659244,-0.194055331,-0.087903274,-0.330122810,0.089558396,-0.313649646,-0.220799952,0.000001000,0.430210184,0.215916161,-0.534970837,0.491599173,1.930024593,0.296021008,-0.162655569,0.123606770,1.132007631,1.744105542
-0.006127735,0.000481097,0.855133763,0.001295906,0.069302297,0.001676556,0.997593455,-0.192830635,-0.071498898,-0.270072158,0.081427985,-0.279235434,-0.187664576,-0.191826573,-0.086844089,-0.328745280,0.088543556,-0.312957447,-0.220799998,0.000001000,0.433777563,0.223260358,-0.542236661,0.504409407,1.929551783,0.301095375,-0.162005001,0.110789242,1.130338068,1.743670233
-0.005838498,0.000480191,0.855252475,0.001474448,0.067123296,0.001326721,0.997742717,-0.186223522,-0.071359108,-0.269271281,0.079017499,-0.275775556,-0.187670433,-0.185876600,-0.086521396,-0.326974558,0.086943878,-0.312343691,-0.220800100,0.000001000,0.431025522,0.236563699,-0.555182811,0.508261742,1.929304044,0.312905602,-0.163262893,0.098525475,1.128064211,1.742835209
-0.005539001,0.000480931,0.855375823,0.001671370,0.064872431,0.000977388,0.997891687,-0.179401191,-0.071255013,-0.268461571,0.076533180,-0.272297776,-0.187676318,-0.179732176,-0.086237189,-0.325183289,0.085313640,-0.311734035,-0.220800205,0.000001000,0.427943259,0.250178435,-0.568425786,0.511645983,1.929068066,0.325067811,-0.164620511,0.086290644,1.125758776,1.741979299
-0.005266224,0.000342235,0.855536209,0.001520333,0.063255600,0.000722784,0.997995939,-0.174057396,-0.070213974,-0.268224541,0.073943203,-0.268430962,-0.187686816,-0.174593704,-0.084957134,-0.324342543,0.082709575,-0.309622724,-0.220800110,0.000001000,0.427076955,0.281460332,-0.582632549,0.488240071,1.929835210,0.347600633,-0.173361118,0.093531053,1.109624199,1.742632228
-0.004994808,0.000196437,0.855698482,0.001351568,0.061670913,0.000473003,0.998095510,-0.168788915,-0.069125207,-0.268016682,0.071347844,-0.264544331,-0.187697549,-0.169506474,-0.083626352,-0.323550215,0.080055905,-0.307434920,-0.220800006,0.000001000,0.426323530,0.313642178,-0.596888406,0.463469495,1.930653452,0.370661723,-0.182477806,0.101763511,1.092785179,1.743362016
-0.004563054,0.000222355,0.856406879,0.001262413,0.058478682,0.000577101,0.998287692,-0.160188865,-0.068761985,-0.268055877,0.069948138,-0.262304319,-0.187708326,-0.160825439,-0.083147776,-0.323490247,0.078479754,-0.305372159,-0.220800000,0.000000098,0.434851034,0.354197138,-0.605452074,0.419345241,1.930931895,0.401159982,-0.188057163,0.098824708,1.026166253,1.742581046
-0.004122684,0.000257501,0.857144626,0.001177522,0.055199447,0.000700210,0.998474408,-0.151409774,-0.068437755,-0.268108348,0.068612687,-0.260152798,-0.187719105,-0.151951271,-0.082714998,-0.323469637,0.076961510,-0.303316117,-0.220800000,-0.000000853,0.443877302,0.395202075,-0.613709839,0.374180906,1.931181327,0.432057920,-0.193446421,0.095285553,0.956872116,1.741718887
-0.003793152,0.000080318,0.857319806,0.001026898,0.053172554,0.000624019,0.998584616,-0.144932828,-0.067493584,-0.268548919,0.065872905,-0.257868420,-0.187733954,-0.145459938,-0.081655469,-0.323918949,0.074007273,-0.300920340,-0.220800000,-0.000000945,0.465131363,0.443774947,-0.616183739,0.320778544,1.931205611,0.459718669,-0.196213357,0.090057094,0.882580262,1.740943416
-0.003469434,-0.000108003,0.857465478,0.000872823,0.051211165,0.000537372,0.998687321,-0.138576640,-0.066516895,-0.269009847,0.063059459,-0.255577073,-0.187749017,-0.139093594,-0.080563065,-0.324392911,0.070977711,-0.298506743,-0.220800000,-0.000000993,0.487026824,0.492744790,-0.618354250,0.266944062,1.931218085,0.487209614,-0.198842742,0.084740024,0.808026256,1.740172493
-0.003517207,-0.000327245,0.857116203,0.000786664,0.050864546,0.001256436,0.998704461,-0.137349890,-0.065914692,-0.269331486,0.061378535,-0.253579087,-0.187758824,-0.137023543,-0.079804019,-0.324616605,0.068671737,-0.296599285,-0.220800000,-0.000000997,0.518184375,0.525984303,-0.596505097,0.216580406,1.931219280,0.503543976,-0.192836344,0.083927433,0.757824478,1.740797724
-0.003583854,-0.000548058,0.856741782,0.000703955,0.050599941,0.002016435,0.998716719,-0.136383750,-0.065331515,-0.269646049,0.059755149,-0.251596005,-0.187768364,-0.135171772,-0.079061910,-0.324827584,0.066402526,-0.294717543,-0.220800000,-0.000001000,0.549812501,0.558424614,-0.573435589,0.166393091,1.931219903,0.519311511,-0.186391193,0.083343699,0.708859952,1.741493889
-0.003775569,-0.000598350,0.856480239,0.000569310,0.051114972,0.001971445,0.998690667,-0.138089518,-0.064929461,-0.269380147,0.060012696,-0.247790559,-0.187779925,-0.136540778,-0.078506660,-0.324374371,0.065897959,-0.290984407,-0.220800000,-0.000000955,0.576346479,0.545485058,-0.508588211,0.105656283,1.931219965,0.517651023,-0.179583936,0.089457199,0.704830738,1.741879488
-0.003973998,-0.000639489,0.856224755,0.000431878,0.051671834,0.001883247,0.998662249,-0.139938699,-0.064537129,-0.269083089,0.060371201,-0.243887300,-0.187791595,-0.138082656,-0.077961440,-0.323885507,0.065488108,-0.287151900,-0.220800000,-0.000000907,0.602607034,0.530109776,-0.441498440,0.044353240,1.931219998,0.515055100,-0.172757243,0.095930168,0.703213390,1.742248417
-0.003910068,-0.001235957,0.857591113,0.000694814,0.052482336,0.001588960,0.998620347,-0.139110094,-0.065108574,-0.276251850,0.054952351,-0.226025296,-0.188047261,-0.137969283,-0.078403530,-0.330700750,0.060709324,-0.267822515,-0.220800000,-0.000000950,0.587965961,0.494904056,-0.417593860,0.041161352,1.931218381,0.496240630,-0.163877630,0.108836049,0.752283388,1.741868948
-0.003832421,-0.001861462,0.859042275,0.000978685,0.053306057,0.001283897,0.998576916,-0.138141472,-0.065730412,-0.283810986,0.049231413,-0.207433414,-0.188315686,-0.137769360,-0.078897244,-0.337897910,0.055702095,-0.247682826,-0.220800000,-0.000000998,0.571186215,0.458661437,-0.395947356,0.041007992,1.931216677,0.476578121,-0.154890674,0.122078297,0.804003735,1.741450346
-0.003980642,-0.002822251,0.861747952,0.001277153,0.054283217,0.001647979,0.998523403,-0.137628707,-0.066977960,-0.296739386,0.043370209,-0.190765253,-0.189323801,-0.137279923,-0.079945394,-0.351073519,0.049657573,-0.227977632,-0.220800000,-0.000000052,0.556308629,0.427746262,-0.385098969,0.041000001,1.931218206,0.451578266,-0.143273708,0.136176121,0.867394624,1.740806368
-0.004141278,-0.003801469,0.864522581,0.001576423,0.055268747,0.002048838,0.998468168,-0.137140998,-0.068259899,-0.309962900,0.037501295,-0.174202827,-0.190372571,-0.136774572,-0.081024018,-0.364577725,0.043556038,-0.208296320,-0.220800000,0.000000949,0.541535594,0.397123903,-0.374844084,0.041000000,1.931219913,0.426285051,-0.131512187,0.150320970,0.931426968,1.740150002
-0.005286736,-0.004256890,0.866803978,0.002053243,0.055573825,0.002000839,0.998450465,-0.137764665,-0.071535199,-0.324534638,0.035341911,-0.164160463,-0.192022895,-0.137786531,-0.084339054,-0.379642838,0.041577583,-0.195225609,-0.220800000,0.000001000,0.500451333,0.382095751,-0.365482286,0.041000000,1.931220000,0.407777658,-0.127411067,0.165578363,0.965671012,1.739446989
-0.006485021,-0.004684215,0.869058917,0.002539586,0.055842387,0.001928762,0.998434504,-0.138447947,-0.074917424,-0.339178696,0.033381509,-0.154467842,-0.193705487,-0.138879880,-0.087774054,-0.394791680,0.039820292,-0.182509496,-0.220800000,0.000001000,0.457955716,0.367904086,-0.356168394,0.041000000,1.931220000,0.389634262,-0.123720858,0.180895433,0.998317185,1.738741473
-0.010121545,-0.002586530,0.869112947,0.002163460,0.055515767,0.002053430,0.998453355,-0.143641316,-0.084530339,-0.366553733,0.038756417,-0.142202899,-0.196676070,-0.143634033,-0.097959306,-0.423993745,0.045113391,-0.166111390,-0.220800000,0.000001000,0.268622030,0.312959305,-0.403308478,0.041000000,1.873648479,0.379133736,-0.142202908,0.218475377,0.985719572,1.737593494
-0.013885641,-0.000356733,0.869051822,0.001742208,0.055157988,0.002188390,0.998473721,-0.149070659,-0.094469253,-0.394594872,0.044515119,-0.129803370,-0.199714043,-0.148579725,-0.108497741,-0.453931095,0.050775376,-0.149520637,-0.220800000,0.000001000,0.071605569,0.255882263,-0.453402313,0.041000000,1.813064734,0.369033096,-0.161845042,0.257220145,0.970754740,1.736422365
-0.021633591,0.001740815,0.868027334,0.001067493,0.053621065,0.002779742,0.998556916,-0.161261963,-0.102207168,-0.409621284,0.055993479,-0.124559193,-0.201133879,-0.159398176,-0.116730302,-0.470686625,0.061266957,-0.142817447,-0.220800000,0.000001000,-0.223577892,0.224692831,-0.445907995,0.041000000,1.867428355,0.350025501,-0.181561413,0.277655935,0.942772648,1.736159611
-0.029600508,0.003831093,0.866949897,0.000378843,0.052019153,0.003396170,0.998640241,-0.173824929,-0.109824109,-0.423932360,0.067786211,-0.119708301,-0.202464776,-0.170539414,-0.124836125,-0.486717635,0.072023990,-0.136657712,-0.220800000,0.000001000,-0.524156966,0.194926276,-0.435248425,0.041000000,1.928109898,0.330528349,-0.201281864,0.297085397,0.914075080,1.735946785
-0.031234204,0.005554500,0.865232205,-0.000254297,0.051578099,0.003379671,0.998663213,-0.176892701,-0.112919915,-0.427624455,0.072011681,-0.118101786,-0.202779821,-0.173071660,-0.128151275,-0.491054693,0.075873178,-0.134707655,-0.220800000,0.000001000,-0.660119565,0.150915491,-0.421019113,0.041000000,1.931182830,0.333998243,-0.215767892,0.301425647,0.889831275,1.735951482
-0.032528180,0.007258229,0.863480168,-0.000884460,0.051199292,0.003329219,0.998682515,-0.179451142,-0.115773203,-0.430746939,0.075831236,-0.116669301,-0.203040376,-0.175142111,-0.131209449,-0.494764477,0.079351824,-0.132983408,-0.220800000,0.000001000,-0.787251995,0.106140634,-0.406598318,0.041000000,1.931165587,0.338700110,-0.229973140,0.304956499,0.865826374,1.735967848
-0.032060252,0.007949163,0.862674608,-0.001097359,0.051231710,0.003144177,0.998681241,-0.180133749,-0.117482650,-0.432276101,0.079240384,-0.115644434,-0.203147083,-0.175614306,-0.133056729,-0.496701988,0.082451434,-0.131779456,-0.220800000,0.000001000,-0.839326997,0.087432158,-0.405566455,0.041000000,1.931168128,0.348353432,-0.236300797,0.306208985,0.844955204,1.735998689
-0.031500373,0.008587240,0.861918442,-0.001288482,0.051285586,0.002952110,0.998678834,-0.180718460,-0.119132401,-0.433722111,0.082628113,-0.114640839,-0.203245761,-0.176003089,-0.134840814,-0.498547007,0.085531264,-0.130602658,-0.220800000,0.000001000,-0.887484861,0.070084048,-0.405233341,0.041000000,1.931171702,0.358265162,-0.242217334,0.307342566,0.824247580,1.736030286
-0.031265181,0.008530887,0.861681679,-0.001466277,0.051339266,0.003108738,0.998675355,-0.181127987,-0.119133348,-0.434337277,0.084072802,-0.114257744,-0.203271861,-0.176164252,-0.134885926,-0.499307999,0.086843403,-0.130149727,-0.220800000,0.000001000,-0.886171315,0.069100578,-0.412142592,0.041000000,1.931193562,0.364271744,-0.239985092,0.307739658,0.815961514,1.736091430
-0.031047835,0.008436366,0.861473465,-0.001643339,0.051392932,0.003284531,0.998671757,-0.181527886,-0.119043670,-0.434906778,0.085410695,-0.113908754,-0.203293971,-0.176312905,-0.134835458,-0.500009409,0.088058382,-0.129736583,-0.220800000,0.000001000,-0.882138642,0.069016567,-0.419449911,0.041000000,1.931216428,0.370063685,-0.237304965,0.308096269,0.808358182,1.736154198
-0.031020109,0.008346838,0.861229577,-0.001587939,0.051378718,0.003287826,0.998672567,-0.181946688,-0.119395122,-0.435339318,0.086606663,-0.113575466,-0.203315395,-0.176598599,-0.135228451,-0.500576810,0.089104700,-0.129347848,-0.220800000,0.000001000,-0.870487419,0.070509693,-0.430006959,0.041000000,1.931218680,0.373714478,-0.231957954,0.307805874,0.804234648,1.736212717
-0.031002573,0.008257578,0.860983773,-0.001520045,0.051360856,0.003281851,0.998673611,-0.182366505,-0.119770281,-0.435764498,0.087795003,-0.113243022,-0.203336783,-0.176891659,-0.135645277,-0.501137010,0.090141954,-0.128960425,-0.220800000,0.000001000,-0.858426768,0.072087576,-0.440738651,0.041000000,1.931219823,0.377250204,-0.226467622,0.307480707,0.800298122,1.736271007
-0.030954383,0.008190904,0.860762085,-0.001315734,0.051211719,0.003198157,0.998681831,-0.182413382,-0.120451739,-0.436033124,0.088941869,-0.112927121,-0.203353883,-0.176906294,-0.136382062,-0.501512955,0.091194038,-0.128595472,-0.220800000,0.000001000,-0.843466871,0.073774364,-0.454495511,0.041000000,1.931219934,0.375502970,-0.221934248,0.306242838,0.805041160,1.736301043
-0.030904593,0.008125409,0.860541656,-0.001104304,0.051055728,0.003110407,0.998690352,-0.182440797,-0.121149182,-0.436293580,0.090086570,-0.112612083,-0.203370760,-0.176906399,-0.137135545,-0.501879283,0.092246897,-0.128231691,-0.220800000,0.000001000,-0.828355667,0.075466835,-0.468410250,0.041000000,1.931219991,0.373480026,-0.217450816,0.304957335,0.810237173,1.736329605
-0.030765045,0.008103139,0.860452194,-0.000881498,0.050897098,0.003013480,0.998698967,-0.182241401,-0.121901096,-0.436504602,0.091072306,-0.112311567,-0.203383346,-0.176740374,-0.137947940,-0.502172611,0.093217122,-0.127884172,-0.220800000,0.000001000,-0.812983134,0.076631889,-0.484499681,0.041000000,1.931219997,0.367944872,-0.214685504,0.302863106,0.823664816,1.736431295
-0.030620543,0.008083255,0.860369962,-0.000658064,0.050738318,0.002916045,0.998707508,-0.182029485,-0.122656017,-0.436712895,0.092049268,-0.112011853,-0.203395695,-0.176565178,-0.138763587,-0.502461909,0.094182786,-0.127537550,-0.220800000,0.000001000,-0.797596177,0.077767831,-0.500709149,0.041000000,1.931220000,0.362215854,-0.212015028,0.300724237,0.837546824,1.736537021
-0.029977276,0.008768522,0.861132408,-0.000604326,0.050627075,0.002788732,0.998713551,-0.180116144,-0.126001372,-0.445026191,0.092677257,-0.107784940,-0.203693435,-0.174808854,-0.142623048,-0.512452423,0.095414347,-0.122412199,-0.220800000,0.000001000,-0.788835942,0.080583129,-0.557070250,0.041000000,1.931220000,0.330202747,-0.204160594,0.284571531,0.951823645,1.737116470
-0.029307205,0.009491684,0.861940247,-0.000559708,0.050518384,0.002659813,0.998719433,-0.178111367,-0.129485938,-0.453775055,0.093286493,-0.103346977,-0.204006512,-0.172967558,-0.146646085,-0.522964289,0.096660198,-0.117030037,-0.220800000,0.000001000,-0.780431832,0.083488676,-0.615589131,0.041000000,1.931220000,0.296777113,-0.196027570,0.267665711,1.071495761,1.737721376
-0.029019341,0.009464435,0.861708137,-0.000445753,0.050363477,0.002603553,0.998727462,-0.177370394,-0.129980208,-0.454597006,0.093597445,-0.102893040,-0.204043208,-0.172237696,-0.147218745,-0.523953996,0.097041468,-0.116486238,-0.220800000,0.000001000,-0.777500913,0.079744643,-0.623192171,0.041000000,1.931220000,0.289239128,-0.193020249,0.265505637,1.085969537,1.737887853
-0.028751463,0.009397949,0.861421649,-0.000328173,0.050206151,0.002551093,0.998735564,-0.176695503,-0.130318120,-0.455004473,0.093892801,-0.102647421,-0.204065453,-0.171565950,-0.147610990,-0.524445808,0.097377532,-0.116195429,-0.220800000,0.000001000,-0.774856177,0.075652915,-0.628132914,0.041000000,1.931220000,0.283054762,-0.190280942,0.264116592,1.094942681,1.738031405
-0.028399780,0.009444385,0.861382655,-0.000279942,0.050056983,0.002509600,0.998743171,-0.175855417,-0.130650833,-0.455404916,0.094120455,-0.102396558,-0.204082199,-0.170760048,-0.147987098,-0.524929695,0.097664960,-0.115894948,-0.220800000,0.000001000,-0.773604846,0.070481368,-0.633427719,0.041000000,1.931220000,0.272033261,-0.189577707,0.262279076,1.103610504,1.738318231
-0.028043494,0.009497024,0.861357256,-0.000235520,0.049908262,0.002468709,0.998750727,-0.175006256,-0.130983259,-0.455804974,0.094344389,-0.102145406,-0.204098643,-0.169946777,-0.148362320,-0.525413148,0.097949716,-0.115593935,-0.220800000,0.000001000,-0.772430056,0.065250506,-0.638741972,0.041000000,1.931220000,0.260746055,-0.188986314,0.260416926,1.112261555,1.738612927
-0.027797061,0.009629490,0.861350104,-0.000220487,0.049800808,0.002445344,0.998756152,-0.174344150,-0.131347641,-0.456231109,0.094402288,-0.101900492,-0.204114018,-0.169318539,-0.148765917,-0.525926927,0.098082323,-0.115297309,-0.220800000,0.000001000,-0.771902810,0.061795146,-0.642510594,0.041000000,1.931220000,0.249698223,-0.189022867,0.258525497,1.120663753,1.738901638
-0.027556520,0.009766237,0.861343931,-0.000207032,0.049695567,0.002422919,0.998761452,-0.173692079,-0.131713737,-0.456658643,0.094451281,-0.101655912,-0.204129335,-0.168700226,-0.149171036,-0.526442333,0.098206768,-0.115000918,-0.220800000,0.000001000,-0.771410299,0.058435024,-0.646196308,0.041000000,1.931220000,0.238663232,-0.189093103,0.256632497,1.129052603,1.739190027
-0.027348469,0.009832911,0.861253382,-0.000483647,0.049018471,0.002571345,0.998794445,-0.172100230,-0.131442790,-0.457100823,0.095047134,-0.101381346,-0.204142058,-0.166955669,-0.148932009,-0.526973109,0.098802835,-0.114669416,-0.220800000,0.000001000,-0.773135098,0.058234937,-0.647241490,0.041000000,1.931220000,0.231035837,-0.184511312,0.255715816,1.136397421,1.739354133
-0.027142116,0.009895924,0.861158424,-0.000775420,0.048311464,0.002728697,0.998828291,-0.170459273,-0.131138554,-0.457543768,0.095671564,-0.101105213,-0.204154646,-0.165152260,-0.148659323,-0.527504689,0.099423546,-0.114336078,-0.220800000,0.000001000,-0.774975762,0.058199977,-0.648148691,0.041000000,1.931220000,0.223586507,-0.179686430,0.254850153,1.143687683,1.739511744
-0.027072616,0.009911686,0.861070806,-0.000795827,0.047483835,0.002729523,0.998867960,-0.168641579,-0.131285238,-0.457846712,0.096186956,-0.100838188,-0.204167246,-0.163261758,-0.148843451,-0.527905741,0.099884507,-0.114021055,-0.220800000,0.000001000,-0.776233258,0.062684582,-0.647533148,0.041000000,1.931220000,0.222007418,-0.173465915,0.254505681,1.149974664,1.739568050
-0.027010625,0.009924857,0.860983590,-0.000801345,0.046649557,0.002721760,0.998907287,-0.166814188,-0.131456662,-0.458141975,0.096696366,-0.100571663,-0.204179847,-0.161366478,-0.149052641,-0.528299631,0.100336703,-0.113707037,-0.220800000,0.000001000,-0.777458759,0.067417146,-0.646834061,0.041000000,1.931220000,0.220750391,-0.167168831,0.254189804,1.156206601,1.739618797
-0.027164577,0.009546779,0.861095900,-0.000678204,0.046831449,0.002733978,0.998898834,-0.167025276,-0.131284803,-0.459343590,0.096065375,-0.100117125,-0.204194006,-0.161560801,-0.148915675,-0.529728452,0.099731430,-0.113153307,-0.220800000,0.000001000,-0.776751779,0.075758205,-0.644098876,0.041000000,1.931220000,0.230459537,-0.161315341,0.254091303,1.160261291,1.739640309
-0.027330113,0.009147714,0.861218913,-0.000548162,0.047067846,0.002747268,0.998887766,-0.167345709,-0.131094531,-0.460593822,0.095373211,-0.099652501,-0.204208248,-0.161867213,-0.148760141,-0.531212788,0.099069433,-0.112586718,-0.220800000,0.000001000,-0.775941139,0.084292826,-0.641254472,0.041000000,1.931220000,0.240756919,-0.155485645,0.254004462,1.164199192,1.739660253
-0.027495460,0.008927677,0.861327755,-0.000405441,0.047668042,0.002920347,0.998858881,-0.168493598,-0.131218131,-0.461941815,0.094442588,-0.099193864,-0.204228480,-0.162936289,-0.148925068,-0.532761638,0.098255595,-0.112027916,-0.220800000,0.000001000,-0.776945486,0.089746904,-0.637632271,0.041000000,1.931220000,0.251118685,-0.151798776,0.254445363,1.162848015,1.739715481
-0.027660796,0.008716990,0.861435857,-0.000262058,0.048287216,0.003101771,0.998828642,-0.169684698,-0.131358122,-0.463294914,0.093499512,-0.098735539,-0.204249025,-0.164045192,-0.149106729,-0.534313858,0.097433828,-0.111469522,-0.220800000,0.000001000,-0.778044613,0.095040111,-0.633969452,0.041000000,1.931220000,0.261483812,-0.148223809,0.254913822,1.161220633,1.739772552
-0.027745577,0.008620113,0.861459606,-0.000198363,0.048950437,0.003299749,0.998795738,-0.170967006,-0.131562169,-0.464687516,0.092802761,-0.098271759,-0.204270132,-0.165214065,-0.149350529,-0.535886568,0.096838644,-0.110907626,-0.220800000,0.000001000,-0.784408552,0.095145186,-0.632228745,0.041000000,1.931220000,0.271015945,-0.146798538,0.256025455,1.155845451,1.739819670
-0.027825925,0.008529498,0.861478713,-0.000139054,0.049616060,0.003498637,0.998762227,-0.172254333,-0.131769741,-0.466082291,0.092119566,-0.097807680,-0.204291271,-0.166386238,-0.149597749,-0.537460406,0.096255930,-0.110345538,-0.220800000,0.000001000,-0.791062216,0.094964755,-0.630593813,0.041000000,1.931220000,0.280502238,-0.145491566,0.257172481,1.150264027,1.739866241
-0.027824935,0.008611106,0.861452251,-0.000167798,0.049770805,0.003437268,0.998754737,-0.172434636,-0.132083458,-0.467311445,0.092044449,-0.097329816,-0.204308303,-0.166572658,-0.149954491,-0.538875949,0.096187243,-0.109772853,-0.220800000,0.000001000,-0.800024338,0.091970368,-0.632331919,0.041000000,1.931220000,0.285062358,-0.146737731,0.258863055,1.141423146,1.739800532
-0.027819566,0.008701986,0.861423336,-0.000201283,0.049898042,0.003361886,0.998748638,-0.172555336,-0.132402891,-0.468531682,0.092002071,-0.096851210,-0.204325113,-0.166706005,-0.150317130,-0.540282969,0.096146232,-0.109199598,-0.220800000,0.000001000,-0.809110748,0.088824475,-0.634251632,0.041000000,1.931220000,0.289357249,-0.148121359,0.260582894,1.132406772,1.739728777
-0.027971090,0.008823913,0.861312884,-0.000362598,0.050818783,0.003504914,0.998701675,-0.174751839,-0.132547391,-0.469948103,0.091841325,-0.096398456,-0.204338757,-0.168711501,-0.150475287,-0.541917929,0.095910794,-0.108657370,-0.220800000,0.000001000,-0.818467250,0.085295893,-0.638968099,0.041000000,1.931220000,0.288096095,-0.147042638,0.263190091,1.124020328,1.739575211
-0.028130802,0.008947461,0.861198176,-0.000530584,0.051780887,0.003659337,0.998651625,-0.177056674,-0.132682762,-0.471374762,0.091674402,-0.095947051,-0.204352236,-0.170814701,-0.150622773,-0.543564785,0.095665210,-0.108116763,-0.220800000,0.000001000,-0.827837848,0.081747340,-0.643830524,0.041000000,1.931220000,0.286544979,-0.145835410,0.265843598,1.115666758,1.739417374
-0.028091974,0.009026951,0.861154271,-0.000543491,0.052266615,0.003548741,0.998626713,-0.178033631,-0.132929272,-0.472033886,0.091746301,-0.095709072,-0.204357127,-0.171800847,-0.150881402,-0.544351346,0.095657820,-0.107836641,-0.220800000,0.000001000,-0.834551786,0.078107731,-0.646810388,0.041000000,1.931220000,0.280749457,-0.145413479,0.267202633,1.111364082,1.739219379
-0.028042201,0.009104013,0.861114269,-0.000547848,0.052726071,0.003423533,0.998602995,-0.178937380,-0.133181910,-0.472650696,0.091831365,-0.095482859,-0.204361545,-0.172725409,-0.151146157,-0.545090478,0.095663563,-0.107570881,-0.220800000,0.000001000,-0.841119261,0.074463102,-0.649686465,0.041000000,1.931220000,0.274719939,-0.145034842,0.268490303,1.107284733,1.739019169
-0.027947494,0.009242835,0.860990568,-0.000545911,0.052989599,0.003278670,0.998589533,-0.179452762,-0.133566786,-0.473151634,0.092132726,-0.095254533,-0.204368158,-0.173271663,-0.151554708,-0.545702396,0.095899541,-0.107305577,-0.220800000,0.000001000,-0.846186560,0.069850014,-0.652836621,0.041000000,1.931220000,0.259005581,-0.145043943,0.269451906,1.102906955,1.738641939
-0.027850373,0.009384974,0.860862372,-0.000543637,0.053242602,0.003132751,0.998576545,-0.179947287,-0.133958764,-0.473646348,0.092445704,-0.095026093,-0.204374888,-0.173797599,-0.151970982,-0.546307482,0.096147885,-0.107040298,-0.220800000,0.000001000,-0.851173288,0.065184912,-0.656001497,0.041000000,1.931220000,0.242771076,-0.145073869,0.270395996,1.098513149,1.738255200
-0.027764820,0.009522877,0.860742897,-0.000547139,0.053307407,0.002989248,0.998573525,-0.180100090,-0.134365056,-0.474073393,0.092934184,-0.094791334,-0.204379537,-0.173992631,-0.152406740,-0.546839678,0.096589855,-0.106767944,-0.220800000,0.000001000,-0.853622688,0.060235603,-0.658293527,0.041000000,1.931220000,0.226823246,-0.146599734,0.270799055,1.095919145,1.737967018
-0.027679918,0.009660540,0.860623913,-0.000550966,0.053361606,0.002845882,0.998571047,-0.180233635,-0.134772155,-0.474496624,0.093432554,-0.094556219,-0.204384069,-0.174169013,-0.152843597,-0.547367766,0.097042737,-0.106495191,-0.220800000,0.000001000,-0.855929093,0.055270277,-0.660536365,0.041000000,1.931220000,0.210891573,-0.148209906,0.271171623,1.093426572,1.737684389
-0.027580460,0.009786114,0.860533251,-0.000553866,0.053273151,0.002728040,0.998576097,-0.180058520,-0.135185341,-0.474869583,0.094024268,-0.094315597,-0.204388228,-0.174038837,-0.153289988,-0.547843985,0.097608333,-0.106215451,-0.220800000,0.000001000,-0.856221918,0.051150646,-0.660957445,0.041000000,1.931220000,0.199322065,-0.150419269,0.271176469,1.093266463,1.737542189
-0.027480201,0.009911022,0.860444148,-0.000556715,0.053176844,0.002611602,0.998581540,-0.179866420,-0.135598862,-0.475239775,0.094621118,-0.094074673,-0.204392367,-0.173891791,-0.153736904,-0.548317349,0.098180132,-0.105935326,-0.220800000,0.000001000,-0.856403935,0.047077555,-0.661278273,0.041000000,1.931220000,0.187992609,-0.152661606,0.271161078,1.093234710,1.737407716
-0.027558028,0.010041384,0.860388305,-0.000705579,0.054093029,0.002873451,0.998531517,-0.182001054,-0.135672907,-0.475947350,0.094497678,-0.093879961,-0.204390786,-0.175827389,-0.153823780,-0.549145004,0.098072272,-0.105694542,-0.220800000,0.000001000,-0.857750453,0.045851157,-0.657592877,0.041000000,1.931220000,0.176730632,-0.153053076,0.271024616,1.095375447,1.737365014
-0.027645401,0.010172039,0.860334246,-0.000862271,0.055063436,0.003155575,0.998477499,-0.184260419,-0.135728754,-0.476673010,0.094335625,-0.093687727,-0.204388898,-0.177874633,-0.153891355,-0.549991653,0.097927978,-0.105455867,-0.220800000,0.000001000,-0.859159396,0.044777364,-0.653692716,0.041000000,1.931220000,0.165472274,-0.153345326,0.270881663,1.097632646,1.737327231
-0.027682788,0.010266503,0.860283498,-0.000866676,0.055636154,0.003168549,0.998445706,-0.185699457,-0.136056061,-0.477230835,0.094544249,-0.093468083,-0.204396224,-0.179260464,-0.154237600,-0.550679027,0.098082960,-0.105199503,-0.220800000,0.000001000,-0.861821114,0.046117028,-0.645782423,0.041000000,1.931220000,0.151894338,-0.152370294,0.270425747,1.101751445,1.737384604
-0.027717354,0.010358925,0.860232938,-0.000862490,0.056186418,0.003166335,0.998414902,-0.187092210,-0.136398685,-0.477779190,0.094773788,-0.093246893,-0.204404069,-0.180608976,-0.154599569,-0.551357414,0.098254829,-0.104942141,-0.220800000,0.000001000,-0.864553517,0.047592867,-0.637645863,0.041000000,1.931220000,0.138185524,-0.151323758,0.269952172,1.105975282,1.737447346
-0.027724086,0.010317097,0.860170843,-0.000819609,0.056454750,0.003081367,0.998400067,-0.187871495,-0.136654293,-0.478271473,0.095262403,-0.093012138,-0.204410100,-0.181402587,-0.154886034,-0.551973659,0.098691328,-0.104672284,-0.220800000,0.000001000,-0.870379999,0.049107172,-0.625916879,0.041000000,1.931220000,0.127056278,-0.149708210,0.269240869,1.111872413,1.737561466
-0.027729291,0.010267903,0.860108116,-0.000774606,0.056707610,0.002991859,0.998386045,-0.188617123,-0.136905127,-0.478760680,0.095765233,-0.092776638,-0.204416031,-0.182165754,-0.155168357,-0.552586494,0.099142345,-0.104401742,-0.220800000,0.000001000,-0.876376233,0.050623587,-0.613990802,0.041000000,1.931220000,0.116068555,-0.148061443,0.268516524,1.117861348,1.737678405
-0.028072910,0.009598184,0.859885068,-0.000735857,0.056989203,0.002907793,0.998370289,-0.190917204,-0.137573203,-0.482152382,0.099305503,-0.091044308,-0.204449859,-0.184222590,-0.156075580,-0.556792414,0.102486457,-0.102403658,-0.220800000,0.000001000,-0.878900980,0.050441647,-0.576781355,0.041000000,1.931220000,0.112632303,-0.141602916,0.263245539,1.144715666,1.737794156
-0.028434671,0.008895201,0.859653425,-0.000697443,0.057272332,0.002824019,0.998354355,-0.193300616,-0.138263647,-0.485699680,0.103008603,-0.089231736,-0.204485182,-0.186348777,-0.157016302,-0.561190950,0.105985661,-0.100312965,-0.220800000,0.000001000,-0.881239629,0.050168661,-0.538216529,0.041000000,1.931220000,0.109600867,-0.134886441,0.257730819,1.172688526,1.737909844
-0.028375652,0.008694183,0.859578727,-0.000640539,0.057285093,0.002742322,0.998353889,-0.193370584,-0.138435492,-0.486676521,0.103619775,-0.088739441,-0.204492559,-0.186408434,-0.157269578,-0.562399884,0.106593805,-0.099741096,-0.220800000,0.000001000,-0.882955318,0.053738587,-0.529093457,0.041000000,1.931220000,0.113745700,-0.131406457,0.256407924,1.176897607,1.737948295
-0.028292863,0.008521522,0.859512895,-0.000582590,0.057282581,0.002660742,0.998354289,-0.193309863,-0.138578042,-0.487508155,0.104056282,-0.088321729,-0.204498358,-0.186351353,-0.157484020,-0.563428635,0.107038632,-0.099255026,-0.220800000,0.000001000,-0.884635815,0.057525600,-0.521633565,0.041000000,1.931220000,0.118295924,-0.128109304,0.255321828,1.179764259,1.737982383
-0.028151857,0.008310485,0.859480968,-0.000507736,0.057187231,0.002570005,0.998360034,-0.192893184,-0.138655180,-0.488317089,0.104377218,-0.087907960,-0.204499765,-0.185974486,-0.157636068,-0.564414829,0.107411513,-0.098772520,-0.220800000,0.000001000,-0.883310050,0.058871638,-0.518819700,0.041000000,1.931220000,0.125989422,-0.125137136,0.254269941,1.180746434,1.737997025
-0.028007654,0.008097341,0.859450903,-0.000431954,0.057086784,0.002478765,0.998366049,-0.192456963,-0.138728727,-0.489124777,0.104691810,-0.087494406,-0.204500931,-0.185580065,-0.157784690,-0.565398686,0.107780443,-0.098290211,-0.220800000,0.000001000,-0.881819251,0.060083674,-0.516260886,0.041000000,1.931220000,0.133855476,-0.122182809,0.253219931,1.181625156,1.738010599
-0.027930676,0.007987055,0.859499201,-0.000376990,0.057051882,0.002412505,0.998368229,-0.192142531,-0.138861986,-0.489963617,0.104697637,-0.087093827,-0.204501030,-0.185315487,-0.157980000,-0.566409968,0.107870534,-0.097820810,-0.220800000,0.000001000,-0.875982210,0.060698021,-0.519245600,0.041000000,1.931220000,0.144842672,-0.120459437,0.252336955,1.180063553,1.738002188
-0.027857306,0.007882289,0.859551706,-0.000323144,0.057020498,0.002347586,0.998370195,-0.191834636,-0.138998450,-0.490804130,0.104686892,-0.086693944,-0.204501073,-0.185057879,-0.158177817,-0.567422722,0.107945657,-0.097352102,-0.220800000,0.000001000,-0.869911887,0.061280287,-0.522527858,0.041000000,1.931220000,0.155997393,-0.118802135,0.251462944,1.178370967,1.737992598
-0.027826602,0.007837725,0.859693212,-0.000260544,0.057222310,0.002300822,0.998358776,-0.191955811,-0.139188295,-0.491757124,0.104290511,-0.086309393,-0.204501152,-0.185245246,-0.158421194,-0.568549573,0.107665460,-0.096897803,-0.220800000,0.000001000,-0.858299234,0.062853486,-0.530963358,0.041000000,1.931220000,0.170341345,-0.116839139,0.250950433,1.174860592,1.738016776
-0.027798303,0.007796554,0.859839735,-0.000197451,0.057437260,0.002255082,0.998346551,-0.192101167,-0.139381148,-0.492716457,0.103872397,-0.085925706,-0.204501233,-0.185457691,-0.158667138,-0.569682854,0.107365238,-0.096444315,-0.220800000,0.000001000,-0.846374235,0.064482531,-0.539689277,0.041000000,1.931220000,0.184865030,-0.114858915,0.250458294,1.171247773,1.738042857
-0.027850361,0.007863031,0.859982368,-0.000159751,0.057675710,0.002221912,0.998332885,-0.192352694,-0.139668244,-0.493750702,0.103293731,-0.085554273,-0.204502197,-0.185769000,-0.159002321,-0.570892742,0.106908722,-0.096002549,-0.220800000,0.000001000,-0.837100053,0.064904686,-0.546580344,0.041000000,1.931220000,0.205264044,-0.114338762,0.249250031,1.166833400,1.737991255
-0.027906833,0.007935422,0.860124788,-0.000123447,0.057915446,0.002189432,0.998319083,-0.192610054,-0.139960516,-0.494789062,0.102706245,-0.085183514,-0.204503209,-0.186085741,-0.159342406,-0.572106839,0.106443621,-0.095561426,-0.220800000,0.000001000,-0.827971481,0.065260546,-0.553370622,0.041000000,1.931220000,0.225985790,-0.113898812,0.248002430,1.162374998,1.737935386
-0.028080664,0.007932525,0.860297954,-0.000005672,0.058605246,0.002236146,0.998278731,-0.193926178,-0.140320691,-0.496046534,0.101765643,-0.084829849,-0.204506681,-0.187454551,-0.159743957,-0.573534778,0.105689818,-0.095138535,-0.220800000,0.000001000,-0.818649870,0.069178933,-0.555210754,0.041000000,1.931220000,0.237939274,-0.114883058,0.246699071,1.156402554,1.737873315
-0.028260791,0.007925588,0.860472769,0.000116473,0.059319158,0.002287107,0.998236441,-0.195299095,-0.140684509,-0.497315759,0.100806100,-0.084477100,-0.204510284,-0.188879795,-0.160148804,-0.574974188,0.104920529,-0.094716622,-0.220800000,0.000001000,-0.809317904,0.073288417,-0.556785356,0.041000000,1.931220000,0.249422421,-0.115943699,0.245392721,1.150348896,1.737810911
-0.028392865,0.008012124,0.860500129,0.000022649,0.059846277,0.002342634,0.998204856,-0.196406187,-0.140682434,-0.498073797,0.100315674,-0.084303341,-0.204508203,-0.189961259,-0.160150356,-0.575840521,0.104481092,-0.094506719,-0.220800000,0.000001000,-0.809461033,0.073645599,-0.556035796,0.041000000,1.931220000,0.240577662,-0.115025069,0.244600808,1.148386988,1.737900421
-0.028522225,0.008103940,0.860519158,-0.000083375,0.060362829,0.002398419,0.998173617,-0.197498262,-0.140659689,-0.498802957,0.099851750,-0.084139692,-0.204505800,-0.191023302,-0.160129127,-0.576674480,0.104060289,-0.094308793,-0.220800000,0.000001000,-0.810139415,0.073790810,-0.555154943,0.041000000,1.931220000,0.230584569,-0.113994630,0.243837956,1.146656226,1.737998513
-0.028499926,0.008216118,0.860554537,-0.000119204,0.060391421,0.002441405,0.998171780,-0.197497685,-0.140868702,-0.499330145,0.099819122,-0.083952636,-0.204510092,-0.190978753,-0.160353873,-0.577294205,0.104018340,-0.094094155,-0.220800000,0.000001000,-0.812228740,0.073665903,-0.554342576,0.041000000,1.931220000,0.211069737,-0.113109743,0.243021462,1.144533375,1.738143403
-0.028469291,0.008329415,0.860590815,-0.000151176,0.060393193,0.002483687,0.998171564,-0.197437051,-0.141090452,-0.499846233,0.099810201,-0.083764294,-0.204514751,-0.190873382,-0.160592139,-0.577902154,0.103997215,-0.093878598,-0.220800000,0.000001000,-0.814395615,0.073526150,-0.553533974,0.041000000,1.931220000,0.191031557,-0.112232856,0.242202019,1.142388974,1.738290864
-0.028517339,0.008403876,0.860642081,-0.000181469,0.060728231,0.002451493,0.998151311,-0.198073485,-0.141219976,-0.500478242,0.099559346,-0.083595274,-0.204513163,-0.191525484,-0.160721103,-0.578653272,0.103729717,-0.093682673,-0.220800000,0.000001000,-0.819606806,0.071660019,-0.553528302,0.041000000,1.931220000,0.172776417,-0.111428421,0.241508982,1.139893214,1.738383386
-0.028569603,0.008476256,0.860694149,-0.000211671,0.061081115,0.002415308,0.998129861,-0.198747263,-0.141344558,-0.501116461,0.099295530,-0.083427288,-0.204511240,-0.192218168,-0.160844211,-0.579412060,0.103449020,-0.093487799,-0.220800000,0.000001000,-0.824981094,0.069701399,-0.553565647,0.041000000,1.931220000,0.154616803,-0.110627868,0.240822717,1.137378630,1.738472964
-0.028554047,0.008603846,0.860688895,-0.000247186,0.060910200,0.002530797,0.998140011,-0.198409655,-0.141633925,-0.501583483,0.099452316,-0.083236767,-0.204513903,-0.191780150,-0.161151567,-0.579969393,0.103596998,-0.093272298,-0.220800000,0.000001000,-0.832740076,0.067102910,-0.554743651,0.041000000,1.931220000,0.137685959,-0.109564738,0.240309080,1.134713237,1.738532454
-0.028534653,0.008734560,0.860680397,-0.000283001,0.060709639,0.002654869,0.998151898,-0.198014811,-0.141932618,-0.502040817,0.099632903,-0.083044970,-0.204516826,-0.191278144,-0.161469349,-0.580515325,0.103769236,-0.093055631,-0.220800000,0.000001000,-0.840634010,0.064468211,-0.555986205,0.041000000,1.931220000,0.120824653,-0.108486749,0.239805212,1.132039310,1.738590241
-0.028556215,0.008950981,0.860610286,-0.000326459,0.060359491,0.002683024,0.998173044,-0.197364818,-0.142349419,-0.502410661,0.099968167,-0.082855669,-0.204515751,-0.190551973,-0.161910902,-0.580974378,0.104064878,-0.092843174,-0.220800000,0.000001000,-0.850397840,0.062888577,-0.558447880,0.041000000,1.931220000,0.106975104,-0.106435943,0.239461200,1.130303505,1.738665016
-0.028580031,0.009172120,0.860536784,-0.000370337,0.060001102,0.002705901,0.998194575,-0.196700783,-0.142772720,-0.502775691,0.100311942,-0.082666506,-0.204514455,-0.189813465,-0.162359266,-0.581428650,0.104367312,-0.092630948,-0.220800000,0.000001000,-0.860264572,0.061367003,-0.560976643,0.041000000,1.931220000,0.093291293,-0.104331603,0.239125984,1.128619325,1.738740726
-0.028907995,0.009355756,0.860354528,-0.000435938,0.059689267,0.002702438,0.998213253,-0.196722613,-0.143599963,-0.504486438,0.101384229,-0.081981289,-0.204493494,-0.189651079,-0.163263025,-0.583520791,0.105280473,-0.091855144,-0.220800000,0.000001000,-0.869384548,0.065896888,-0.575858833,0.041000000,1.931220000,0.090132915,-0.103519671,0.237742289,1.129809627,1.738753325
-0.029252265,0.009537381,0.860166442,-0.000502702,0.059379921,0.002697563,0.998231684,-0.196781210,-0.144448860,-0.506269325,0.102495569,-0.081269480,-0.204471479,-0.189519578,-0.164191195,-0.585700734,0.106226374,-0.091049129,-0.220800000,0.000001000,-0.878464491,0.070751177,-0.591403260,0.041000000,1.931220000,0.087538781,-0.102777022,0.236302388,1.131154024,1.738762541
-0.029129854,0.009307518,0.860254871,-0.000389190,0.058387204,0.002666544,0.998290375,-0.194574913,-0.144725537,-0.506988317,0.103389163,-0.080874501,-0.204456829,-0.187284045,-0.164531600,-0.586582277,0.107094521,-0.090603267,-0.220800000,0.000001000,-0.866802529,0.081309924,-0.601089619,0.041000000,1.931220000,0.102801684,-0.102857156,0.235724001,1.130930497,1.738704468
-0.028981158,0.009054478,0.860358874,-0.000265523,0.057355935,0.002634051,0.998350283,-0.192241049,-0.144969985,-0.507647386,0.104270494,-0.080497366,-0.204442595,-0.184930007,-0.164838899,-0.587390691,0.107958289,-0.090177691,-0.220800000,0.000001000,-0.853972317,0.092189963,-0.610446033,0.041000000,1.931220000,0.119070352,-0.102983632,0.235194137,1.130618659,1.738642606
-0.029052352,0.008877129,0.860325500,-0.000203969,0.056566058,0.002616578,0.998395409,-0.190677441,-0.144996297,-0.507984568,0.104669389,-0.080305632,-0.204436723,-0.183353816,-0.164907897,-0.587787963,0.108374984,-0.089960059,-0.220800000,0.000001000,-0.833466970,0.106698545,-0.620332306,0.041000000,1.931220000,0.129545548,-0.103657672,0.234732257,1.131867915,1.738582640
-0.029135691,0.008703960,0.860284537,-0.000145846,0.055789481,0.002599934,0.998439158,-0.189156375,-0.145010562,-0.508303971,0.105041638,-0.080124139,-0.204431313,-0.181820586,-0.164963733,-0.588162527,0.108766987,-0.089753913,-0.220800000,0.000001000,-0.812537719,0.121407534,-0.630247842,0.041000000,1.931220000,0.139700766,-0.104361954,0.234274132,1.133203391,1.738522780
-0.029286873,0.008358246,0.860580208,0.000129798,0.055947540,0.002344149,0.998430949,-0.189240767,-0.145015348,-0.508918720,0.104366555,-0.079993904,-0.204418650,-0.182161277,-0.164991701,-0.588866827,0.108192640,-0.089595556,-0.220800000,0.000001000,-0.774542526,0.146891614,-0.645652946,0.041000000,1.931220000,0.147353840,-0.103629405,0.233802491,1.134903945,1.738476134
-0.029441690,0.008003288,0.860893914,0.000417096,0.056155663,0.002075551,0.998419781,-0.189411171,-0.145019627,-0.509549291,0.103635361,-0.079866415,-0.204405599,-0.182602362,-0.165018175,-0.589588793,0.107566521,-0.089439760,-0.220800000,0.000001000,-0.735633039,0.172952961,-0.661352149,0.041000000,1.931220000,0.154872863,-0.102819879,0.233330127,1.136624058,1.738430197
-0.029995574,0.007606390,0.861632198,0.000827128,0.056813408,0.001543864,0.998383278,-0.190712757,-0.145007941,-0.510452665,0.102001443,-0.079789875,-0.204396025,-0.184461863,-0.165007067,-0.590619169,0.106104068,-0.089330212,-0.220800000,0.000001000,-0.679588236,0.207686807,-0.675698706,0.041000000,1.931220000,0.157019831,-0.102172233,0.232624074,1.138753795,1.738388303
-0.030572054,0.007207117,0.862394523,0.001244110,0.057496561,0.000997278,0.998344431,-0.192078395,-0.144995352,-0.511371486,0.100316409,-0.079716221,-0.204386648,-0.186401683,-0.164993830,-0.591667009,0.104594258,-0.089223283,-0.220800000,0.000001000,-0.622573154,0.242911728,-0.689968670,0.041000000,1.931220000,0.158862610,-0.101533754,0.231904788,1.140906726,1.738346637
-0.030377550,0.006223794,0.863390959,0.001580711,0.058166554,0.000954807,0.998305185,-0.192366846,-0.143985515,-0.512580404,0.098513338,-0.079666918,-0.204382321,-0.186991000,-0.164006802,-0.592940252,0.103111322,-0.089123167,-0.220800000,0.000001000,-0.564400243,0.269968186,-0.702345510,0.041000000,1.931220000,0.162182342,-0.101183478,0.231080610,1.144026562,1.738276649
-0.030140489,0.005208234,0.864400317,0.001912874,0.058835790,0.000940162,0.998265399,-0.192595839,-0.142920632,-0.513805335,0.096703752,-0.079618960,-0.204378273,-0.187505773,-0.162966023,-0.594225937,0.101629869,-0.089023427,-0.220800000,0.000001000,-0.506163422,0.296573766,-0.714617855,0.041000000,1.931220000,0.165583597,-0.100849109,0.230250642,1.147199768,1.738205098
-0.029232063,0.004295512,0.865302292,0.002435899,0.059762976,0.001079231,0.998209040,-0.192150796,-0.142345327,-0.515067158,0.094231909,-0.079669720,-0.204382414,-0.187281437,-0.162413877,-0.595514919,0.099582781,-0.089011267,-0.220800000,0.000001000,-0.453364008,0.318041117,-0.723880763,0.041000000,1.931220000,0.166953325,-0.100443243,0.229174048,1.150952308,1.738200247
-0.028284818,0.003388737,0.866198058,0.002969956,0.060705008,0.001227188,0.998150578,-0.191666781,-0.141798329,-0.516331114,0.091721774,-0.079726188,-0.204387028,-0.187014365,-0.161889985,-0.596804093,0.097502987,-0.089004171,-0.220800000,0.000001000,-0.400878987,0.339211373,-0.732969664,0.041000000,1.931220000,0.168205589,-0.100033242,0.228083193,1.154738345,1.738199253
-0.027135116,0.002563844,0.866854003,0.003219569,0.061918268,0.001442038,0.998074989,-0.191340543,-0.140749567,-0.517902891,0.088870151,-0.079867879,-0.204389660,-0.186827982,-0.160834587,-0.598399148,0.095083418,-0.089063456,-0.220800000,0.000001000,-0.350304014,0.357107443,-0.739493250,0.041000000,1.931220000,0.170034224,-0.099649211,0.226848157,1.158251851,1.738212880
-0.025973937,0.001743593,0.867496352,0.003453052,0.063146809,0.001660679,0.997996893,-0.191023251,-0.139672359,-0.519492119,0.085999169,-0.080014402,-0.204392178,-0.186646173,-0.159749057,-0.600011544,0.092644587,-0.089126505,-0.220800000,0.000001000,-0.299837325,0.374817895,-0.745871404,0.041000000,1.931220000,0.171895534,-0.099266652,0.225604948,1.161749906,1.738227336
-0.024639876,0.001021646,0.867960798,0.003506750,0.064091106,0.001713180,0.997936420,-0.189849439,-0.138328432,-0.521181013,0.083298299,-0.080195557,-0.204419369,-0.185640164,-0.158374328,-0.601739308,0.090251529,-0.089225585,-0.220800000,0.000001000,-0.253834587,0.387893034,-0.748339671,0.041000000,1.931220000,0.176221248,-0.100851338,0.224140317,1.164040800,1.738161744
-0.023296271,0.000305124,0.868415424,0.003550521,0.065019662,0.001756509,0.997876121,-0.188628350,-0.136969783,-0.522875408,0.080606819,-0.080378623,-0.204447922,-0.184588661,-0.156983636,-0.603473439,0.087860997,-0.089326653,-0.220800000,0.000001000,-0.208078248,0.400712317,-0.750592121,0.041000000,1.931220000,0.180682991,-0.102544611,0.222663463,1.166265061,1.738091733
-0.021935077,-0.000238595,0.868715905,0.003462162,0.065531166,0.001779907,0.997842929,-0.186525007,-0.135614493,-0.524580945,0.078146648,-0.080579299,-0.204492283,-0.182588504,-0.155576294,-0.605233941,0.085582992,-0.089457481,-0.220800000,0.000001000,-0.167139883,0.410340863,-0.748395511,0.041000000,1.931220000,0.184413747,-0.106203089,0.221062210,1.166192471,1.737963117
-0.020572865,-0.000772329,0.869007478,0.003366166,0.066018555,0.001802153,0.997811090,-0.184370682,-0.134259396,-0.526287127,0.075699844,-0.080780993,-0.204537557,-0.180533527,-0.154167989,-0.606995966,0.083311488,-0.089590029,-0.220800000,0.000001000,-0.126479933,0.419785027,-0.745941804,0.041000000,1.931220000,0.188102261,-0.109975129,0.219453767,1.165987153,1.737831115
-0.019315088,-0.001239638,0.869245058,0.003297905,0.066233067,0.001716589,0.997797253,-0.181722446,-0.133040171,-0.528040004,0.073290975,-0.081010120,-0.204586983,-0.178005440,-0.152892722,-0.608826016,0.080990359,-0.089757438,-0.220800000,0.000001000,-0.092248537,0.425797769,-0.739090299,0.041000000,1.931220000,0.193357284,-0.119103284,0.217853267,1.162699238,1.737435363
-0.018063196,-0.001703202,0.869479595,0.003231206,0.066432198,0.001624950,0.997784386,-0.179046374,-0.131828602,-0.529795514,0.070884245,-0.081240792,-0.204636643,-0.175450690,-0.151624954,-0.610659900,0.078666432,-0.089926811,-0.220800000,0.000001000,-0.058379432,0.431617127,-0.731990949,0.041000000,1.931220000,0.198700589,-0.128533290,0.216253214,1.159237598,1.737024747
-0.017049978,-0.001960440,0.869588171,0.003445520,0.066507149,0.001291202,0.997779164,-0.176279531,-0.131515473,-0.531506435,0.068305234,-0.081510689,-0.204700178,-0.172990526,-0.151264291,-0.612452671,0.076184152,-0.090128857,-0.220800000,0.000001000,-0.026950488,0.439751443,-0.721139925,0.041000000,1.931220000,0.203448196,-0.138372855,0.214923000,1.152882473,1.736573683
-0.016049887,-0.002206331,0.869689821,0.003675289,0.066575259,0.000944140,0.997774191,-0.173507695,-0.131251754,-0.533214905,0.065716748,-0.081782744,-0.204764477,-0.170535564,-0.150953517,-0.614243182,0.073693163,-0.090332700,-0.220800000,0.000001000,0.004344253,0.448013074,-0.710082570,0.041000000,1.931220000,0.208163042,-0.148234944,0.213607625,1.146368215,1.736120396
-0.015110883,-0.002499787,0.869644187,0.003725679,0.067458951,0.000634041,0.997714893,-0.172499355,-0.130548721,-0.535404851,0.062816610,-0.082088976,-0.204824416,-0.169841005,-0.150204194,-0.616531393,0.070970008,-0.090547874,-0.220800000,0.000001000,0.031146483,0.448853510,-0.696597231,0.041000000,1.931220000,0.211626391,-0.156442410,0.212810085,1.137354649,1.735669736
-0.014175407,-0.002795990,0.869590047,0.003765707,0.068389682,0.000326077,0.997651525,-0.171592862,-0.129820317,-0.537622603,0.059898474,-0.082397181,-0.204884102,-0.169248115,-0.149429543,-0.618848348,0.068233445,-0.090763702,-0.220800000,0.000001000,0.057689256,0.449265348,-0.682971668,0.041000000,1.931220000,0.215017463,-0.164554317,0.212042451,1.128196740,1.735219228
-0.013371374,-0.002896702,0.869286818,0.003691977,0.069548918,0.000251391,0.997571679,-0.171645720,-0.129268592,-0.540056437,0.057277614,-0.082678703,-0.204963345,-0.169407924,-0.148858430,-0.621358764,0.065805103,-0.090946393,-0.220800000,0.000001000,0.080367532,0.435535566,-0.672398966,0.041000000,1.927834163,0.221236262,-0.169507701,0.211529881,1.117572241,1.734952304
-0.012574736,-0.002986417,0.868969575,0.003611842,0.070720917,0.000189828,0.997489584,-0.171752548,-0.128726806,-0.542502427,0.054673479,-0.082958725,-0.205043687,-0.169610076,-0.148298768,-0.623880064,0.063394101,-0.091127220,-0.220800000,0.000001000,0.102828406,0.421010229,-0.661998007,0.041000000,1.924257852,0.227614138,-0.174283398,0.211031659,1.106865237,1.734695707
-0.011461067,-0.002001930,0.868479596,0.003387008,0.070599031,-0.000000636,0.997499025,-0.167777422,-0.130223552,-0.548870885,0.051730655,-0.083167519,-0.205300490,-0.165748190,-0.149796151,-0.630394655,0.060709757,-0.091066618,-0.220800000,0.000001000,0.125227585,0.381776129,-0.651667632,0.041000000,1.927295254,0.244586072,-0.179690920,0.209513668,1.081076502,1.734589148
-0.010329983,-0.000958437,0.867980128,0.003154225,0.070406066,-0.000198181,0.997513407,-0.163578073,-0.131832275,-0.555454804,0.048769228,-0.083372401,-0.205566986,-0.161663065,-0.151406527,-0.637128599,0.058010397,-0.090992754,-0.220800000,0.000001000,0.147623374,0.341184772,-0.641341135,0.041000000,1.930695949,0.262139939,-0.185133149,0.207939660,1.054459325,1.734490830
-0.009931728,0.000042007,0.867391814,0.002788631,0.070637358,-0.000249750,0.997498133,-0.157309632,-0.142746181,-0.605644719,0.050120661,-0.081044087,-0.206928039,-0.154647265,-0.162520690,-0.688475169,0.059822096,-0.087426352,-0.220800000,0.000001000,0.150369305,0.301338515,-0.669045275,0.041000000,1.931041520,0.275582389,-0.185586057,0.203974174,1.033939544,1.734103358
-0.009575722,0.001039968,0.866798377,0.002415381,0.070893096,-0.000292904,0.997480952,-0.150921901,-0.154196555,-0.658348635,0.051720741,-0.078569728,-0.208352196,-0.147462504,-0.174182771,-0.742393775,0.061893869,-0.083658596,-0.220800000,0.000001000,0.151982369,0.261535215,-0.698941982,0.041000000,1.931210956,0.288787805,-0.185751317,0.199870813,1.013771294,1.733699216
-0.009469253,0.001683443,0.866609589,0.002175689,0.071074925,-0.000217522,0.997468583,-0.143588674,-0.165739433,-0.714572520,0.054563883,-0.076136096,-0.209311520,-0.139166784,-0.185705621,-0.799473066,0.065009712,-0.080415117,-0.220800000,0.000001000,0.151740837,0.236177938,-0.724572617,0.041000000,1.931220000,0.291316065,-0.184286247,0.208152406,1.015223675,1.732891404
-0.009376857,0.002306929,0.866443620,0.001943528,0.071252580,-0.000135455,0.997456402,-0.136202131,-0.177287526,-0.770994898,0.057477121,-0.073704760,-0.210244631,-0.130808418,-0.197220620,-0.856730588,0.068184430,-0.077201203,-0.220800000,0.000001000,0.151394724,0.211635273,-0.749962687,0.041000000,1.931220000,0.293242238,-0.182729241,0.217132388,1.017895246,1.732060830
-0.009530811,0.002954700,0.866466379,0.001776892,0.071270155,-0.000023063,0.997455466,-0.132831503,-0.182911631,-0.796612410,0.059311742,-0.072840123,-0.210506059,-0.126901558,-0.202761402,-0.882662725,0.070042059,-0.076060536,-0.220800000,0.000001000,0.141777127,0.187916981,-0.772808181,0.041000000,1.931220000,0.295566541,-0.182748261,0.228702177,1.017279237,1.731523720
-0.009698289,0.003603804,0.866499499,0.001613852,0.071278939,0.000090993,0.997455112,-0.129681337,-0.188210528,-0.820538832,0.061087150,-0.072061493,-0.210730615,-0.123239073,-0.207974218,-0.906875197,0.071827385,-0.075033684,-0.220800000,0.000001000,0.131650554,0.164243944,-0.795513987,0.041000000,1.931220000,0.297912701,-0.182853799,0.240414139,1.016482750,1.731002720
-0.010067038,0.004252074,0.866586425,0.001478749,0.071149720,0.000201820,0.997464531,-0.127680122,-0.192010033,-0.836238430,0.062536170,-0.071646893,-0.210820115,-0.120825451,-0.211697911,-0.922857925,0.073213434,-0.074495893,-0.220800000,0.000001000,0.114128973,0.141700714,-0.814124940,0.041000000,1.931220000,0.306232217,-0.184984869,0.252860207,1.010412337,1.730665184
-0.010447399,0.004900295,0.866676456,0.001345258,0.071012537,0.000312461,0.997474467,-0.125745185,-0.195723044,-0.851463454,0.063966363,-0.071253294,-0.210901825,-0.118483872,-0.215335703,-0.938365909,0.074576450,-0.073986314,-0.220800000,0.000001000,0.096180802,0.119222658,-0.832499677,0.041000000,1.931220000,0.314896315,-0.187232785,0.265348622,1.004037691,1.730338232
-0.010774135,0.005317860,0.866810818,0.001279258,0.070842827,0.000393973,0.997486592,-0.124313051,-0.198174138,-0.861546338,0.064856352,-0.071040796,-0.210966587,-0.116778966,-0.217720146,-0.948703472,0.075410100,-0.073740611,-0.220800000,0.000001000,0.083708770,0.107938733,-0.842864449,0.041000000,1.931220000,0.322281612,-0.187241250,0.275409425,0.998424871,1.730170915
-0.011097846,0.005722411,0.866947681,0.001217066,0.070671279,0.000473842,0.997498804,-0.122909286,-0.200554029,-0.871339084,0.065715862,-0.070838516,-0.211030392,-0.115109985,-0.220033871,-0.958749301,0.076213881,-0.073509798,-0.220800000,0.000001000,0.071545721,0.097286422,-0.852777271,0.041000000,1.931220000,0.329594755,-0.187123357,0.285333252,0.992855036,1.730012605
-0.011354908,0.005915354,0.867147729,0.001292357,0.070855785,0.000550254,0.997485581,-0.123185744,-0.201498706,-0.874195230,0.065695191,-0.070793314,-0.211052642,-0.115311359,-0.220946705,-0.961678697,0.076198425,-0.073466113,-0.220800000,0.000001000,0.067252614,0.105782869,-0.854226795,0.041000000,1.931220000,0.333898594,-0.182661422,0.288634713,0.992423423,1.730141163
-0.011608313,0.006096687,0.867351243,0.001375191,0.071059823,0.000626476,0.997470911,-0.123554384,-0.202364642,-0.876670809,0.065626230,-0.070756730,-0.211072613,-0.115615347,-0.221782682,-0.964217660,0.076138022,-0.073432695,-0.220800000,0.000001000,0.063391278,0.115329882,-0.855211993,0.041000000,1.931220000,0.338037331,-0.177961158,0.291572849,0.992273711,1.730285461
-0.011988488,0.006090499,0.867791348,0.001545224,0.070634094,0.000489244,0.997500976,-0.122712144,-0.203131380,-0.878855160,0.065757729,-0.070722731,-0.211114603,-0.114874199,-0.222501089,-0.966466134,0.076227488,-0.073411281,-0.220800000,0.000001000,0.074888373,0.150302707,-0.855833154,0.041000000,1.931220000,0.340867004,-0.174171630,0.294002684,0.992371344,1.730370873
-0.012375975,0.006073494,0.868245101,0.001720287,0.070172018,0.000339697,0.997533364,-0.121800052,-0.203892396,-0.881022710,0.065900792,-0.070688882,-0.211157863,-0.114072760,-0.223212714,-0.968697850,0.076325600,-0.073390559,-0.220800000,0.000001000,0.087271437,0.186742250,-0.856433314,0.041000000,1.931220000,0.343621162,-0.170434638,0.296403197,0.992483246,1.730452890
-0.012526453,0.005403868,0.868598908,0.001819481,0.071080876,0.000475110,0.997468783,-0.123436511,-0.203371417,-0.883731929,0.065482038,-0.070740570,-0.211185653,-0.115655824,-0.222656534,-0.971453260,0.075957687,-0.073446402,-0.220800000,0.000001000,0.119949499,0.236402722,-0.852585076,0.041000000,1.931220000,0.345671604,-0.164454169,0.298560707,0.993792937,1.730479497
-0.012663590,0.004697506,0.868947089,0.001914401,0.072066835,0.000626563,0.997397771,-0.125216427,-0.202778276,-0.886471638,0.065031660,-0.070797073,-0.211212571,-0.117373110,-0.222028990,-0.974238148,0.075563542,-0.073506554,-0.220800000,0.000001000,0.153769960,0.286807396,-0.848486440,0.041000000,1.931220000,0.347682433,-0.158347416,0.300704537,0.995170051,1.730502986
-0.012068957,0.003508484,0.868962733,0.002181470,0.073288845,0.000915607,0.997307950,-0.126547608,-0.201799492,-0.889223571,0.064513846,-0.070880226,-0.211280680,-0.118533556,-0.221029958,-0.976946678,0.075103096,-0.073599402,-0.220800000,0.000001000,0.192673268,0.334719304,-0.835431967,0.041000000,1.931220000,0.346346772,-0.151640778,0.302325217,0.998870684,1.730435543
-0.011433957,0.002292837,0.868960032,0.002458031,0.074523758,0.001212240,0.997215472,-0.127854035,-0.200799434,-0.891976179,0.063992312,-0.070964850,-0.211351060,-0.119663284,-0.220010433,-0.979650995,0.074638991,-0.073694054,-0.220800000,0.000001000,0.231856966,0.382493700,-0.821883455,0.041000000,1.931220000,0.344826505,-0.144901047,0.303917037,1.002699492,1.730363084
-0.010798117,0.000920622,0.868513836,0.002701523,0.076328989,0.001166157,0.997078346,-0.130231151,-0.199308168,-0.895052060,0.063159424,-0.071071731,-0.211428280,-0.122076812,-0.218505511,-0.982649292,0.073875188,-0.073793126,-0.220800000,0.000001000,0.263393742,0.387348615,-0.778873147,0.041000000,1.931220000,0.347216974,-0.140811585,0.303711690,1.007760440,1.730328619
-0.010162229,-0.000460640,0.868042012,0.002943096,0.078166924,0.001100266,0.996935334,-0.132670139,-0.197788516,-0.898146622,0.062308545,-0.071179898,-0.211505895,-0.124564528,-0.216972539,-0.985664577,0.073094067,-0.073892454,-0.220800000,0.000001000,0.294488626,0.389723345,-0.734160333,0.041000000,1.931220000,0.349833433,-0.136875273,0.303402491,1.012892590,1.730296350
-0.009744933,-0.000925108,0.867684337,0.003008382,0.079658494,0.000970666,0.996817201,-0.134698618,-0.197231919,-0.901059331,0.061459603,-0.071241513,-0.211598509,-0.126676564,-0.216389303,-0.988472351,0.072279273,-0.073932038,-0.220800000,0.000001000,0.311375415,0.392195234,-0.690796174,0.041000000,1.931220000,0.344902788,-0.137988280,0.300881739,1.019970975,1.730368378
-0.009339950,-0.001337940,0.867333091,0.003063732,0.081130394,0.000837476,0.996698436,-0.136703976,-0.196729564,-0.903961797,0.060610770,-0.071300505,-0.211691967,-0.128767440,-0.215859560,-0.991268437,0.071462583,-0.073968258,-0.220800000,0.000001000,0.327461959,0.394672594,-0.647507976,0.041000000,1.931220000,0.339547066,-0.139385680,0.298236426,1.027158979,1.730446280
-0.009037474,-0.001664137,0.866896070,0.003417982,0.081120836,0.000583059,0.996698243,-0.135694176,-0.197229122,-0.906345856,0.060376233,-0.071280599,-0.211802641,-0.127968568,-0.216323844,-0.993388023,0.071254830,-0.073925407,-0.220800000,0.000001000,0.336914540,0.394146720,-0.613244845,0.041000000,1.931220000,0.336187402,-0.145371825,0.292677195,1.036525853,1.730438052
-0.008741073,-0.001985200,0.866453966,0.003789943,0.081023484,0.000321459,0.996704935,-0.134505714,-0.197788048,-0.908699198,0.060178095,-0.071256018,-0.211914336,-0.126998466,-0.216847029,-0.995467524,0.071083159,-0.073877870,-0.220800000,0.000001000,0.345974027,0.393442890,-0.579516492,0.041000000,1.931220000,0.332946014,-0.151629875,0.286945301,1.046021835,1.730424721
-0.008527215,-0.002191832,0.865940203,0.003740094,0.080942388,0.000203987,0.996711744,-0.133538109,-0.197715982,-0.911336052,0.060269504,-0.071174460,-0.212001513,-0.126126158,-0.216774315,-0.997719994,0.071283267,-0.073739543,-0.220800000,0.000001000,0.359022682,0.397793530,-0.558846329,0.041000000,1.931220000,0.330591973,-0.159445972,0.278839750,1.058107521,1.730298745
-0.008318126,-0.002391852,0.865422298,0.003665870,0.080862230,0.000094844,0.996718542,-0.132583267,-0.197607453,-0.913989290,0.060377645,-0.071089610,-0.212087275,-0.125259502,-0.216667166,-0.999982459,0.071504860,-0.073595971,-0.220800000,0.000001000,0.372301859,0.402436253,-0.538930758,0.041000000,1.931220000,0.328289210,-0.167352105,0.270597033,1.070342858,1.730166260
-0.008142023,-0.002558561,0.864789562,0.003451704,0.080905270,0.000009587,0.996715819,-0.132015924,-0.197273171,-0.916754193,0.060643172,-0.070917793,-0.212184877,-0.124740510,-0.216342780,-1.002299460,0.071882625,-0.073378630,-0.220800000,0.000001000,0.397541264,0.409531203,-0.532387971,0.041000000,1.931220000,0.337121623,-0.177049103,0.260182062,1.081749474,1.728789119
-0.007967779,-0.002723392,0.864150350,0.003229646,0.080955252,-0.000074323,0.996712502,-0.131470432,-0.196926158,-0.919525393,0.060917574,-0.070741072,-0.212283147,-0.124241124,-0.216006144,-1.004619536,0.072269197,-0.073157129,-0.220800000,0.000001000,0.423455108,0.416764433,-0.526599278,0.041000000,1.931220000,0.346581950,-0.186847087,0.249644597,1.093109359,1.727341792
-0.007644236,-0.002715924,0.863503480,0.002974322,0.081107134,-0.000141946,0.996700941,-0.130973047,-0.196837180,-0.922332778,0.061327401,-0.070439068,-0.212380560,-0.123784237,-0.215922264,-1.006903331,0.072797992,-0.072837186,-0.220800000,0.000001000,0.444458921,0.436644772,-0.520075876,0.041000000,1.931220000,0.356943007,-0.194531319,0.237169901,1.099590502,1.725664632
-0.007311882,-0.002698286,0.862856158,0.002717035,0.081265021,-0.000208609,0.996688803,-0.130478501,-0.196763430,-0.925142298,0.061745220,-0.070129670,-0.212477923,-0.123329858,-0.215853301,-1.009184984,0.073335181,-0.072511433,-0.220800000,0.000001000,0.465172949,0.457271532,-0.513509113,0.041000000,1.931220000,0.367357225,-0.202090799,0.224580872,1.105783707,1.723973907
-0.007079502,-0.002763215,0.862456525,0.002834364,0.081509470,-0.000349211,0.996668476,-0.130188277,-0.197364861,-0.927952160,0.061918619,-0.069715590,-0.212559474,-0.123268440,-0.216452966,-1.011267341,0.073734909,-0.072123965,-0.220800000,0.000000101,0.476736736,0.491032733,-0.500938284,0.041000000,1.931220000,0.372003355,-0.205989904,0.211515720,1.101645942,1.723367912
-0.006852896,-0.002832912,0.862071198,0.002973327,0.081758910,-0.000494085,0.996647579,-0.129909853,-0.198005286,-0.930762042,0.062077901,-0.069295465,-0.212640112,-0.123229717,-0.217091246,-1.013338189,0.074126700,-0.071732932,-0.220800000,-0.000000849,0.487772066,0.525552490,-0.488020700,0.041000000,1.931220000,0.376316360,-0.209677611,0.198423070,1.096911529,1.722824563
-0.006648812,-0.003607238,0.862655160,0.003179673,0.081768726,-0.000544498,0.996646110,-0.128928385,-0.197467897,-0.933532671,0.061639997,-0.068907463,-0.212700387,-0.122457252,-0.216466641,-1.015525912,0.073763487,-0.071359261,-0.220800000,-0.000000945,0.494252953,0.585215266,-0.473616223,0.041000000,1.931220000,0.378867874,-0.207633138,0.188824348,1.091787064,1.722682471
-0.006446003,-0.004421440,0.863293974,0.003389832,0.081764978,-0.000589566,0.996645699,-0.127907131,-0.196863854,-0.936301079,0.061168299,-0.068521279,-0.212759511,-0.121643265,-0.215770568,-1.017720250,0.073357549,-0.070986573,-0.220800000,-0.000000992,0.500476100,0.646300911,-0.459127601,0.041000000,1.931220000,0.381319703,-0.205264275,0.179423350,1.086640526,1.722563087
-0.005338254,-0.005563043,0.866567769,0.004449504,0.079926555,-0.000338260,0.996790767,-0.121805637,-0.197674227,-0.937067348,0.060914083,-0.068339382,-0.212818221,-0.115712445,-0.216390353,-1.018232751,0.072924099,-0.070800784,-0.220800000,-0.000000100,0.583349739,0.728797250,-0.411943681,0.041000000,1.870573482,0.382705607,-0.196581010,0.177493128,1.085392076,1.722615469
-0.004177066,-0.006723980,0.869997167,0.005559319,0.077979392,-0.000069451,0.996939468,-0.115404141,-0.198568126,-0.937715385,0.060672710,-0.068169550,-0.212876907,-0.109479463,-0.217087844,-1.018645935,0.072489025,-0.070626033,-0.220800000,0.000000848,0.670749804,0.812557950,-0.362829012,0.041000000,1.806345619,0.384028566,-0.187524862,0.176004075,1.084373819,1.722677995
-0.006117978,-0.007959045,0.869392790,0.005608652,0.076192184,0.000254144,0.997077344,-0.113698612,-0.196908469,-0.939676910,0.060088296,-0.068352884,-0.212903769,-0.107581847,-0.215336053,-1.020238193,0.071917904,-0.070731443,-0.220800000,0.000000945,0.690568919,0.923129852,-0.326137069,0.041000000,1.804040678,0.386284162,-0.168822215,0.175002717,1.073437501,1.723433057
-0.008238359,-0.009198398,0.868555044,0.005596614,0.074413999,0.000580908,0.997211561,-0.112264763,-0.195101079,-0.941714425,0.059484035,-0.068556651,-0.212928790,-0.105935050,-0.213442561,-1.021898666,0.071338912,-0.070853063,-0.220800000,0.000000992,0.706478203,1.035252891,-0.290163830,0.041000000,1.805318228,0.388593714,-0.149561480,0.174029574,1.061927383,1.724228185
-0.007379291,-0.010664103,0.867183197,0.005701828,0.073752742,0.000140558,0.997260248,-0.109111736,-0.193034921,-0.942826338,0.059428614,-0.068634746,-0.212974196,-0.103043439,-0.211322910,-1.022663351,0.071254101,-0.070871938,-0.220800000,0.000000099,0.708078092,1.179724828,-0.245873109,0.041000000,1.835224584,0.398651174,-0.124300953,0.177030540,1.049141422,1.725106840
-0.006352411,-0.012142556,0.865781268,0.005813643,0.073154357,-0.000342999,0.997303627,-0.105861879,-0.190954188,-0.943886119,0.059404105,-0.068705764,-0.213020750,-0.100081718,-0.209190521,-1.023377583,0.071197123,-0.070885025,-0.220800000,-0.000000847,0.708872030,1.326018757,-0.201113921,0.041000000,1.866743405,0.409145021,-0.098702498,0.180255340,1.036283602,1.725990199
-0.006642356,-0.016457609,0.865709048,0.006938812,0.071776745,-0.000768848,0.997396291,-0.102755431,-0.187024614,-0.944983282,0.059627223,-0.068678370,-0.213043172,-0.097421255,-0.205153793,-1.024102434,0.071424219,-0.070821330,-0.220800000,-0.000000945,0.708953870,1.464974765,-0.181073663,0.041000000,1.887502397,0.412801821,-0.066525938,0.186086200,1.028360238,1.726238116
-0.007010107,-0.020940266,0.865715395,0.008123832,0.070352839,-0.001191284,0.997488377,-0.099657457,-0.182985798,-0.946082655,0.059864973,-0.068645161,-0.213064169,-0.094778593,-0.201004545,-1.024827913,0.071668100,-0.070753098,-0.220800000,-0.000000992,0.708993634,1.603497203,-0.162493959,0.041000000,1.907625630,0.416054645,-0.033960700,0.192071042,1.020728433,1.726448486
-0.005659316,-0.019316252,0.873742589,0.011585831,0.068010698,-0.001547632,0.997616118,-0.092225194,-0.191478338,-0.944401385,0.057393113,-0.068819691,-0.213150255,-0.088429961,-0.209164912,-1.023233476,0.068775672,-0.070884536,-0.220800000,-0.000000997,0.667123237,1.760691476,-0.084215914,0.041000000,1.882027345,0.408503843,-0.023188965,0.194227247,1.019956745,1.726350168
-0.004208755,-0.017337711,0.882235437,0.015179814,0.065614010,-0.001900115,0.997727801,-0.084541302,-0.200698392,-0.942558683,0.054763946,-0.069006281,-0.213240120,-0.081866176,-0.218039920,-1.021504356,0.065701164,-0.071027567,-0.220800000,-0.000001000,0.622819723,1.918969753,-0.002472052,0.041000000,1.853774674,0.400325832,-0.013682462,0.196161178,1.019583324,1.726233929
-0.008889560,-0.017244153,0.881520818,0.015275324,0.061566987,-0.001068899,0.997985485,-0.081575617,-0.202296072,-0.942830843,0.054069041,-0.069420686,-0.213093407,-0.078600213,-0.219470511,-1.021495065,0.065159450,-0.071214852,-0.220766194,-0.000000102,0.530083107,2.054545159,0.088868696,0.041000000,1.815555287,0.387492428,-0.009278341,0.197098345,1.018091628,1.726178248
-0.013915087,-0.017256573,0.880288530,0.015173882,0.057426129,-0.000171114,0.998234423,-0.078875203,-0.203465202,-0.943221907,0.053482886,-0.069847900,-0.212933392,-0.075519662,-0.220482557,-1.021582468,0.064760137,-0.071404624,-0.220730488,0.000000847,0.434623449,2.188844147,0.180749007,0.041000000,1.776775543,0.374397285,-0.005161090,0.197979470,1.016537059,1.726125972
-0.010991073,-0.014366517,0.872551159,0.011301286,0.057412085,-0.000635608,0.998286396,-0.074401411,-0.199150674,-0.944950562,0.054543095,-0.070470002,-0.212971337,-0.070529362,-0.216512378,-1.022420238,0.066136849,-0.071595392,-0.220762179,0.000000050,0.122542687,2.203013049,0.415305454,0.105548134,1.705469767,0.383740444,-0.022677439,0.198405704,1.019485354,1.725933801
-0.007596815,-0.011304768,0.864428989,0.007205429,0.057641232,-0.001180675,0.998310661,-0.069822718,-0.194511767,-0.946758341,0.055700691,-0.071103632,-0.213020991,-0.065426095,-0.212247481,-1.023302395,0.067618620,-0.071786218,-0.220797857,-0.000000851,-0.202352024,2.210075807,0.658301727,0.173914530,1.632239956,0.394410914,-0.041473497,0.198805029,1.022700010,1.725733356
-0.005247145,-0.011050003,0.862723943,0.006500123,0.058105991,-0.001647551,0.998287898,-0.066726870,-0.192671088,-0.947814303,0.054624973,-0.071131297,-0.213061447,-0.062730495,-0.210578996,-1.023385680,0.067036163,-0.071762321,-0.220799902,-0.000000945,-0.231128099,2.210480509,0.775544374,0.197183175,1.612044053,0.403813422,-0.050714737,0.201755857,1.022765502,1.725302971
-0.002958331,-0.010958765,0.861392740,0.005992338,0.058584468,-0.002109872,0.998262240,-0.063717409,-0.190993426,-0.948826466,0.053419148,-0.071123661,-0.213101368,-0.060175159,-0.209061771,-1.023422424,0.066333450,-0.071725915,-0.220799987,-0.000000992,-0.242653176,2.210497333,0.885460986,0.217824558,1.594937750,0.413142064,-0.059399341,0.204855327,1.022647532,1.724859192
-0.003115156,-0.010350208,0.861139946,0.005692681,0.058640092,-0.001964253,0.998261025,-0.063356094,-0.190715223,-0.950425280,0.051631077,-0.070951688,-0.213126070,-0.060058779,-0.208817068,-1.023787071,0.065047987,-0.071648782,-0.220799995,-0.000000997,-0.199140302,2.210499025,0.970858168,0.212743113,1.580446157,0.404614254,-0.067121746,0.208318728,1.028979650,1.724062626
-0.003409809,-0.009712496,0.860947926,0.005404753,0.058671880,-0.001784372,0.998261096,-0.063144019,-0.190515888,-0.952057156,0.049810193,-0.070770454,-0.213149913,-0.060079851,-0.208644080,-1.024170198,0.063729681,-0.071569354,-0.220799999,-0.000001000,-0.152525675,2.210499865,1.054873517,0.206212017,1.566101919,0.395080114,-0.074789925,0.211802638,1.035675273,1.723246178
-0.004125746,-0.009080920,0.860448286,0.004983285,0.058770894,-0.001516214,0.998257908,-0.064179821,-0.190466840,-0.953526223,0.049192851,-0.070513561,-0.213174495,-0.061189289,-0.208535359,-1.024201034,0.063384812,-0.071501135,-0.220800000,-0.000001000,-0.122498952,2.210499951,1.117922007,0.201357809,1.555209149,0.384140460,-0.078962701,0.214296846,1.046766326,1.722666856
-0.004866660,-0.008449707,0.859930408,0.004553897,0.058873879,-0.001242822,0.998254268,-0.065289608,-0.190426703,-0.954985637,0.048646865,-0.070252183,-0.213199121,-0.062363254,-0.208430449,-1.024210983,0.063097655,-0.071433581,-0.220800000,-0.000001000,-0.093455699,2.210499993,1.179727405,0.196603022,1.544521009,0.373117475,-0.082928239,0.216732376,1.058117977,1.722101593
-0.005565889,-0.007736068,0.859381613,0.004106873,0.059072059,-0.000985429,0.998244787,-0.067059496,-0.190925810,-0.955711337,0.049421661,-0.069952582,-0.213214611,-0.064162933,-0.208799573,-1.023314154,0.063965351,-0.071448980,-0.220800000,-0.000001000,-0.085211444,2.210499998,1.216339430,0.199257703,1.538218002,0.365250259,-0.086165186,0.217174521,1.068957457,1.721749323
-0.006262700,-0.007017649,0.858831026,0.003658825,0.059275741,-0.000728963,0.998234676,-0.068867663,-0.191456186,-0.956394490,0.050273048,-0.069650764,-0.213229571,-0.065998895,-0.209196186,-1.022364741,0.064900014,-0.071469191,-0.220800000,-0.000001000,-0.078173288,2.210500000,1.251490534,0.202342047,1.532169282,0.357566040,-0.089359883,0.217501073,1.079767238,1.721409404
-0.006694116,-0.006437895,0.858352931,0.003319774,0.059421062,-0.000575191,0.998227322,-0.070989751,-0.192615972,-0.955210207,0.053147732,-0.069256446,-0.213235052,-0.068575635,-0.210051327,-1.017782182,0.067944427,-0.071969167,-0.220800000,-0.000001000,-0.070712116,2.210500000,1.276053053,0.211292389,1.525455143,0.361503990,-0.091617844,0.211116003,1.090801758,1.721035208
-0.007110602,-0.005865942,0.857878914,0.002986855,0.059563091,-0.000427196,0.998219983,-0.073129498,-0.193811165,-0.953920869,0.056136238,-0.068856925,-0.213240000,-0.071194049,-0.210932262,-1.012995237,0.071107527,-0.072496134,-0.220800000,-0.000001000,-0.063227146,2.210500000,1.300019898,0.220572730,1.518703570,0.366095759,-0.093823107,0.204353362,1.101848922,1.720659084
-0.007370615,-0.005872734,0.857735578,0.002639663,0.060152408,-0.000440412,0.998185617,-0.078926467,-0.191416528,-0.936022361,0.058368854,-0.067331435,-0.213244424,-0.081362402,-0.205214574,-0.972597905,0.073347574,-0.077818812,-0.220800000,-0.000001000,-0.058765742,2.210500000,1.315963960,0.222933972,1.448305198,0.370599310,-0.088200320,0.159484392,1.116301099,1.716537716
-0.007621388,-0.005913702,0.857611769,0.002291628,0.060768109,-0.000463147,0.998149173,-0.084939405,-0.188809902,-0.917143036,0.060556833,-0.065739453,-0.213248817,-0.091976600,-0.199107218,-0.930097682,0.075533112,-0.083424690,-0.220800000,-0.000001000,-0.054482888,2.210500000,1.331434255,0.224886622,1.374148305,0.375097652,-0.082115265,0.112365138,1.130954351,1.712195182
-0.007656826,-0.005956102,0.857699719,0.002311833,0.061263454,-0.000441113,0.998118856,-0.086372872,-0.188573693,-0.915769520,0.060465985,-0.065535327,-0.213248840,-0.093813307,-0.198513898,-0.926559395,0.075393375,-0.083882730,-0.220800000,-0.000001000,-0.054837481,2.210500000,1.334628727,0.231938407,1.367335690,0.378476544,-0.084989120,0.108349602,1.125225052,1.711170703
-0.007679777,-0.005998584,0.857799948,0.002353391,0.061751807,-0.000416482,0.998088675,-0.087540784,-0.188474942,-0.915411136,0.060242992,-0.065411681,-0.213248609,-0.095141023,-0.198240329,-0.925280447,0.075118799,-0.084042254,-0.220800000,-0.000001000,-0.055460992,2.210500000,1.337111345,0.239285883,1.364428258,0.381790521,-0.088382487,0.106833579,1.118313804,1.710338633
-0.007615873,-0.006125620,0.857906876,0.002382809,0.061976463,-0.000453810,0.998074664,-0.087920173,-0.188217222,-0.915196471,0.060012012,-0.065246219,-0.213249875,-0.095708466,-0.197805936,-0.924186724,0.074812447,-0.084124672,-0.220799352,-0.000001000,-0.051559677,2.210500000,1.342845291,0.240519629,1.360460113,0.383365834,-0.088930876,0.105213085,1.115509050,1.709945000
-0.007547080,-0.006257415,0.858014182,0.002411543,0.062186272,-0.000494625,0.998061525,-0.088255176,-0.187950555,-0.914989896,0.059780583,-0.065078403,-0.213251226,-0.096233114,-0.197362491,-0.923103428,0.074504306,-0.084202750,-0.220798668,-0.000001000,-0.047403661,2.210500000,1.348762253,0.241409236,1.356432261,0.384843279,-0.089319123,0.103586710,1.112935449,1.709576047
-0.007418506,-0.006454816,0.858186947,0.002513070,0.061860745,-0.000410166,0.998081542,-0.087235717,-0.187738816,-0.914914624,0.059402211,-0.064862354,-0.213253994,-0.095322531,-0.196965884,-0.922123305,0.074041708,-0.084203877,-0.220797113,-0.000001000,-0.041863207,2.210500000,1.355472350,0.238070208,1.350945531,0.383985345,-0.086454815,0.100788223,1.115986204,1.709663804
-0.007286405,-0.006656086,0.858363572,0.002618890,0.061503631,-0.000318318,0.998103373,-0.086136363,-0.187530318,-0.914847097,0.059015172,-0.064643460,-0.213256846,-0.094327291,-0.196572039,-0.921149269,0.073569999,-0.084200466,-0.220795506,-0.000001000,-0.036241091,2.210500000,1.362229230,0.234481753,1.345372749,0.382989657,-0.083398653,0.097920599,1.119368714,1.709778501
-0.007191594,-0.006716126,0.858450432,0.002788619,0.060986358,-0.000289342,0.998134662,-0.084662447,-0.187670645,-0.914854323,0.058547001,-0.064410180,-0.213261729,-0.093028310,-0.196544841,-0.920150391,0.073084646,-0.084186405,-0.220795119,-0.000001000,-0.032697600,2.210500000,1.367653046,0.231837340,1.339593687,0.380037022,-0.079692308,0.093570316,1.126845229,1.710102498
-0.007098937,-0.006768009,0.858532107,0.002962038,0.060459817,-0.000263998,0.998166202,-0.083166899,-0.187831117,-0.914865866,0.058074145,-0.064176069,-0.213266729,-0.091711788,-0.196538817,-0.919150079,0.072598505,-0.084171729,-0.220794803,-0.000001000,-0.029274157,2.210500000,1.372999873,0.229247449,1.333802712,0.376971366,-0.075948412,0.089134404,1.134558185,1.710438582
-0.006949423,-0.006755906,0.858615562,0.003098245,0.059959164,-0.000256762,0.998195990,-0.081601530,-0.188021979,-0.915045687,0.057586355,-0.063916694,-0.213272768,-0.090361502,-0.196563539,-0.918220709,0.072128910,-0.084137088,-0.220794287,-0.000001000,-0.024677325,2.210500000,1.377365750,0.226423679,1.328327971,0.369324220,-0.073641402,0.086432410,1.138123568,1.710705421
-0.006796470,-0.006739932,0.858699125,0.003232200,0.059460062,-0.000250621,0.998225421,-0.080031937,-0.188214680,-0.915235687,0.057097662,-0.063655791,-0.213278871,-0.089009174,-0.196590120,-0.917295631,0.071660315,-0.084101240,-0.220793760,-0.000001000,-0.020009515,2.210500000,1.381672289,0.223585762,1.322872358,0.361399938,-0.071421309,0.083835303,1.141438063,1.710968070
-0.006627514,-0.006693836,0.858734823,0.003318462,0.059068843,-0.000262410,0.998248361,-0.078668213,-0.188364673,-0.915549179,0.056635139,-0.063386621,-0.213285810,-0.087886212,-0.196574508,-0.916424816,0.071237652,-0.084062956,-0.220793586,-0.000001000,-0.012881650,2.210500000,1.385458796,0.221820345,1.318093927,0.352239680,-0.068902590,0.082858940,1.140861114,1.711112799
-0.006457613,-0.006645963,0.858767697,0.003401911,0.058683979,-0.000275256,0.998270776,-0.077316631,-0.188512146,-0.915869954,0.056174159,-0.063116964,-0.213292799,-0.086776779,-0.196556408,-0.915557201,0.070817698,-0.084024528,-0.220793433,-0.000001000,-0.005608678,2.210500000,1.389214629,0.220118190,1.313355441,0.343006516,-0.066366256,0.081978179,1.140054627,1.711250572
-0.006309806,-0.006554670,0.858735889,0.003420874,0.058402433,-0.000284378,0.998287219,-0.076278224,-0.188617482,-0.916191555,0.055827886,-0.062852567,-0.213300056,-0.085978554,-0.196496134,-0.914645050,0.070522190,-0.084005637,-0.220793659,-0.000001000,0.002194784,2.210500000,1.392172656,0.219179796,1.309315088,0.331891830,-0.063920505,0.082539199,1.137655849,1.711170061
-0.006163278,-0.006460863,0.858700335,0.003436101,0.058126866,-0.000293284,0.998303248,-0.075257957,-0.188720376,-0.916513203,0.055488257,-0.062588476,-0.213307330,-0.085198354,-0.196433419,-0.913730320,0.070233889,-0.083987877,-0.220793907,-0.000001000,0.010028972,2.210500000,1.395084473,0.218285640,1.305315171,0.320668163,-0.061480002,0.083183729,1.135164844,1.711076907
-0.006132051,-0.006289433,0.858525160,0.003380023,0.057981836,-0.000294856,0.998311873,-0.074863911,-0.188849546,-0.916559038,0.055440509,-0.062358209,-0.213313363,-0.085043430,-0.196402487,-0.912469056,0.070272140,-0.084057795,-0.220794959,-0.000001000,0.015416160,2.210500000,1.396111706,0.218099646,1.301874728,0.312202197,-0.058554412,0.082884604,1.135005757,1.711177223
-0.006107795,-0.006113310,0.858341543,0.003319634,0.057844695,-0.000295983,0.998320031,-0.074507724,-0.188980304,-0.916588198,0.055410407,-0.062129987,-0.213319321,-0.084926309,-0.196373478,-0.911186842,0.070330133,-0.084133013,-0.220796058,-0.000001000,0.020655410,2.210500000,1.397025003,0.217956464,1.298468109,0.303902952,-0.055599497,0.082528428,1.134987651,1.711289236
-0.006128389,-0.005972090,0.858179692,0.003245927,0.057765599,-0.000289688,0.998324855,-0.074488671,-0.189070690,-0.916277659,0.055618077,-0.061937296,-0.213323005,-0.085150593,-0.196295034,-0.909534532,0.070632800,-0.084303493,-0.220797985,-0.000001000,0.021919512,2.210500000,1.395949370,0.217545224,1.295108478,0.298847337,-0.054971802,0.080300236,1.137150118,1.711262681
-0.006151631,-0.005832931,0.858019127,0.003171434,0.057689930,-0.000282955,0.998329472,-0.074489526,-0.189158693,-0.915947060,0.055839788,-0.061746702,-0.213326555,-0.085395038,-0.196213672,-0.907860366,0.070949916,-0.084479597,-0.220799961,-0.000001000,0.022948870,2.210500000,1.394756284,0.217118155,1.291751621,0.293983268,-0.054481535,0.077961497,1.139441353,1.711227944
-0.006156696,-0.005784056,0.857922424,0.003122274,0.057744237,-0.000293481,0.998326484,-0.076386423,-0.187980431,-0.906970262,0.056054885,-0.058660695,-0.213369845,-0.091219377,-0.191121426,-0.876240682,0.071099094,-0.088395033,-0.220800036,-0.000001000,0.019535676,2.210500000,1.388849507,0.213631165,1.223829903,0.291549790,-0.052226544,0.046221053,1.138602343,1.707525169
-0.006160710,-0.005740401,0.857829414,0.003074579,0.057806058,-0.000305004,0.998323051,-0.078392951,-0.186728952,-0.897493536,0.056269601,-0.055407274,-0.213415433,-0.097366347,-0.185739449,-0.842889533,0.071238561,-0.092526679,-0.220800002,-0.000001000,0.015865613,2.210500000,1.382670181,0.209967249,1.152175014,0.289256850,-0.049869515,0.012780589,1.137582341,1.703610307
-0.006136892,-0.005722890,0.857802019,0.003044812,0.057849950,-0.000314986,0.998320596,-0.080075514,-0.185314661,-0.888424522,0.056015797,-0.052439185,-0.213463048,-0.101803040,-0.180902647,-0.816148544,0.070669234,-0.095033422,-0.220800302,-0.000001000,0.016094330,2.210500000,1.381733224,0.207195141,1.085713486,0.286549591,-0.050986546,0.000974475,1.137762498,1.698688779
-0.006111392,-0.005706959,0.857778591,0.003016128,0.057892759,-0.000324874,0.998318199,-0.081738491,-0.183890528,-0.879380155,0.055733668,-0.049488346,-0.213510785,-0.106136334,-0.176098804,-0.789807184,0.070057056,-0.097441928,-0.220800623,-0.000001000,0.016558756,2.210500000,1.381113203,0.204476949,1.019565931,0.283817284,-0.052313606,-0.009523698,1.138015212,1.693706391
-0.006055561,-0.005701935,0.857827942,0.002994217,0.057839105,-0.000330817,0.998321373,-0.081649609,-0.183697451,-0.878566821,0.055644214,-0.049182262,-0.213515928,-0.106286337,-0.175571422,-0.787382447,0.069893905,-0.097607347,-0.220800483,-0.000001000,0.016477274,2.210500000,1.381341329,0.204057921,1.012948909,0.278621838,-0.055254120,-0.009548400,1.138443340,1.692743320
-0.005997931,-0.005697557,0.857881608,0.002972706,0.057779731,-0.000336525,0.998324873,-0.081456861,-0.183577363,-0.878241491,0.055566182,-0.049032980,-0.213518546,-0.106188320,-0.175297585,-0.786375688,0.069757376,-0.097639777,-0.220800315,-0.000001000,0.016363427,2.210500000,1.381619739,0.203775206,1.009861356,0.273280356,-0.058290293,-0.008952146,1.138881869,1.692018549
-0.005945451,-0.005704860,0.857922182,0.002964197,0.057645417,-0.000335461,0.998332663,-0.081074748,-0.183456355,-0.877969951,0.055431409,-0.048876080,-0.213521861,-0.105888237,-0.175025655,-0.785432004,0.069555272,-0.097640950,-0.220800127,-0.000001000,0.015934387,2.210500000,1.382179387,0.203400114,1.006563480,0.268450884,-0.059386008,-0.008757897,1.139276499,1.691554265
-0.005893269,-0.005712841,0.857961997,0.002956441,0.057506761,-0.000334004,0.998340684,-0.080681667,-0.183335295,-0.877701526,0.055293349,-0.048718738,-0.213525216,-0.105576451,-0.174753837,-0.784491973,0.069349371,-0.097640312,-0.220799937,-0.000001000,0.015487092,2.210500000,1.382755325,0.203019670,1.003253423,0.263651068,-0.060369329,-0.008586932,1.139668588,1.691105069
-0.005885508,-0.005727648,0.858016245,0.002941624,0.057368307,-0.000318373,0.998348698,-0.080327655,-0.183195055,-0.877563233,0.055120545,-0.048546870,-0.213529258,-0.105285614,-0.174458975,-0.783693989,0.069082073,-0.097593131,-0.220799665,-0.000001000,0.011160250,2.210500000,1.382196286,0.202238549,0.999462247,0.258460205,-0.061120649,-0.007763110,1.138866008,1.690615218
-0.005880449,-0.005742870,0.858071371,0.002926378,0.057229864,-0.000301881,0.998356694,-0.079976020,-0.183053648,-0.877432855,0.054945627,-0.048374119,-0.213533341,-0.104996052,-0.174162712,-0.782904646,0.068811040,-0.097543119,-0.220799388,-0.000001000,0.006597423,2.210500000,1.381568208,0.201433056,0.995641805,0.253245555,-0.061857857,-0.006899576,1.137990759,1.690122894
-0.005883683,-0.005752776,0.858132197,0.002919630,0.057121500,-0.000277217,0.998362927,-0.079679453,-0.182959414,-0.877445915,0.054756891,-0.048183815,-0.213538373,-0.104754297,-0.173912120,-0.782256943,0.068510693,-0.097441520,-0.220799280,-0.000001000,0.000073763,2.210500000,1.380038902,0.199835846,0.991639421,0.248308026,-0.062732827,-0.004821307,1.135523634,1.689515372
-0.005887407,-0.005762368,0.858193359,0.002913382,0.057014910,-0.000252071,0.998369044,-0.079386136,-0.182867965,-0.877467441,0.054567340,-0.047992476,-0.213543461,-0.104515364,-0.173664223,-0.781617599,0.068208615,-0.097336876,-0.220799182,-0.000001000,-0.006565625,2.210500000,1.378456406,0.198191909,0.987626299,0.243386851,-0.063615928,-0.002671346,1.132962559,1.688901050
-0.005810031,-0.005782775,0.858255537,0.002940395,0.056708570,-0.000297988,0.998386400,-0.078460618,-0.182817582,-0.877523987,0.054335232,-0.047787770,-0.213549895,-0.103710170,-0.173471410,-0.780996160,0.067901477,-0.097192974,-0.220799473,-0.000001000,-0.009045711,2.210500000,1.378224453,0.195642610,0.983748821,0.239581495,-0.062587178,-0.000502818,1.131565836,1.688543598
-0.005727974,-0.005803805,0.858317773,0.002969327,0.056390695,-0.000348007,0.998404303,-0.077498610,-0.182769570,-0.877582555,0.054100669,-0.047582292,-0.213556407,-0.102872292,-0.173281776,-0.780375755,0.067594047,-0.097046807,-0.220799786,-0.000001000,-0.011285723,2.210500000,1.378070453,0.193041055,0.979879173,0.235840544,-0.061448077,0.001666781,1.130236319,1.688200973
-0.005712872,-0.005843780,0.858365845,0.002985734,0.056131068,-0.000340083,0.998418887,-0.076754006,-0.182674248,-0.877792899,0.053820155,-0.047371854,-0.213563993,-0.102211657,-0.173048218,-0.779886813,0.067241775,-0.096874875,-0.220799892,-0.000001000,-0.015334475,2.210500000,1.377317417,0.191276022,0.975784733,0.234090763,-0.059476897,0.002721778,1.131149620,1.688111032
-0.005701829,-0.005884904,0.858413059,0.003001383,0.055874968,-0.000328647,0.998433208,-0.076022581,-0.182576059,-0.878012445,0.053536856,-0.047161116,-0.213571643,-0.101561767,-0.172811996,-0.779405840,0.066886784,-0.096701382,-0.220799985,-0.000001000,-0.019492883,2.210500000,1.376528063,0.189561703,0.971676665,0.232461697,-0.057455271,0.003709203,1.132198893,1.688036409
-0.005697642,-0.005883740,0.858434681,0.003004736,0.055720918,-0.000304507,0.998441815,-0.075549322,-0.182548047,-0.878300662,0.053307488,-0.046948835,-0.213580335,-0.101159489,-0.172647931,-0.778990142,0.066584965,-0.096515539,-0.220799995,-0.000001000,-0.022676495,2.210500000,1.374763444,0.189716499,0.968027641,0.230542557,-0.055180067,0.003262968,1.135572948,1.688060036
-0.005693860,-0.005880080,0.858454793,0.003007363,0.055572890,-0.000279617,0.998450065,-0.075091300,-0.182524176,-0.878592931,0.053081304,-0.046736463,-0.213589089,-0.100771824,-0.172488125,-0.778578296,0.066286285,-0.096328968,-0.220799999,-0.000001000,-0.025802577,2.210500000,1.372941266,0.189981610,0.964405708,0.228606296,-0.052889897,0.002732120,1.139084211,1.688089462
-0.005645231,-0.005901156,0.858502396,0.003038062,0.055367835,-0.000359403,0.998461338,-0.072891239,-0.183573351,-0.886801909,0.052399654,-0.042756323,-0.213788630,-0.100786468,-0.171321161,-0.773522489,0.065189789,-0.091917874,-0.220800000,-0.000001000,-0.026399942,2.210500000,1.370249872,0.188286026,0.898689053,0.226108922,-0.049137853,-0.014808705,1.143346282,1.685676278
-0.005594004,-0.005923663,0.858551591,0.003070386,0.055159474,-0.000445252,0.998472737,-0.070590278,-0.184684679,-0.895469433,0.051691622,-0.038557949,-0.213999222,-0.100824414,-0.170095861,-0.768197698,0.064047083,-0.087262091,-0.220800000,-0.000001000,-0.026850840,2.210500000,1.367508132,0.186476877,0.829375799,0.223579047,-0.045301136,-0.033334768,1.147651841,1.683121616
-0.005579377,-0.005906842,0.858581416,0.003106168,0.055094049,-0.000514886,0.998476205,-0.070217509,-0.184899437,-0.896347530,0.051625937,-0.038146686,-0.214021076,-0.100742924,-0.170087117,-0.767678256,0.063960645,-0.086776368,-0.220800000,-0.000000104,-0.027340125,2.210500000,1.365912160,0.186678352,0.822498983,0.221262676,-0.045081987,-0.035113293,1.148358913,1.682828304
-0.005566980,-0.005887626,0.858610061,0.003142160,0.055037328,-0.000583533,0.998479183,-0.069962159,-0.185059598,-0.896751285,0.051599367,-0.037966041,-0.214031436,-0.100654161,-0.170152454,-0.767451439,0.063938529,-0.086544582,-0.220800000,0.000000847,-0.027831747,2.210500000,1.364385960,0.187002265,0.819424259,0.218959307,-0.045083132,-0.035871969,1.148846854,1.682672698
-0.005531100,-0.005897655,0.858650789,0.003133973,0.055097618,-0.000559879,0.998475897,-0.069932694,-0.185081038,-0.897305640,0.051520985,-0.037785173,-0.214042187,-0.100706891,-0.170067378,-0.767380842,0.063813165,-0.086290408,-0.220800000,0.000000945,-0.027449658,2.210500000,1.364232337,0.186867151,0.816380010,0.215325107,-0.044960826,-0.037200175,1.149594578,1.682556685
-0.005493837,-0.005909407,0.858692229,0.003123183,0.055164802,-0.000530787,0.998472237,-0.069916539,-0.185094305,-0.897868868,0.051439551,-0.037604292,-0.214052960,-0.100767957,-0.169973440,-0.767319450,0.063681718,-0.086034916,-0.220800000,0.000000992,-0.027016092,2.210500000,1.364159585,0.186704991,0.813337555,0.211612497,-0.044831247,-0.038561938,1.150357608,1.682443006
-0.005461273,-0.005898340,0.858700829,0.003089224,0.055179682,-0.000479109,0.998471547,-0.069816129,-0.185106015,-0.898408507,0.051405823,-0.037426286,-0.214064201,-0.100710710,-0.169874423,-0.767272281,0.063572585,-0.085771264,-0.220800000,0.000000100,-0.026141933,2.210500000,1.364730017,0.187881238,0.810419811,0.208241607,-0.044305593,-0.040789037,1.151417527,1.682431789
-0.005428980,-0.005885959,0.858707537,0.003053928,0.055191546,-0.000426129,0.998471024,-0.069710861,-0.185117637,-0.898946787,0.051374845,-0.037248447,-0.214075469,-0.100646642,-0.169775114,-0.767225931,0.063464739,-0.085507142,-0.220800000,-0.000000846,-0.025242373,2.210500000,1.365337531,0.189134648,0.807509257,0.204890419,-0.043757105,-0.043066025,1.152494562,1.682426479
-0.005442992,-0.005825127,0.858681290,0.003049266,0.055251782,-0.000308031,0.998467750,-0.069847464,-0.185320477,-0.899433929,0.051434131,-0.037070217,-0.214086157,-0.100782415,-0.169860544,-0.767104953,0.063451971,-0.085255145,-0.220800000,-0.000000049,-0.025675119,2.210500000,1.364286704,0.191867374,0.804829335,0.201126754,-0.042453573,-0.045522772,1.153047002,1.682521102
-0.005459799,-0.005761372,0.858653055,0.003046453,0.055314936,-0.000186002,0.998464292,-0.069998665,-0.185534859,-0.899917984,0.051498864,-0.036891964,-0.214096809,-0.100930251,-0.169957125,-0.766979471,0.063444942,-0.085003879,-0.220800000,0.000000855,-0.026188276,2.210500000,1.363135788,0.194689385,0.802163332,0.197338192,-0.041104471,-0.047990368,1.153567780,1.682621756
-0.005474446,-0.005592821,0.858513676,0.002914507,0.055521184,-0.000135631,0.998453246,-0.070611766,-0.185655476,-0.900048879,0.051855819,-0.036729731,-0.214104330,-0.101559011,-0.169973109,-0.766646467,0.063746451,-0.084801512,-0.220800000,0.000000948,-0.024494758,2.210500000,1.361713463,0.197871457,0.800685115,0.193687085,-0.042196193,-0.050672583,1.152584445,1.682576923
-0.005488966,-0.005418085,0.858367739,0.002774940,0.055735875,-0.000089490,0.998441688,-0.071252128,-0.185770560,-0.900158930,0.052230020,-0.036568443,-0.214111665,-0.102216155,-0.169984337,-0.766301216,0.064066170,-0.084602030,-0.220800000,0.000000993,-0.022671004,2.210500000,1.360275120,0.201074779,0.799277001,0.190044091,-0.043431970,-0.053367465,1.151512338,1.682523502
-0.005418618,-0.005391704,0.858340992,0.002719275,0.055869032,-0.000091490,0.998434399,-0.071525724,-0.185770000,-0.900153115,0.052458612,-0.036413515,-0.214117970,-0.102542259,-0.169890369,-0.765915772,0.064245588,-0.084410368,-0.220800000,0.000000100,-0.016036968,2.210500000,1.361454934,0.202232685,0.797988133,0.187073631,-0.042934601,-0.056055238,1.150656877,1.682561793
-0.005343374,-0.005373881,0.858321121,0.002668450,0.055997485,-0.000096268,0.998427339,-0.071778163,-0.185762768,-0.900140615,0.052678804,-0.036258953,-0.214124215,-0.102849266,-0.169790332,-0.765528008,0.064416914,-0.084219157,-0.220800000,-0.000000846,-0.009125445,2.210500000,1.362785780,0.203272600,0.796706144,0.184141967,-0.042337254,-0.058742600,1.149813913,1.682605375
-0.005318411,-0.005345379,0.858283796,0.002597508,0.055968323,-0.000101011,0.998429161,-0.071768957,-0.185681053,-0.899937440,0.052862771,-0.036118311,-0.214129560,-0.102873661,-0.169632028,-0.765041595,0.064562538,-0.084042173,-0.220800000,-0.000000945,-0.004378537,2.210500000,1.363509673,0.204896435,0.795081900,0.180771439,-0.041888909,-0.061148298,1.149125953,1.682635578
-0.005296487,-0.005316230,0.858245417,0.002525349,0.055929632,-0.000105751,0.998431514,-0.071743932,-0.185594835,-0.899722736,0.053044548,-0.035978511,-0.214134851,-0.102880971,-0.169470200,-0.764549218,0.064706609,-0.083866049,-0.220800000,-0.000000992,0.000237505,2.210500000,1.364196872,0.206555572,0.793436964,0.177374378,-0.041449572,-0.063536966,1.148447364,1.682664972
-0.005277179,-0.005337169,0.858273373,0.002491174,0.055802844,-0.000106211,0.998438694,-0.071462363,-0.185464027,-0.899541532,0.053067428,-0.035839599,-0.214140312,-0.102618396,-0.169267006,-0.764130356,0.064668846,-0.083670162,-0.220800000,-0.000000997,0.000670841,2.210500000,1.364397241,0.206509962,0.790856088,0.172343415,-0.040370621,-0.065504443,1.148376777,1.682730147
-0.005258025,-0.005361063,0.858305244,0.002459241,0.055670855,-0.000106420,0.998446141,-0.071165652,-0.185330586,-0.899362304,0.053080931,-0.035700739,-0.214145783,-0.102339893,-0.169061370,-0.763715833,0.064620351,-0.083473108,-0.220800000,-0.000001000,0.000857317,2.210500000,1.364568877,0.206363739,0.788219974,0.167216020,-0.039253921,-0.067447061,1.148342075,1.682797435
-0.005232758,-0.005392640,0.858357627,0.002457540,0.055473276,-0.000122865,0.998457140,-0.070642189,-0.185218335,-0.899283385,0.052961666,-0.035558330,-0.214152094,-0.101845948,-0.168884203,-0.763399166,0.064435934,-0.083247343,-0.220800000,-0.000001000,-0.000126635,2.210500000,1.364082012,0.203759082,0.785196332,0.162108585,-0.037658184,-0.069218561,1.148359241,1.682884827
-0.005207114,-0.005424691,0.858411277,0.002457709,0.055271639,-0.000140314,0.998468320,-0.070104704,-0.185107395,-0.899210667,0.052834192,-0.035415700,-0.214158456,-0.101338682,-0.168708796,-0.763088551,0.064243112,-0.083019802,-0.220800000,-0.000001000,-0.001182955,2.210500000,1.363554430,0.201002419,0.782148729,0.157002384,-0.036032828,-0.070979482,1.148379615,1.682973462
-0.005161299,-0.005404497,0.858416604,0.002440973,0.055070518,-0.000142832,0.998479474,-0.069550355,-0.185035900,-0.899109520,0.052704417,-0.035277179,-0.214164804,-0.100797563,-0.168583517,-0.762764221,0.064062234,-0.082789985,-0.220800000,-0.000001000,-0.000118631,2.210500000,1.363726188,0.197687174,0.779457949,0.152133847,-0.034924166,-0.072583709,1.147955612,1.683031872
-0.005114265,-0.005381144,0.858419010,0.002423215,0.054869427,-0.000144448,0.998490587,-0.068994987,-0.184966789,-0.899006654,0.052574502,-0.035138906,-0.214171150,-0.100254398,-0.168461269,-0.762439063,0.063882078,-0.082560030,-0.220800000,-0.000001000,0.001073900,2.210500000,1.363940225,0.194338159,0.776788741,0.147279677,-0.033846741,-0.074178463,1.147504743,1.683088455
-0.005089341,-0.005361244,0.858418091,0.002428351,0.054637483,-0.000118979,0.998503297,-0.068420914,-0.184955992,-0.898879015,0.052462635,-0.034999412,-0.214177298,-0.099681656,-0.168398777,-0.762072595,0.063735806,-0.082333058,-0.220800000,-0.000001000,0.001285545,2.210500000,1.363493051,0.192667414,0.774178628,0.143999391,-0.032686920,-0.075769280,1.147207273,1.683136055
-0.005065725,-0.005341547,0.858416974,0.002434841,0.054403709,-0.000091908,0.998516049,-0.067845733,-0.184948647,-0.898749910,0.052351836,-0.034859847,-0.214183435,-0.099107163,-0.168339822,-0.761703683,0.063591539,-0.082106262,-0.220800000,-0.000001000,0.001439135,2.210500000,1.363006740,0.191096003,0.771572013,0.140812259,-0.031522222,-0.077359865,1.146918883,1.683183124
-0.005053335,-0.005374259,0.858446470,0.002449994,0.054223450,-0.000088773,0.998525817,-0.067362204,-0.184868800,-0.898741149,0.052182989,-0.034716310,-0.214190188,-0.098646533,-0.168206081,-0.761433965,0.063380774,-0.081866531,-0.220800000,-0.000001000,-0.000359210,2.210500000,1.363028926,0.190606999,0.768621631,0.141026315,-0.031105230,-0.079181351,1.147327928,1.683160323
-0.005041640,-0.005410211,0.858477859,0.002465682,0.054046497,-0.000087117,0.998535372,-0.066884341,-0.184784471,-0.898739829,0.052010553,-0.034572528,-0.214196978,-0.098192943,-0.168067717,-0.761170380,0.063165897,-0.081626001,-0.220800000,-0.000001000,-0.002278243,2.210500000,1.363082551,0.190184920,0.765649994,0.141450668,-0.030734469,-0.081017115,1.147780096,1.683133201
-0.005014004,-0.005439773,0.858492400,0.002476276,0.053936981,-0.000104045,0.998541266,-0.066461996,-0.184656158,-0.898884189,0.051682233,-0.034300078,-0.214210521,-0.097844749,-0.167846889,-0.760772675,0.062786145,-0.081160775,-0.220800000,-0.000001000,-0.000565546,2.210500000,1.365871906,0.189331554,0.760520086,0.144715443,-0.030452703,-0.084278070,1.149173180,1.683055747
-0.004985404,-0.005468949,0.858505922,0.002486562,0.053831540,-0.000122096,0.998546928,-0.066043007,-0.184525186,-0.899037357,0.051344489,-0.034019849,-0.214224472,-0.097502928,-0.167621075,-0.760366862,0.062396426,-0.080681966,-0.220800000,-0.000001000,0.001366713,2.210500000,1.368826653,0.188452113,0.755259697,0.148151940,-0.030176318,-0.087625188,1.150623149,1.682975250
-0.004964637,-0.005496181,0.858498267,0.002497025,0.053753914,-0.000140583,0.998551081,-0.065752281,-0.184448125,-0.899152126,0.051150682,-0.033746302,-0.214237865,-0.097307251,-0.167455096,-0.759910300,0.062191309,-0.080225517,-0.220800000,-0.000001000,0.005137259,2.210500000,1.372784544,0.188126592,0.750158644,0.152652215,-0.030111177,-0.090480593,1.151944593,1.682883934
-0.004944331,-0.005523297,0.858489362,0.002507498,0.053677927,-0.000159097,0.998555140,-0.065469120,-0.184374245,-0.899264630,0.050965366,-0.033473149,-0.214251224,-0.097120194,-0.167292645,-0.759450745,0.061997081,-0.079770387,-0.220800000,-0.000001000,0.009016236,2.210500000,1.376801605,0.187833745,0.745066989,0.157215236,-0.030058496,-0.093306993,1.153258456,1.682791981
-0.004924557,-0.005532290,0.858463876,0.002519118,0.053645376,-0.000174986,0.998556857,-0.065334796,-0.184351526,-0.899261071,0.050868380,-0.033210678,-0.214263085,-0.097091172,-0.167180996,-0.758863768,0.061918226,-0.079354790,-0.220800000,-0.000001000,0.014591517,2.210500000,1.380951187,0.187098375,0.740192966,0.160459549,-0.029873530,-0.095461567,1.154309399,1.682692164
-0.004904816,-0.005540156,0.858437360,0.002530810,0.053615523,-0.000190711,0.998558428,-0.065209719,-0.184331987,-0.899250301,0.050776882,-0.032948871,-0.214274853,-0.097071969,-0.167072503,-0.758268874,0.061846539,-0.078941650,-0.220800000,-0.000001000,0.020272197,2.210500000,1.385109003,0.186335509,0.735332466,0.163621923,-0.029680345,-0.097574397,1.155344005,1.682591859
-0.004894613,-0.005557226,0.858408566,0.002551782,0.053589542,-0.000201445,0.998559767,-0.065142314,-0.184315205,-0.899111350,0.050718124,-0.032702188,-0.214285627,-0.097114513,-0.166961816,-0.757523317,0.061824077,-0.078582033,-0.220800000,-0.000001000,0.025367586,2.210500000,1.388591666,0.185079514,0.730310041,0.168206512,-0.029292736,-0.099437722,1.156646558,1.682503062
-0.004884985,-0.005574851,0.858379635,0.002573313,0.053563794,-0.000211877,0.998561091,-0.065078392,-0.184298589,-0.898964658,0.050661343,-0.032456419,-0.214296340,-0.097160785,-0.166850998,-0.756768662,0.061804586,-0.078225647,-0.220800000,-0.000001000,0.030427630,2.210500000,1.392033556,0.183793740,0.725277838,0.172876987,-0.028893386,-0.101285980,1.157965292,1.682414958
-0.004919282,-0.005555122,0.858313152,0.002577348,0.053501544,-0.000210904,0.998564418,-0.065169681,-0.184282127,-0.898196370,0.050779370,-0.032132087,-0.214308614,-0.097388539,-0.166680997,-0.755160064,0.061989206,-0.077838942,-0.220800000,-0.000001000,0.031507250,2.210500000,1.393231462,0.183910851,0.717640343,0.180781927,-0.029864006,-0.103460602,1.159436487,1.682148652
-0.004956185,-0.005533177,0.858244442,0.002580345,0.053437128,-0.000209254,0.998567860,-0.065270177,-0.184265675,-0.897391207,0.050907768,-0.031803095,-0.214320980,-0.097627059,-0.166507485,-0.753500809,0.062185935,-0.077450439,-0.220800000,-0.000001000,0.032350744,2.210500000,1.394296250,0.184111184,0.709848297,0.188878743,-0.030915896,-0.105654584,1.160916726,1.681871775
-0.004991006,-0.005526232,0.858225363,0.002586913,0.053352182,-0.000205069,0.998572386,-0.065317498,-0.184193550,-0.896481020,0.050970266,-0.031486929,-0.214333309,-0.097786708,-0.166253200,-0.751751923,0.062251435,-0.077094735,-0.220800000,-0.000001000,0.028434281,2.210500000,1.393228797,0.184774648,0.701552892,0.193795557,-0.032021945,-0.107144247,1.161658375,1.681506794
-0.005025698,-0.005520213,0.858209349,0.002593701,0.053265968,-0.000200727,0.998576972,-0.065361535,-0.184117986,-0.895564346,0.051028694,-0.031171555,-0.214345636,-0.097941486,-0.165993926,-0.749997501,0.062308830,-0.076741056,-0.220800000,-0.000001000,0.024223830,2.210500000,1.392029651,0.185466716,0.693226399,0.198515966,-0.033131339,-0.108590409,1.162354406,1.681136371
-0.005036087,-0.005518190,0.858185847,0.002571811,0.053094696,-0.000192583,0.998586151,-0.065087287,-0.184022829,-0.895099716,0.051077350,-0.031061713,-0.214349812,-0.097689199,-0.165832776,-0.749266773,0.062354344,-0.076621731,-0.220800000,-0.000001000,0.021882107,2.210500000,1.392199714,0.187664440,0.689991874,0.200549194,-0.032832789,-0.109119721,1.162843747,1.681068879
-0.005045009,-0.005516409,0.858161893,0.002548189,0.052918286,-0.000184209,0.998595578,-0.064793819,-0.183926489,-0.894662385,0.051125415,-0.030964283,-0.214353496,-0.097412328,-0.165677552,-0.748597865,0.062399139,-0.076516559,-0.220800000,-0.000001000,0.019653235,2.210500000,1.392452462,0.189953089,0.687064850,0.202420145,-0.032449214,-0.109593664,1.163320606,1.681019681
-0.005048110,-0.005388920,0.858020328,0.002458100,0.052739224,-0.000180815,0.998605277,-0.064642489,-0.183861927,-0.893681175,0.051358488,-0.030899491,-0.214353635,-0.097251081,-0.165575335,-0.747524748,0.062678512,-0.076499538,-0.220799711,-0.000001000,0.021396381,2.210500000,1.393454254,0.192070551,0.685244551,0.203800495,-0.032885100,-0.109771098,1.163445023,1.680925802
-0.005050865,-0.005253974,0.857871787,0.002364068,0.052560003,-0.000177716,0.998614954,-0.064499592,-0.183799251,-0.892667700,0.051602536,-0.030836635,-0.214353563,-0.097096693,-0.165476263,-0.746427652,0.062971801,-0.076487747,-0.220799405,-0.000001000,0.023375155,2.210500000,1.394500480,0.194177858,0.683489906,0.205151742,-0.033369598,-0.109930942,1.163548533,1.680829273
-0.005080442,-0.004992936,0.857583410,0.002177458,0.052452961,-0.000171230,0.998621007,-0.064910344,-0.183692441,-0.890451275,0.052245865,-0.030861940,-0.214348493,-0.097432145,-0.165368942,-0.744472986,0.063743641,-0.076692206,-0.220798784,-0.000001000,0.030596906,2.210500000,1.394619836,0.200683267,0.683926980,0.205854998,-0.035087626,-0.109442743,1.162576466,1.680631430
-0.005111686,-0.004724062,0.857286343,0.001985096,0.052350401,-0.000164533,0.998626791,-0.065355497,-0.183582889,-0.888160105,0.052914003,-0.030892722,-0.214343114,-0.097798033,-0.165261108,-0.742465035,0.064545215,-0.076910102,-0.220798143,-0.000001000,0.038144429,2.210500000,1.394681602,0.207461952,0.684500236,0.206517993,-0.036882298,-0.108914279,1.161537567,1.680427292
-0.005227988,-0.004727050,0.857118329,0.001777693,0.054886155,0.000896094,0.998490634,-0.072043046,-0.183213282,-0.887306626,0.053215371,-0.030967056,-0.214342583,-0.103532426,-0.164743891,-0.741758399,0.064469038,-0.077158730,-0.220798955,-0.000001000,0.048740610,2.210500000,1.407031554,0.211062392,0.685698143,0.205500575,-0.034275805,-0.107174177,1.160428260,1.680385471
-0.005349431,-0.004746464,0.856958112,0.001569366,0.057580867,0.002020396,0.998337568,-0.079107778,-0.182827962,-0.886540017,0.053494579,-0.031044022,-0.214342346,-0.109591200,-0.164201937,-0.741130391,0.064339824,-0.077409214,-0.220799855,-0.000001000,0.059521000,2.210500000,1.420123993,0.214470793,0.686933793,0.204381622,-0.031403381,-0.105360865,1.159314699,1.680353457
-0.006132617,-0.003846654,0.855913800,0.000920817,0.059499059,0.002213832,0.998225482,-0.086531994,-0.183339014,-0.882570736,0.056519358,-0.031354421,-0.214340005,-0.116575953,-0.164691867,-0.738304475,0.067376259,-0.078157287,-0.220799948,-0.000000104,0.066434511,2.210500000,1.403457188,0.275347166,0.686220740,0.208643027,-0.036154605,-0.102983985,1.154400373,1.680325186
-0.006955016,-0.002892376,0.854817101,0.000246178,0.061371025,0.002352102,0.998112220,-0.093977511,-0.183903181,-0.878411681,0.059706825,-0.031678653,-0.214337539,-0.123615575,-0.165242941,-0.735348322,0.070600274,-0.078934844,-0.220799993,0.000000845,0.073118891,2.210500000,1.385027007,0.339628788,0.685392216,0.213223244,-0.041357565,-0.100573711,1.149260833,1.680297138
-0.007236851,-0.002855209,0.854596175,0.000199816,0.060980565,0.001595522,0.998137658,-0.094507188,-0.184126263,-0.875333512,0.061962712,-0.031974926,-0.214354752,-0.124620144,-0.165495182,-0.733166392,0.073045254,-0.079452054,-0.220799997,0.000000945,0.079941204,2.153973931,1.362980014,0.417157048,0.679170484,0.226502392,-0.043583880,-0.097638176,1.147440424,1.680928705
-0.007485227,-0.002874809,0.854429457,0.000192343,0.060450018,0.000783552,0.998170899,-0.094608787,-0.184328231,-0.872322247,0.064160936,-0.032269469,-0.214373183,-0.125251155,-0.165728925,-0.731032386,0.075442013,-0.079953148,-0.220800000,0.000000992,0.086772056,2.093949010,1.340709147,0.495505250,0.672614922,0.240319987,-0.045625946,-0.094670129,1.145825462,1.681601102
-0.007854985,-0.003359887,0.854345089,0.000320871,0.059899683,0.000531926,0.998204209,-0.094791935,-0.183998051,-0.869561797,0.065756353,-0.032591053,-0.214396863,-0.125612655,-0.165463906,-0.728998862,0.077335562,-0.080488148,-0.220800000,0.000000997,0.065321171,2.029463856,1.336251790,0.575207450,0.663399130,0.246037750,-0.044318090,-0.091379417,1.145270332,1.681800375
-0.008232135,-0.003873312,0.854265735,0.000457680,0.059348123,0.000314421,0.998237192,-0.094980048,-0.183635466,-0.866816621,0.067315063,-0.032914283,-0.214420863,-0.125957743,-0.165168513,-0.726971458,0.079198468,-0.081025212,-0.220800000,0.000001000,0.042148058,1.964707096,1.332879194,0.654992103,0.654021342,0.251262271,-0.042806239,-0.088069056,1.144779740,1.681970838
-0.007944476,-0.004701212,0.854137861,0.000625802,0.058860119,0.000123441,0.998266036,-0.094224016,-0.182468334,-0.863413988,0.068215586,-0.033381408,-0.214449664,-0.125306006,-0.164133409,-0.724367624,0.080526817,-0.081810119,-0.220800000,0.000001000,0.034597365,1.913160307,1.329525467,0.730304039,0.640350222,0.254021666,-0.041764727,-0.084961497,1.143329916,1.681797036
-0.007617512,-0.005547704,0.854007118,0.000795775,0.058375856,-0.000065971,0.998294356,-0.093412166,-0.181253636,-0.859972485,0.069077197,-0.033857039,-0.214478749,-0.124595336,-0.163054573,-0.721729711,0.081823564,-0.082609678,-0.220800000,0.000001000,0.027970270,1.862394494,1.326172855,0.805351549,0.626425280,0.256635322,-0.040751022,-0.081865927,1.141823382,1.681602881
-0.007887699,-0.006547307,0.854126016,0.001005931,0.057650118,-0.000268417,0.998336306,-0.093305291,-0.178548100,-0.851872326,0.068463637,-0.035203325,-0.214546997,-0.124445463,-0.160677493,-0.715333472,0.082027790,-0.084892189,-0.220800000,0.000001000,0.010794640,1.809894675,1.375102788,0.871017771,0.615700501,0.256022489,-0.040601535,-0.077842278,1.139849353,1.681234308
-0.008194869,-0.007556393,0.854260375,0.001218574,0.056909389,-0.000471671,0.998378492,-0.093242077,-0.175750234,-0.843483649,0.067758718,-0.036603533,-0.214617671,-0.124330320,-0.158220011,-0.708704473,0.082164355,-0.087266541,-0.220800000,0.000001000,-0.007034281,1.757287466,1.427270677,0.936102994,0.605173915,0.255209833,-0.040505569,-0.073761152,1.137846372,1.680854933
-0.008862280,-0.007900550,0.854470671,0.001307136,0.055935792,-0.000290365,0.998433470,-0.093096389,-0.174283611,-0.837183583,0.067456501,-0.037549834,-0.214660922,-0.123810544,-0.156839716,-0.703600977,0.082083950,-0.089005803,-0.220800000,0.000001000,0.020986935,1.711514372,1.591541761,0.971992210,0.611475344,0.250618290,-0.043986009,-0.072986840,1.138666616,1.680634160
-0.009551507,-0.008204440,0.854685565,0.001388182,0.054948039,-0.000085771,0.998488247,-0.092945706,-0.172897605,-0.831010000,0.067178671,-0.038468647,-0.214702513,-0.123266264,-0.155524653,-0.698589862,0.081990406,-0.090706606,-0.220800000,0.000001000,0.051784736,1.666155137,1.762601575,1.006113380,0.618795841,0.245797906,-0.047683028,-0.072412782,1.139657830,1.680422991
-0.011104927,-0.008518593,0.854950314,0.001462544,0.054256491,0.000494209,0.998525838,-0.094180207,-0.172369168,-0.829429434,0.067071619,-0.038716148,-0.214709518,-0.124029253,-0.154960115,-0.697261492,0.081830977,-0.091198670,-0.220800000,0.000001000,0.105128973,1.611187933,1.860790657,1.009304719,0.631249013,0.236963590,-0.050856181,-0.073434013,1.139937925,1.680381066
-0.012712942,-0.008833394,0.855218213,0.001536483,0.053583614,0.001097903,0.998561581,-0.095502216,-0.171894907,-0.828139026,0.066975355,-0.038921239,-0.214714338,-0.124874827,-0.154442990,-0.696165775,0.081667386,-0.091614374,-0.220800000,0.000001000,0.159897554,1.555613758,1.954376219,1.010542103,0.644026435,0.227875698,-0.053996239,-0.074556024,1.140173096,1.680349832
-0.012625989,-0.009062272,0.855594636,0.001680434,0.053668137,0.001218570,0.998556670,-0.095646398,-0.171601830,-0.827157847,0.066596438,-0.039035212,-0.214713899,-0.124857312,-0.154074909,-0.695334656,0.081094909,-0.091874354,-0.220800000,0.000001000,0.272697802,1.487825096,2.036025275,0.989198191,0.653947034,0.224561455,-0.056168553,-0.076225042,1.142280278,1.680367730
-0.012434408,-0.009285845,0.855977759,0.001828706,0.053799412,0.001309420,0.998549230,-0.095717873,-0.171319937,-0.826195757,0.066200073,-0.039143560,-0.214713136,-0.124786520,-0.153716027,-0.694519871,0.080497190,-0.092124722,-0.220800000,0.000001000,0.389080283,1.419282447,2.116937503,0.966460359,0.663691284,0.221603612,-0.058281129,-0.077927825,1.144503018,1.680388660
-0.010149122,-0.008880122,0.856085336,0.001738354,0.054532417,0.000837865,0.998510136,-0.093583218,-0.170878346,-0.824427220,0.064854907,-0.039340248,-0.214720627,-0.122724014,-0.153249457,-0.693122308,0.078848412,-0.092508938,-0.220800000,0.000001000,0.478283570,1.357998629,2.142739890,0.956035804,0.663489639,0.229232206,-0.063281057,-0.079921727,1.144819203,1.680252224
-0.007736833,-0.008436226,0.856176198,0.001633526,0.055301876,0.000332195,0.998468289,-0.091314742,-0.170427068,-0.822609766,0.063452188,-0.039542294,-0.214728618,-0.120540692,-0.152776356,-0.691689395,0.077135876,-0.092901274,-0.220800000,0.000001000,0.565838192,1.297155125,2.165199363,0.946358160,0.662684685,0.237502963,-0.068456130,-0.081933288,1.145019738,1.680106243
-0.006401492,-0.008214193,0.856043542,0.001507444,0.055980501,0.000082826,0.998430721,-0.090417284,-0.169215877,-0.820199146,0.061221903,-0.039924215,-0.214745751,-0.119468437,-0.151628856,-0.689855288,0.074675881,-0.093587229,-0.220800000,0.000000106,0.590652297,1.259981207,2.111821656,0.934605306,0.644094756,0.239063568,-0.070024096,-0.083881017,1.141187466,1.680108591
-0.005134368,-0.008006214,0.855896727,0.001380014,0.056653345,-0.000150308,0.998392944,-0.089606672,-0.167956550,-0.817750954,0.058939197,-0.040317529,-0.214763464,-0.118466560,-0.150438637,-0.687995768,0.072168539,-0.094291784,-0.220800000,-0.000000845,0.611492206,1.224306601,2.053640167,0.922721000,0.624378266,0.240199129,-0.071363576,-0.085824702,1.137099742,1.680120334
-0.004876636,-0.007797266,0.855993717,0.001351464,0.057076997,-0.000153812,0.998368853,-0.089942218,-0.167159511,-0.815507710,0.057044198,-0.040687247,-0.214775446,-0.118525893,-0.149690157,-0.686308680,0.070071851,-0.094941014,-0.220800000,-0.000000945,0.635255891,1.197720672,1.971798620,0.889972066,0.610564736,0.235504241,-0.070611649,-0.087069057,1.133002171,1.680233776
-0.004681246,-0.007588259,0.856105766,0.001329021,0.057485249,-0.000143132,0.998345461,-0.090348554,-0.166391024,-0.813277125,0.055173145,-0.041055507,-0.214787074,-0.118650769,-0.148968959,-0.684632242,0.068000526,-0.095586828,-0.220800000,-0.000000992,0.659200157,1.171696086,1.888495763,0.855934475,0.597115788,0.230449248,-0.069730552,-0.088270220,1.128903992,1.680353499
-0.004744371,-0.007224472,0.856337081,0.001343067,0.057741986,-0.000073785,0.998330634,-0.091034788,-0.166314493,-0.811313163,0.054092021,-0.041289061,-0.214792567,-0.119057715,-0.148878607,-0.683168976,0.066650177,-0.096013919,-0.220800000,-0.000000997,0.682233604,1.157792427,1.825356492,0.820326305,0.592340388,0.225207406,-0.068532981,-0.087290244,1.125762519,1.680315918
-0.004823185,-0.006851291,0.856575635,0.001359327,0.057989523,-0.000000878,0.998316266,-0.091738010,-0.166279960,-0.809365384,0.053058841,-0.041514440,-0.214797687,-0.119481780,-0.148826543,-0.681718647,0.065343586,-0.096427735,-0.220800000,-0.000001000,0.705211771,1.144624421,1.763441007,0.784622811,0.588091410,0.219954223,-0.067316203,-0.086177889,1.122679112,1.680268790
-0.005072974,-0.006408113,0.856870524,0.001395965,0.058119423,0.000097799,0.998308657,-0.093864410,-0.165770409,-0.801015276,0.053094413,-0.041495998,-0.214797590,-0.120766426,-0.148277198,-0.675781373,0.064618844,-0.096554998,-0.220798172,-0.000000059,0.707717919,1.135854432,1.757954814,0.733620563,0.581008538,0.213469994,-0.068479597,-0.066309592,1.119720031,1.679571352
-0.005333575,-0.005960509,0.857168976,0.001433893,0.058241882,0.000198105,0.998301451,-0.096080814,-0.165230818,-0.792260274,0.053197574,-0.041462135,-0.214797163,-0.122105496,-0.147696404,-0.669560338,0.063930898,-0.096664139,-0.220796228,0.000000942,0.708929384,1.127362581,1.756037301,0.681650798,0.573746446,0.206907912,-0.069793517,-0.045255139,1.116768813,1.678832786
-0.005438107,-0.005992959,0.857220171,0.001451293,0.058319782,0.000222259,0.998296873,-0.096941963,-0.164755606,-0.789291005,0.053242512,-0.041314975,-0.214797917,-0.122723698,-0.147270575,-0.667493628,0.063860479,-0.096427065,-0.220796363,0.000001000,0.709000000,1.142347433,1.792440360,0.687337136,0.573884836,0.201941162,-0.067931418,-0.033116284,1.113650646,1.678372627
-0.005532979,-0.006055124,0.857256062,0.001467422,0.058394923,0.000241700,0.998292453,-0.097719224,-0.164284378,-0.786679861,0.053283846,-0.041160802,-0.214798745,-0.123297280,-0.146854338,-0.665684064,0.063828284,-0.096168560,-0.220796628,0.000001000,0.709000000,1.158785446,1.831215387,0.696592274,0.574481300,0.197073160,-0.065872730,-0.021529286,1.110522145,1.677929702
-0.005558609,-0.006268442,0.857197252,0.001358602,0.057997393,0.000255549,0.998315777,-0.098446458,-0.161607071,-0.775670086,0.052665018,-0.041047649,-0.214799438,-0.123140033,-0.144643939,-0.658627786,0.063099516,-0.095796352,-0.220797783,0.000001000,0.709000000,1.183485648,1.883431209,0.717847290,0.560164087,0.197722777,-0.068077562,0.011790509,1.107470564,1.677359551
-0.005580053,-0.006490898,0.857132717,0.001242228,0.057571276,0.000269059,0.998340590,-0.099170667,-0.158796392,-0.764152558,0.052006280,-0.040936976,-0.214800124,-0.122938602,-0.142325071,-0.651254309,0.062328635,-0.095417269,-0.220798993,0.000001000,0.709000000,1.208685354,1.936459615,0.739827779,0.544945242,0.198705970,-0.070540153,0.046424195,1.104423633,1.676781709
-0.005605650,-0.006505167,0.857114034,0.001242333,0.057305197,0.000271859,0.998355897,-0.099301530,-0.157978057,-0.759620919,0.051928099,-0.040876334,-0.214800199,-0.122759546,-0.141676577,-0.648174904,0.062245572,-0.095313078,-0.220799285,0.000001000,0.709000000,1.219135660,1.961680312,0.739284978,0.540671108,0.196128629,-0.069459534,0.052801330,1.105774437,1.676629527
-0.005631510,-0.006506290,0.857098247,0.001249791,0.057049220,0.000273983,0.998370547,-0.099394928,-0.157285517,-0.755530367,0.051886574,-0.040818852,-0.214800236,-0.122581903,-0.141133551,-0.645366626,0.062205938,-0.095226243,-0.220799520,0.000001000,0.709000000,1.228654690,1.985145234,0.737320060,0.537088022,0.193326476,-0.068155198,0.057394350,1.107402914,1.676504220
-0.005603861,-0.006501027,0.857057479,0.001273488,0.056908930,0.000258740,0.998378528,-0.099389215,-0.156924666,-0.753138517,0.051842755,-0.040825883,-0.214800341,-0.122459748,-0.140860955,-0.643623147,0.062220349,-0.095288578,-0.220800116,0.000001000,0.709000000,1.236628095,1.986437536,0.735762682,0.535338773,0.191118042,-0.066795838,0.057214231,1.109796097,1.676497355
-0.005572902,-0.006495368,0.857015166,0.001298189,0.056775795,0.000242422,0.998386080,-0.099377370,-0.156584334,-0.750851754,0.051798794,-0.040836906,-0.214800450,-0.122341025,-0.140605089,-0.641945542,0.062238103,-0.095360140,-0.220800734,0.000001000,0.709000000,1.244505881,1.986358147,0.734230516,0.533702974,0.188946337,-0.065433074,0.056738827,1.112236589,1.676497817
-0.005532896,-0.006497048,0.856973240,0.001325894,0.056769860,0.000221867,0.998386386,-0.099660818,-0.156204414,-0.748412254,0.051738230,-0.040880532,-0.214800648,-0.122529916,-0.140305060,-0.640079203,0.062259922,-0.095533224,-0.220800795,0.000001000,0.709000000,1.249684170,1.979019786,0.734681054,0.530454911,0.187071746,-0.064391879,0.054654286,1.114270374,1.676513452
-0.005492341,-0.006499174,0.856931338,0.001353782,0.056771644,0.000201054,0.998386252,-0.099962188,-0.155822091,-0.745963484,0.051676659,-0.040926137,-0.214800852,-0.122737477,-0.140002350,-0.638201410,0.062281988,-0.095712471,-0.220800822,0.000001000,0.709000000,1.254698620,1.971240856,0.735251929,0.527108996,0.185215186,-0.063370201,0.052472083,1.116279476,1.676530009
-0.005468514,-0.006497381,0.856908367,0.001377816,0.056879900,0.000185430,0.998380060,-0.100548981,-0.155443164,-0.743496407,0.051644814,-0.040977822,-0.214801060,-0.123230840,-0.139685464,-0.636257101,0.062316750,-0.095936511,-0.220800437,0.000001000,0.709000000,1.257257443,1.962615845,0.735796335,0.523019846,0.184112722,-0.063375519,0.049783127,1.117137367,1.676512765
-0.005445744,-0.006495341,0.856886592,0.001401606,0.056994877,0.000170133,0.998373472,-0.101153795,-0.155064452,-0.741028175,0.051614845,-0.041029890,-0.214801267,-0.123742248,-0.139367684,-0.634308592,0.062352314,-0.096163380,-0.220800026,0.000001000,0.709000000,1.259661219,1.953937413,0.736339069,0.518883768,0.183057872,-0.063445683,0.047062175,1.117922571,1.676493386
-0.005293310,-0.006545756,0.856790673,0.001394943,0.056632990,0.000187129,0.998394072,-0.100515690,-0.154346877,-0.737860664,0.051420174,-0.041196298,-0.214802793,-0.122936135,-0.138724054,-0.631762435,0.062226112,-0.096642114,-0.220800001,0.000001000,0.709000000,1.265919618,1.926261324,0.737471488,0.513655595,0.183114170,-0.061392389,0.041467178,1.121625376,1.676537453
-0.005132836,-0.006599423,0.856690157,0.001386392,0.056241528,0.000206127,0.998416209,-0.099800524,-0.153608294,-0.734649798,0.051215292,-0.041369795,-0.214804400,-0.122048335,-0.138060222,-0.629179224,0.062089879,-0.097136463,-0.220800000,0.000001000,0.709000000,1.272417001,1.897407389,0.738640466,0.508359712,0.183239359,-0.059207443,0.035693991,1.125509072,1.676585454
-0.004863617,-0.006630929,0.856565193,0.001346960,0.055614563,0.000179124,0.998451388,-0.098222962,-0.153036212,-0.732501942,0.051097626,-0.041524425,-0.214806046,-0.120376211,-0.137544461,-0.627450380,0.062029153,-0.097528475,-0.220800000,0.000001000,0.709000000,1.279404888,1.870683360,0.739564082,0.505107098,0.182851985,-0.056696305,0.031706704,1.129049453,1.676703545
-0.004587835,-0.006661098,0.856438754,0.001305664,0.054973361,0.000149345,0.998486957,-0.096593351,-0.152474180,-0.730418244,0.050985224,-0.041677917,-0.214807693,-0.118656749,-0.137037638,-0.625773101,0.061972983,-0.097914310,-0.220800000,0.000001000,0.709000000,1.286422379,1.844087883,0.740472889,0.501977807,0.182433676,-0.054165480,0.027827206,1.132569114,1.676825865
-0.004434953,-0.006720946,0.856356555,0.001291765,0.054404541,0.000167393,0.998518127,-0.095263584,-0.151815046,-0.728146283,0.050612246,-0.041902782,-0.214811597,-0.117190234,-0.136439481,-0.623935361,0.061646603,-0.098435151,-0.220800000,0.000000106,0.709000000,1.292588113,1.818757440,0.741881620,0.498721411,0.181180830,-0.050995748,0.023272033,1.136338613,1.677012308
-0.004289836,-0.006782669,0.856277150,0.001279597,0.053840276,0.000188462,0.998548723,-0.093952759,-0.151149776,-0.725862428,0.050222807,-0.042132156,-0.214815642,-0.115739698,-0.135835555,-0.622087484,0.061303153,-0.098964520,-0.220800000,-0.000000845,0.709000000,1.298700038,1.793506914,0.743321933,0.495456986,0.179875264,-0.047785655,0.018674175,1.140123895,1.677202801
-0.004303119,-0.006836952,0.856266055,0.001252312,0.053497754,0.000256660,0.998567152,-0.093393361,-0.150460179,-0.723620655,0.049793322,-0.042384842,-0.214820170,-0.114989602,-0.135189235,-0.620299618,0.060851712,-0.099533883,-0.220800000,-0.000000049,0.709000000,1.303227519,1.785382371,0.743186478,0.493887091,0.178414762,-0.044940291,0.014504495,1.142947860,1.677375167
-0.004326185,-0.006890776,0.856259179,0.001224094,0.053168922,0.000327769,0.998584728,-0.092880373,-0.149769079,-0.721381480,0.049361363,-0.042638969,-0.214824726,-0.114282767,-0.134540298,-0.618515459,0.060393602,-0.100105716,-0.220800000,0.000000854,0.709000000,1.307657141,1.778315575,0.742953700,0.492421855,0.176944691,-0.042117453,0.010361261,1.145712452,1.677546414
-0.004417770,-0.006905429,0.856242536,0.001237417,0.053252974,0.000361575,0.998580222,-0.093702141,-0.148935606,-0.717348870,0.048982207,-0.043092915,-0.214832161,-0.114856817,-0.133762895,-0.615247138,0.059985875,-0.101196317,-0.220800000,0.000000950,0.709000000,1.310314806,1.792508369,0.744057244,0.490566810,0.175014730,-0.038687172,0.002931806,1.148254756,1.677765084
-0.004513489,-0.006917719,0.856225304,0.001253246,0.053361932,0.000393130,0.998574373,-0.094604425,-0.148093546,-0.713208077,0.048606237,-0.043558915,-0.214839769,-0.115508131,-0.132977743,-0.611889289,0.059581188,-0.102318211,-0.220800000,0.000000997,0.709000000,1.312865583,1.807983579,0.745241398,0.488688251,0.173057028,-0.035220250,-0.004695879,1.150783651,1.677986614
-0.004607559,-0.006905152,0.856224078,0.001279532,0.053546865,0.000385154,0.998564443,-0.095786895,-0.147506023,-0.709316618,0.048685343,-0.043961349,-0.214845818,-0.116525366,-0.132430036,-0.608674681,0.059680044,-0.103373554,-0.220800000,0.000001000,0.709000000,1.313729076,1.833494652,0.746357451,0.487296844,0.170774096,-0.033351452,-0.009394621,1.150747734,1.678074939
-0.004701523,-0.006891012,0.856223863,0.001306479,0.053736603,0.000374677,0.998554220,-0.096987094,-0.146934607,-0.705440936,0.048793245,-0.044359760,-0.214851769,-0.117565754,-0.131897354,-0.605469137,0.059810761,-0.104424686,-0.220800000,0.000001000,0.709000000,1.314485805,1.859640751,0.747469195,0.485936261,0.168470584,-0.031583777,-0.013908033,1.150549527,1.678154835
-0.004855525,-0.006885654,0.856278924,0.001325579,0.053775642,0.000369913,0.998552095,-0.097624929,-0.146695156,-0.703600630,0.048902798,-0.044533788,-0.214854230,-0.118134562,-0.131667520,-0.603947489,0.059919001,-0.104907019,-0.220800000,0.000001000,0.709000000,1.311798394,1.886482769,0.747723967,0.485748308,0.163528052,-0.030824383,-0.015215509,1.151255750,1.678160446
-0.005013235,-0.006880838,0.856337399,0.001344194,0.053805372,0.000365502,0.998550470,-0.098228031,-0.146476208,-0.701886034,0.049012454,-0.044693958,-0.214856475,-0.118674244,-0.131456392,-0.602529843,0.060025852,-0.105354222,-0.220800000,0.000001000,0.709000000,1.308898264,1.913367769,0.747925810,0.485632779,0.158422528,-0.030127263,-0.016324977,1.152017834,1.678161468
-0.005079266,-0.006844913,0.856393593,0.001386569,0.053726827,0.000342468,0.998554650,-0.098417796,-0.146392481,-0.700305094,0.049137523,-0.044811590,-0.214857875,-0.118832194,-0.131377040,-0.601186826,0.060165091,-0.105729233,-0.220800000,0.000001000,0.709000000,1.302261961,1.943583595,0.749422675,0.484975229,0.153182980,-0.030723247,-0.016074181,1.151906360,1.677974917
-0.005139757,-0.006807107,0.856449648,0.001430379,0.053641739,0.000318309,0.998559170,-0.098582585,-0.146316925,-0.698732231,0.049263524,-0.044926652,-0.214859223,-0.118967079,-0.131305650,-0.599848319,0.060306287,-0.106099881,-0.220800000,0.000001000,0.709000000,1.295399907,1.974000679,0.750997789,0.484284929,0.147935334,-0.031397364,-0.015741194,1.151742104,1.677777032
-0.005051703,-0.006735850,0.856433635,0.001439241,0.053584227,0.000253957,0.998562264,-0.099199239,-0.145373844,-0.692708474,0.049327207,-0.045376291,-0.214863587,-0.119405453,-0.130406955,-0.594687733,0.060445999,-0.107587437,-0.220800000,0.000001000,0.709000000,1.291802382,2.010898078,0.755021917,0.478918711,0.146720396,-0.034043365,-0.010572787,1.149939417,1.677254723
-0.004954234,-0.006662473,0.856413054,0.001445887,0.053528463,0.000187058,0.998565260,-0.099844530,-0.144375783,-0.686402631,0.049386940,-0.045847133,-0.214868143,-0.119863061,-0.129455828,-0.589284915,0.060585618,-0.109145778,-0.220800000,0.000001000,0.709000000,1.288411753,2.048206182,0.759201257,0.473256146,0.145761039,-0.036814339,-0.005097924,1.148032891,1.676711852
-0.004984623,-0.006637135,0.856432459,0.001479569,0.053567648,0.000165288,0.998563113,-0.100821539,-0.143452632,-0.680654185,0.049417240,-0.046239233,-0.214871282,-0.120653684,-0.128544192,-0.584230394,0.060665897,-0.110624097,-0.220800000,0.000001000,0.709000000,1.284671856,2.067848202,0.761054246,0.466426783,0.152343734,-0.042467888,0.004158577,1.145477269,1.676371418
-0.005022896,-0.006614759,0.856454329,0.001514917,0.053612688,0.000146300,0.998560646,-0.101819001,-0.142534101,-0.674940108,0.049445726,-0.046626478,-0.214874334,-0.121464841,-0.127634992,-0.579197350,0.060742518,-0.112097482,-0.220800000,0.000001000,0.709000000,1.280910423,2.086400909,0.762763790,0.459525473,0.159391482,-0.048299179,0.013648257,1.142881624,1.676043467
-0.005079944,-0.006605736,0.856490117,0.001537510,0.053832921,0.000136052,0.998548764,-0.102815397,-0.142125047,-0.672271120,0.049490525,-0.046774790,-0.214875232,-0.122382561,-0.127218524,-0.576814163,0.060800513,-0.112771995,-0.220800000,0.000001000,0.709000000,1.279934313,2.089859848,0.763481169,0.455638744,0.166850602,-0.055526785,0.018964639,1.140121818,1.675883449
-0.005138208,-0.006597577,0.856526805,0.001559277,0.054064490,0.000126370,0.998536220,-0.103811723,-0.141748969,-0.669799223,0.049536381,-0.046907638,-0.214875991,-0.123307179,-0.126833948,-0.574602487,0.060857303,-0.113394803,-0.220800000,0.000001000,0.709000000,1.279138482,2.092341849,0.764134332,0.451947133,0.174336347,-0.062844766,0.024010906,1.137351387,1.675734301
-0.005189325,-0.006575118,0.856543801,0.001569195,0.054252055,0.000127633,0.998526032,-0.104722244,-0.141426198,-0.667452731,0.049693910,-0.047000734,-0.214876429,-0.124142945,-0.126493965,-0.572479094,0.061017876,-0.113948508,-0.220800000,0.000001000,0.709000000,1.278554078,2.094417277,0.764190903,0.448263036,0.178033035,-0.066631708,0.027472133,1.137218305,1.675598415
-0.005239991,-0.006551754,0.856559552,0.001578365,0.054436838,0.000129587,0.998515960,-0.105627344,-0.141106794,-0.665114161,0.049858494,-0.047091318,-0.214876847,-0.124973098,-0.126156800,-0.570361279,0.061185005,-0.114497848,-0.220800000,0.000001000,0.709000000,1.277983031,2.096467020,0.764209785,0.444579413,0.181490354,-0.070195581,0.030833227,1.137251834,1.675463367
-0.005216234,-0.006541812,0.856556201,0.001607067,0.054341357,0.000147932,0.998521113,-0.105736122,-0.140759819,-0.662700119,0.049897691,-0.047182138,-0.214877285,-0.124997475,-0.125792667,-0.568119366,0.061246474,-0.115079848,-0.220800000,0.000001000,0.709000000,1.279185148,2.094308326,0.764257574,0.440906181,0.183927709,-0.071456527,0.033706974,1.136869590,1.675386797
-0.005187880,-0.006532699,0.856551670,0.001636975,0.054228566,0.000167289,0.998527193,-0.105795717,-0.140411141,-0.660281415,0.049929145,-0.047272971,-0.214877724,-0.124972086,-0.125426869,-0.565869788,0.061301418,-0.115663865,-0.220800000,0.000001000,0.709000000,1.280496780,2.091889707,0.764307148,0.437233591,0.186302068,-0.072575238,0.036550621,1.136461666,1.675313838
-0.005220188,-0.006506974,0.856565967,0.001636035,0.054175241,0.000184254,0.998530086,-0.105915960,-0.140237299,-0.659061363,0.049964269,-0.047309634,-0.214877842,-0.125038137,-0.125236152,-0.564733939,0.061325964,-0.115950074,-0.220800000,0.000001000,0.709000000,1.280406446,2.096513391,0.763269301,0.435781211,0.184619992,-0.071648503,0.036954397,1.138000372,1.675310714
-0.005256449,-0.006480167,0.856581490,0.001633085,0.054125792,0.000201062,0.998532769,-0.106040156,-0.140074849,-0.657919423,0.049999632,-0.047342766,-0.214877939,-0.125110148,-0.125056845,-0.563670667,0.061348529,-0.116216876,-0.220800000,0.000001000,0.709000000,1.280224749,2.101596001,0.762160590,0.434473516,0.182673570,-0.070588473,0.037199173,1.139665934,1.675312140
-0.005205113,-0.006465499,0.856575901,0.001668783,0.053671779,0.000307971,0.998557189,-0.105158250,-0.139975976,-0.656615458,0.050056021,-0.047377672,-0.214878074,-0.124102971,-0.124932095,-0.562415139,0.061388881,-0.116519775,-0.220800000,0.000001000,0.709000000,1.282645105,2.104786025,0.760865027,0.433660731,0.181410626,-0.068997873,0.037111797,1.141577481,1.675349556
-0.005148244,-0.006451597,0.856568979,0.001706923,0.053192195,0.000420571,0.998582746,-0.104212784,-0.139881119,-0.655301256,0.050113739,-0.047412689,-0.214878212,-0.123027617,-0.124810791,-0.561147466,0.061430356,-0.116824955,-0.220800000,0.000001000,0.709000000,1.285229843,2.107856487,0.759557660,0.432879212,0.180190860,-0.067373754,0.037003437,1.143504568,1.675389245
-0.005099326,-0.006480511,0.856522647,0.001685770,0.052667159,0.000422043,0.998610610,-0.103169858,-0.139202243,-0.652715658,0.049812126,-0.047562822,-0.214879130,-0.121858395,-0.124106962,-0.558737380,0.061083443,-0.117571209,-0.220800000,0.000001000,0.709000000,1.290516862,2.111060508,0.760227163,0.430546484,0.177305281,-0.064724873,0.036239015,1.147021837,1.675436517
-0.005050899,-0.006512065,0.856473886,0.001660961,0.052139307,0.000416663,0.998638353,-0.102120923,-0.138487356,-0.650051664,0.049488358,-0.047720054,-0.214880097,-0.120683384,-0.123367213,-0.556256851,0.060712581,-0.118344660,-0.220800000,0.000001000,0.709000000,1.295970507,2.114272766,0.761018562,0.428118106,0.174316986,-0.062012803,0.035434139,1.150637158,1.675484257
-0.004987902,-0.006564919,0.856413187,0.001588570,0.051611796,0.000431042,0.998665867,-0.101097297,-0.137554007,-0.647057578,0.049148725,-0.047975909,-0.214881875,-0.119472945,-0.122434043,-0.553639383,0.060294896,-0.119280620,-0.220800000,0.000001000,0.709000000,1.302166770,2.114371188,0.762170774,0.425355987,0.171348690,-0.058892096,0.034359877,1.154261291,1.675553574
-0.004923964,-0.006619147,0.856351716,0.001513106,0.051084293,0.000446697,0.998693099,-0.100075305,-0.136606548,-0.644042172,0.048808067,-0.048238134,-0.214883706,-0.118260217,-0.121488380,-0.551013070,0.059874187,-0.120227077,-0.220800000,0.000001000,0.709000000,1.308410997,2.114268492,0.763346289,0.422572312,0.168381687,-0.055744997,0.033268217,1.157885994,1.675624285
-0.004812824,-0.006652818,0.856301202,0.001484366,0.050592687,0.000377470,0.998718196,-0.098929248,-0.136072912,-0.642217831,0.048638685,-0.048418733,-0.214885141,-0.117075050,-0.120980402,-0.549462399,0.059716537,-0.120810042,-0.220800000,0.000001000,0.709000000,1.313924167,2.109812722,0.764000847,0.421095173,0.166567837,-0.053798697,0.033169599,1.159436803,1.675660495
-0.004698700,-0.006685189,0.856251380,0.001458578,0.050103338,0.000302878,0.998742928,-0.097775349,-0.135565434,-0.640468773,0.048480129,-0.048594173,-0.214886551,-0.115891625,-0.120500089,-0.547979717,0.059575514,-0.121370032,-0.220800000,0.000001000,0.709000000,1.319391128,2.105081805,0.764622477,0.419700618,0.164826876,-0.051928296,0.033133750,1.160856527,1.675694526
-0.004573045,-0.006718189,0.856192026,0.001451539,0.049677707,0.000251264,0.998764214,-0.096706107,-0.135022621,-0.638568393,0.048144520,-0.048826189,-0.214889007,-0.114776973,-0.120002918,-0.546372885,0.059291273,-0.122046513,-0.220800000,0.000001000,0.709000000,1.322180163,2.095741972,0.768018810,0.416671725,0.160869648,-0.050067891,0.032628692,1.162924299,1.675738012
-0.004446680,-0.006751228,0.856132085,0.001445655,0.049255993,0.000201064,0.998785120,-0.095642080,-0.134477632,-0.636658691,0.047798007,-0.049061690,-0.214891528,-0.113666556,-0.119504708,-0.544758407,0.058998210,-0.122730170,-0.220800000,0.000001000,0.709000000,1.324804255,2.086118259,0.771586048,0.413542167,0.156775911,-0.048208101,0.032094734,1.165031987,1.675782080
-0.004371642,-0.006786470,0.856102012,0.001447154,0.048994808,0.000164309,0.998797971,-0.095001227,-0.133917598,-0.634724235,0.047365035,-0.049330613,-0.214894626,-0.112974387,-0.118994886,-0.543122041,0.058625413,-0.123488768,-0.220800000,0.000001000,0.709000000,1.326271565,2.077085416,0.774470424,0.410239882,0.153244887,-0.046767939,0.031296839,1.166835424,1.675812908
-0.004299922,-0.006821855,0.856073871,0.001449130,0.048744000,0.000128422,0.998810245,-0.094387735,-0.133356590,-0.632788177,0.046926473,-0.049601696,-0.214897761,-0.112309260,-0.118484312,-0.541484261,0.058247460,-0.124252212,-0.220800000,0.000001000,0.709000000,1.327664083,2.068090776,0.777310649,0.406926428,0.149750246,-0.045354910,0.030481880,1.168619188,1.675842879
-0.004257900,-0.006838207,0.856070506,0.001469862,0.048598036,0.000109983,0.998817330,-0.094074330,-0.132888860,-0.630883564,0.046515147,-0.049876023,-0.214900838,-0.111941012,-0.118060810,-0.539847411,0.057897990,-0.125043503,-0.220800000,0.000001000,0.709000000,1.328248750,2.061176317,0.779231102,0.403812056,0.146150617,-0.044636990,0.029657671,1.169799822,1.675828887
-0.004217752,-0.006853357,0.856068706,0.001491777,0.048458690,0.000092646,0.998824069,-0.093779873,-0.132427020,-0.628980936,0.046105540,-0.050150554,-0.214903912,-0.111591508,-0.117642806,-0.538210620,0.057550318,-0.125836553,-0.220800000,0.000001000,0.709000000,1.328782409,2.054393199,0.781093480,0.400710253,0.142544359,-0.043962960,0.028832877,1.170942374,1.675812119
-0.004208963,-0.006843642,0.856101403,0.001596580,0.048422190,0.000020675,0.998825682,-0.093740521,-0.132235291,-0.627214506,0.045722485,-0.050388186,-0.214906472,-0.111591458,-0.117488839,-0.536578424,0.057301910,-0.126619953,-0.220800000,0.000001000,0.709000000,1.329277092,2.051183064,0.781535055,0.398414190,0.141290540,-0.044818881,0.028120309,1.170252008,1.675694874
-0.004202118,-0.006832383,0.856136241,0.001706523,0.048392069,-0.000054684,0.998826958,-0.093716994,-0.132060318,-0.625456526,0.045341077,-0.050623528,-0.214909000,-0.111613086,-0.117351252,-0.534946514,0.057059659,-0.127402754,-0.220800000,0.000001000,0.709000000,1.329769358,2.048194572,0.781888493,0.396168109,0.140182650,-0.045769710,0.027414703,1.169447941,1.675571396
-0.004178341,-0.006810248,0.856149054,0.001755676,0.048371698,-0.000157526,0.998827849,-0.093716308,-0.131803296,-0.623772853,0.045080989,-0.050837263,-0.214911183,-0.111691506,-0.117123213,-0.533347856,0.056956074,-0.128180088,-0.220800000,0.000001000,0.709000000,1.330797149,2.046058190,0.782108017,0.393967332,0.138279880,-0.046503558,0.025277384,1.170204492,1.675522259
-0.004153468,-0.006787409,0.856160443,0.001800899,0.048351958,-0.000262144,0.998828702,-0.093717100,-0.131540969,-0.622093984,0.044828745,-0.051049601,-0.214913344,-0.111773598,-0.116889325,-0.531751348,0.056861453,-0.128957068,-0.220800000,0.000001000,0.709000000,1.331859566,2.043976902,0.782318881,0.391769485,0.136325717,-0.047223377,0.023047495,1.171061947,1.675477928
-0.004174401,-0.006776455,0.856166263,0.001782987,0.048567552,-0.000254563,0.998818276,-0.094598810,-0.130900720,-0.619088905,0.044698038,-0.051420427,-0.214916530,-0.112593339,-0.116243550,-0.528911470,0.056844593,-0.130387774,-0.220800000,0.000001000,0.709000000,1.333596744,2.044441305,0.782546374,0.387932245,0.134142126,-0.047847057,0.015537661,1.173068269,1.675464966
-0.004198224,-0.006766250,0.856171731,0.001761091,0.048797994,-0.000239901,0.998807087,-0.095536112,-0.130236621,-0.616000135,0.044575002,-0.051801253,-0.214919781,-0.113459630,-0.115571782,-0.525993129,0.056832639,-0.131859734,-0.220800000,0.000001000,0.709000000,1.335376504,2.045066357,0.782774916,0.383991550,0.131944057,-0.048464670,0.007694631,1.175147091,1.675453984
-0.004156949,-0.006760019,0.856177325,0.001710013,0.048978677,-0.000209190,0.998798339,-0.096094415,-0.129807612,-0.614412859,0.044531247,-0.052000636,-0.214921489,-0.113925988,-0.115127515,-0.524546294,0.056764544,-0.132607273,-0.220800000,0.000001000,0.709000000,1.336178437,2.040524558,0.784136953,0.381049345,0.129412409,-0.049819827,0.002259211,1.175952900,1.675511425
-0.004111657,-0.006754033,0.856182927,0.001657134,0.049156288,-0.000177488,0.998789708,-0.096629336,-0.129393107,-0.612918219,0.044492383,-0.052188824,-0.214923103,-0.114367671,-0.114697283,-0.523190244,0.056692986,-0.133310118,-0.220800000,0.000001000,0.709000000,1.336920043,2.035663989,0.785568921,0.378168742,0.126860180,-0.051220487,-0.003027671,1.176680170,1.675573088
-0.004061648,-0.006775162,0.856188343,0.001597361,0.049270275,-0.000152298,0.998784194,-0.097005513,-0.128912613,-0.611419094,0.044446479,-0.052379802,-0.214924538,-0.114632875,-0.114204436,-0.521890385,0.056576830,-0.133982703,-0.220800000,0.000001000,0.709000000,1.337712500,2.026562371,0.787457915,0.374694912,0.124943365,-0.051844836,-0.008092385,1.176122242,1.675663563
-0.004011334,-0.006798042,0.856193748,0.001537141,0.049380152,-0.000127528,0.998778865,-0.097371438,-0.128427856,-0.609919679,0.044400120,-0.052570959,-0.214925961,-0.114886680,-0.113707545,-0.520594156,0.056457795,-0.134653334,-0.220800000,0.000001000,0.709000000,1.338508242,2.017186830,0.789376428,0.371182767,0.123067591,-0.052419044,-0.013142750,1.175481306,1.675755900
-0.003938904,-0.006826790,0.856186484,0.001494064,0.049387137,-0.000104775,0.998778588,-0.097454761,-0.127949604,-0.608356628,0.044311392,-0.052775234,-0.214927382,-0.114848729,-0.113229241,-0.519280591,0.056295141,-0.135327256,-0.220800000,0.000001000,0.709000000,1.337591573,2.003789273,0.792479119,0.366505756,0.121131397,-0.051505103,-0.017779183,1.174540772,1.675945236
-0.003865075,-0.006855909,0.856178420,0.001452071,0.049387615,-0.000082150,0.998778628,-0.097520212,-0.127471764,-0.606789553,0.044219986,-0.052980338,-0.214928803,-0.114792325,-0.112752114,-0.517965929,0.056129729,-0.136001387,-0.220800000,0.000001000,0.709000000,1.336566607,1.990137358,0.795656700,0.361755077,0.119191383,-0.050497049,-0.022389438,1.173581290,1.676140708
-0.003860482,-0.006867726,0.856213970,0.001436584,0.049334252,-0.000046374,0.998781290,-0.097549442,-0.127096930,-0.605306387,0.044101836,-0.053163210,-0.214930133,-0.114699105,-0.112377738,-0.516729730,0.055935335,-0.136612421,-0.220800000,0.000001000,0.709000000,1.330777602,1.983905321,0.797613339,0.357263408,0.116723790,-0.049303567,-0.026706172,1.173097487,1.676343549
-0.003860165,-0.006878476,0.856252215,0.001422733,0.049277563,-0.000009786,0.998784110,-0.097576436,-0.126728458,-0.603828404,0.043982035,-0.053344708,-0.214931458,-0.114603611,-0.112009709,-0.515498377,0.055739151,-0.137219558,-0.220800000,0.000001000,0.709000000,1.324694356,1.978131557,0.799494570,0.352787736,0.114223613,-0.048098632,-0.031004778,1.172643062,1.676546845
-0.003877978,-0.006853419,0.856248885,0.001474661,0.049691090,0.000213293,0.998763523,-0.098791289,-0.126654258,-0.602515838,0.043924295,-0.053504372,-0.214932512,-0.115558521,-0.111905958,-0.514309132,0.055570538,-0.137839384,-0.220800000,0.000001000,0.709000000,1.318251324,1.968790983,0.801824914,0.347806800,0.114698631,-0.047067949,-0.035105717,1.172803905,1.676573932
-0.003896964,-0.006826047,0.856242867,0.001530841,0.050135007,0.000448429,0.998741176,-0.100082946,-0.126599084,-0.601213967,0.043870567,-0.053662623,-0.214933548,-0.116581346,-0.111819294,-0.513122610,0.055403709,-0.138460031,-0.220800000,0.000001000,0.709000000,1.311785029,1.959219792,0.804184296,0.342793196,0.115366015,-0.046048532,-0.039193874,1.173004530,1.676589625
-0.003928467,-0.006809084,0.856256483,0.001525290,0.050630933,0.000472428,0.998716155,-0.101494580,-0.126427902,-0.600035962,0.044003949,-0.053788834,-0.214934386,-0.117891826,-0.111615228,-0.512076154,0.055432832,-0.139012315,-0.220800000,0.000001000,0.709000000,1.303282935,1.949042274,0.806707945,0.337080161,0.115798314,-0.046530154,-0.043039312,1.172925585,1.676535115
-0.003960760,-0.006792778,0.856271338,0.001515839,0.051130133,0.000483088,0.998690732,-0.102913794,-0.126249392,-0.598865782,0.044149151,-0.053913020,-0.214935212,-0.119220477,-0.111403747,-0.511038547,0.055474334,-0.139560280,-0.220800000,0.000001000,0.709000000,1.294652233,1.938826452,0.809241971,0.331322940,0.116215762,-0.047106603,-0.046869416,1.172828979,1.676476170
-0.003955298,-0.006777538,0.856301700,0.001490144,0.051504561,0.000431529,0.998671554,-0.103970961,-0.126037767,-0.597739674,0.044328576,-0.054010816,-0.214935791,-0.120253524,-0.111176707,-0.510075870,0.055596226,-0.140021464,-0.220800000,0.000001000,0.709000000,1.288623049,1.925420376,0.809641258,0.325910607,0.115612667,-0.048140991,-0.050420212,1.172274674,1.676458327
-0.003947509,-0.006762363,0.856333018,0.001463449,0.051871293,0.000376137,0.998652635,-0.105005816,-0.125824100,-0.596616282,0.044510111,-0.054106987,-0.214936354,-0.121268353,-0.110948708,-0.509117810,0.055723073,-0.140477300,-0.220800000,0.000001000,0.709000000,1.282754191,1.911817693,0.809908987,0.320519528,0.114946680,-0.049203601,-0.053953795,1.171692162,1.676443017
-0.003898016,-0.006758035,0.856365758,0.001424672,0.052084237,0.000307327,0.998641631,-0.105577581,-0.125542806,-0.595527557,0.044608021,-0.054187235,-0.214936772,-0.121835917,-0.110673387,-0.508234636,0.055793285,-0.140850797,-0.220800000,0.000001000,0.709000000,1.280665033,1.893758298,0.808735824,0.315584636,0.113103793,-0.050373820,-0.057199641,1.170445574,1.676494557
-0.003845832,-0.006754407,0.856398590,0.001385115,0.052287256,0.000237651,0.998631097,-0.106119467,-0.125257148,-0.594441068,0.044700535,-0.054266455,-0.214937181,-0.122374622,-0.110395012,-0.507356293,0.055859844,-0.141218982,-0.220800000,0.000001000,0.709000000,1.278819744,1.875411354,0.807469694,0.310679178,0.111184972,-0.051550982,-0.060426922,1.169156139,1.676550411
-0.003826772,-0.006752539,0.856445878,0.001361314,0.052383698,0.000187267,0.998626086,-0.106425658,-0.125000449,-0.593440820,0.044703374,-0.054319731,-0.214937366,-0.122671469,-0.110156783,-0.506572343,0.055850282,-0.141492220,-0.220800000,0.000001000,0.709000000,1.278001849,1.860430040,0.805098289,0.306792154,0.107981787,-0.052180577,-0.063385541,1.167709695,1.676679239
-0.003809806,-0.006750781,0.856494080,0.001338508,0.052473403,0.000138103,0.998621415,-0.106716952,-0.124745580,-0.592446023,0.044700545,-0.054371367,-0.214937538,-0.122953029,-0.109921092,-0.505794359,0.055835909,-0.141759456,-0.220800000,0.000001000,0.709000000,1.277248893,1.845661461,0.802657021,0.302969503,0.104697420,-0.052775562,-0.066327178,1.166253328,1.676812681
-0.003786584,-0.006770247,0.856524392,0.001281677,0.052332868,0.000191331,0.998628856,-0.106504321,-0.124384581,-0.591445478,0.044692397,-0.054413249,-0.214937618,-0.122621475,-0.109575600,-0.505059473,0.055754601,-0.141965376,-0.220800466,0.000001000,0.709000000,1.279028889,1.836420670,0.798745471,0.300649763,0.103330381,-0.052443273,-0.069041688,1.165406280,1.676879423
-0.003762947,-0.006791114,0.856553523,0.001222598,0.052177118,0.000251324,0.998637066,-0.106258394,-0.124016569,-0.590444554,0.044683896,-0.054454487,-0.214937693,-0.122249410,-0.109222853,-0.504327434,0.055668869,-0.142167245,-0.220800962,0.000001000,0.709000000,1.280976252,1.827545130,0.794736772,0.298429328,0.102090029,-0.052049713,-0.071741191,1.164599492,1.676941758
-0.003771813,-0.006786696,0.856601690,0.001206007,0.052000341,0.000246819,0.998646308,-0.105940126,-0.123771993,-0.589518308,0.044581094,-0.054472696,-0.214937653,-0.121861628,-0.109002812,-0.503669431,0.055502425,-0.142291202,-0.220800963,0.000001000,0.709000000,1.280385077,1.828443780,0.791827471,0.296853789,0.098832829,-0.051721181,-0.074251690,1.163641100,1.677071593
-0.003782788,-0.006780637,0.856651094,0.001192174,0.051822198,0.000238125,0.998655587,-0.105617160,-0.123535432,-0.588596912,0.044472168,-0.054489409,-0.214937606,-0.121472825,-0.108791389,-0.503016236,0.055330741,-0.142410101,-0.220800932,0.000001000,0.709000000,1.279629079,1.829977057,0.788989552,0.295320122,0.095444677,-0.051396871,-0.076749918,1.162672864,1.677205810
-0.003753375,-0.006779117,0.856650180,0.001136325,0.051478981,0.000197465,0.998673412,-0.104873220,-0.122951716,-0.586769476,0.044165276,-0.054544900,-0.214937695,-0.120614477,-0.108298608,-0.501808473,0.054956717,-0.142609379,-0.220800517,0.000001000,0.709000000,1.282456065,1.835653136,0.785290709,0.293225638,0.091881002,-0.048930914,-0.080864744,1.163448492,1.677338629
-0.003721410,-0.006777883,0.856646088,0.001077823,0.051125329,0.000154785,0.998691652,-0.104102684,-0.122346070,-0.584884803,0.043845877,-0.054602841,-0.214937793,-0.119726466,-0.107788053,-0.500565676,0.054569911,-0.142813735,-0.220800077,0.000001000,0.709000000,1.285509401,1.841590932,0.781537479,0.291095725,0.088306237,-0.046329662,-0.085081697,1.164334287,1.677471360
-0.003645605,-0.006784686,0.856629155,0.001086116,0.050806217,0.000109101,0.998707934,-0.103307484,-0.122083513,-0.583763421,0.043682569,-0.054653648,-0.214937887,-0.118905559,-0.107591392,-0.499789718,0.054432733,-0.142978109,-0.220800028,0.000001000,0.709000000,1.288893985,1.838782270,0.780800450,0.289577638,0.084598981,-0.043345024,-0.086852464,1.164935778,1.677602252
-0.003566906,-0.006792019,0.856611376,0.001098819,0.050489380,0.000063218,0.998723991,-0.102510656,-0.121843603,-0.582692423,0.043529565,-0.054703985,-0.214937982,-0.118089082,-0.107415449,-0.499044575,0.054312031,-0.143139844,-0.220800004,0.000001000,0.709000000,1.292300434,1.835396278,0.780262512,0.288099937,0.080882980,-0.040335080,-0.088461766,1.165518503,1.677733022
-0.003462568,-0.006820021,0.856545842,0.001163022,0.050321593,0.000025081,0.998732389,-0.101978700,-0.121647395,-0.581542401,0.043255143,-0.054796688,-0.214938269,-0.117553278,-0.107291867,-0.498160577,0.054136417,-0.143447776,-0.220800001,0.000000107,0.709000000,1.298665898,1.820411041,0.781566764,0.285652256,0.079925254,-0.037349302,-0.090011261,1.166273451,1.677789382
-0.003356574,-0.006849357,0.856477226,0.001230549,0.050163426,-0.000012556,0.998740265,-0.101463842,-0.121454007,-0.580387278,0.042972884,-0.054892126,-0.214938568,-0.117035592,-0.107171666,-0.497267616,0.053957258,-0.143765146,-0.220800000,-0.000000844,0.709000000,1.305222380,1.804677019,0.782989937,0.283141958,0.079145588,-0.034365084,-0.091556896,1.167039517,1.677840938
-0.003318730,-0.006898475,0.856430452,0.001254435,0.049977458,-0.000033084,0.998749558,-0.101022857,-0.121121772,-0.579162655,0.042732719,-0.055015888,-0.214939011,-0.116576260,-0.106904879,-0.496307306,0.053810857,-0.144179045,-0.220800000,-0.000000945,0.709000000,1.307312774,1.791468487,0.786709873,0.279556195,0.078365497,-0.031958105,-0.093173994,1.167981193,1.677880403
-0.003285183,-0.006948840,0.856385055,0.001275569,0.049789735,-0.000052534,0.998758906,-0.100586528,-0.120780785,-0.577933650,0.042495207,-0.055141436,-0.214939464,-0.116120607,-0.106628851,-0.495342750,0.053666521,-0.144599029,-0.220800000,-0.000000992,0.709000000,1.309121634,1.778419157,0.790574593,0.275902636,0.077585378,-0.029587514,-0.094795597,1.168933939,1.677919106
-0.003197635,-0.007004223,0.856314180,0.001267815,0.049728909,-0.000094371,0.998761943,-0.100352758,-0.120331537,-0.576608439,0.042233302,-0.055317406,-0.214940297,-0.115869335,-0.106247814,-0.494312549,0.053488374,-0.145137123,-0.220800000,-0.000000997,0.709000000,1.305947269,1.757669570,0.797512628,0.269182448,0.078881564,-0.027832680,-0.096421020,1.169819602,1.677904664
-0.003106507,-0.007059938,0.856241617,0.001258147,0.049676494,-0.000137690,0.998764559,-0.100132414,-0.119875113,-0.575276850,0.041969780,-0.055496717,-0.214941156,-0.115631610,-0.105859818,-0.493277997,0.053307987,-0.145683044,-0.220800000,-0.000001000,0.709000000,1.302442615,1.736409610,0.804654361,0.262259005,0.080315367,-0.026118658,-0.098046696,1.170700819,1.677886700
-0.003146825,-0.007085389,0.856209574,0.001392533,0.050177041,-0.000187641,0.998739350,-0.101342661,-0.119879019,-0.574268285,0.041694686,-0.055646128,-0.214942103,-0.116897872,-0.105917752,-0.492376512,0.053193228,-0.146224489,-0.220800000,-0.000001000,0.692110262,1.283562556,1.720427795,0.817497676,0.249898027,0.087944656,-0.024645950,-0.099580966,1.171823158,1.677726787
-0.003195625,-0.007108887,0.856180144,0.001536213,0.050713251,-0.000238020,0.998712045,-0.102645210,-0.119912626,-0.573280561,0.041418845,-0.055793610,-0.214943055,-0.118261173,-0.106004458,-0.491483613,0.053082703,-0.146765645,-0.220800000,-0.000001000,0.674130788,1.263690467,1.704786528,0.830708860,0.237186217,0.095973680,-0.023188812,-0.101109339,1.172961054,1.677557716
-0.003227928,-0.007101951,0.856163532,0.001530674,0.051150076,-0.000255883,0.998689772,-0.103762461,-0.119782971,-0.572680796,0.041392399,-0.055884690,-0.214943632,-0.119398989,-0.105896647,-0.490956300,0.053135116,-0.147117220,-0.220800000,-0.000001000,0.634820293,1.216025512,1.695716202,0.847973247,0.218861621,0.102811932,-0.020900902,-0.101920969,1.173961661,1.677497553
-0.003259190,-0.007093093,0.856147729,0.001515714,0.051580617,-0.000271692,0.998667647,-0.104868011,-0.119643009,-0.572105528,0.041381700,-0.055972210,-0.214944185,-0.120522568,-0.105776554,-0.490452070,0.053197817,-0.147456824,-0.220800000,-0.000001000,0.594162961,1.166605720,1.687060764,0.865493553,0.200182633,0.109574998,-0.018560537,-0.102687343,1.174953599,1.677444267
-0.003391795,-0.007195337,0.856005149,0.001378844,0.051959724,-0.000252257,0.998648197,-0.106005778,-0.119125967,-0.571895752,0.041445970,-0.056038511,-0.214944706,-0.121615497,-0.105268406,-0.490313969,0.053267016,-0.147662791,-0.220800000,-0.000001000,0.541485045,1.069715219,1.681664986,0.875504791,0.180449950,0.112346709,-0.015605603,-0.102767252,1.175156087,1.677443099
-0.003531094,-0.007304918,0.855854196,0.001233923,0.052335425,-0.000230493,0.998628774,-0.107145672,-0.118584022,-0.571710115,0.041515192,-0.056103411,-0.214945225,-0.122706402,-0.104734631,-0.490200047,0.053336644,-0.147859932,-0.220800000,-0.000001000,0.488013275,0.969689694,1.676484481,0.885020121,0.160647678,0.114854826,-0.012610081,-0.102801825,1.175306438,1.677445373
-0.003663660,-0.006900102,0.855850110,0.001323982,0.051991994,0.000485732,0.998646506,-0.107014704,-0.119517082,-0.571224663,0.041774890,-0.056133761,-0.214944872,-0.122087585,-0.105677317,-0.489684118,0.053688260,-0.147989489,-0.220800000,-0.000001000,0.418258486,0.846329887,1.666607911,0.906715521,0.141796682,0.113260163,-0.009714192,-0.102632193,1.175955020,1.677450146
-0.003795792,-0.006462080,0.855855505,0.001429210,0.051602102,0.001246788,0.998665923,-0.106801696,-0.120545361,-0.570719857,0.042046883,-0.056161879,-0.214944463,-0.121358397,-0.106715315,-0.489142237,0.054058079,-0.148114683,-0.220800000,-0.000001000,0.347452554,0.721463744,1.656428189,0.929197200,0.123007096,0.111400647,-0.006824736,-0.102449378,1.176635764,1.677455081
-0.004302482,-0.004708863,0.856740982,0.001748487,0.050367274,0.002444989,0.998726240,-0.106473073,-0.125555082,-0.571537494,0.045582429,-0.054868960,-0.214951314,-0.119835614,-0.110789102,-0.488202257,0.055833836,-0.146267341,-0.220799669,-0.000000061,0.336235685,0.608660062,1.581061361,0.818676147,0.108991316,0.115149328,-0.014538890,-0.102932176,1.203698395,1.677244097
-0.004832833,-0.002872560,0.857682057,0.002081280,0.049078909,0.003670798,0.998785990,-0.106137146,-0.130816325,-0.572438675,0.049324146,-0.053492585,-0.214958625,-0.118262695,-0.115054672,-0.487237127,0.057698412,-0.144295386,-0.220799317,0.000000938,0.328783284,0.496618411,1.501576416,0.699752809,0.095277115,0.119252299,-0.022922914,-0.103457022,1.232427670,1.677019472
-0.005104375,-0.001578273,0.857175399,0.001647397,0.047881469,0.003652220,0.998844989,-0.106571998,-0.131885980,-0.565731886,0.054158850,-0.053015154,-0.214948430,-0.118192918,-0.115739748,-0.480921111,0.061735808,-0.144618280,-0.220790907,0.000001000,0.311296640,0.311715845,1.495174687,0.537238943,0.087806563,0.163827393,-0.039354468,-0.071137096,1.232281640,1.677049197
-0.005358772,-0.000319892,0.856572835,0.001162721,0.046689980,0.003551200,0.998902439,-0.107057911,-0.132677960,-0.558521100,0.059065961,-0.052597274,-0.214937076,-0.118222717,-0.116187631,-0.474250622,0.065917143,-0.145093197,-0.220781964,0.000001000,0.293145270,0.121986545,1.493614418,0.371837386,0.080749627,0.211083598,-0.056319138,-0.036641339,1.230222741,1.677095772
-0.005604742,-0.000140491,0.856060160,0.000619133,0.047451726,0.002715197,0.998869650,-0.111736695,-0.129768697,-0.545935722,0.062251740,-0.054705886,-0.214937024,-0.122677398,-0.113993391,-0.466369177,0.069026455,-0.148849748,-0.220790000,0.000001000,0.266181321,-0.027591551,1.539683886,0.306815268,0.081552186,0.239528724,-0.068338460,-0.001616239,1.214389215,1.677661147
-0.005850169,-0.000030670,0.855553283,0.000071745,0.048339346,0.001831793,0.998829288,-0.116685863,-0.126620755,-0.533003754,0.065326516,-0.056977423,-0.214937700,-0.127417424,-0.111628770,-0.458409643,0.072066635,-0.152817920,-0.220799132,0.000001000,0.238649079,-0.174580433,1.588824834,0.248266279,0.082861577,0.266760788,-0.080038875,0.033442997,1.197667409,1.678259977
-0.005319713,-0.000716982,0.856307154,-0.000038277,0.050057799,0.000646736,0.998746112,-0.118425647,-0.124293854,-0.532638097,0.062802735,-0.057156043,-0.214946826,-0.130068980,-0.109549204,-0.458829402,0.069644121,-0.152611649,-0.220799821,0.000001000,0.238006533,-0.181793268,1.614803586,0.153852533,0.074513367,0.273234394,-0.082987806,0.035683119,1.196440719,1.678260988
-0.004740109,-0.001453724,0.857140886,-0.000120594,0.051828660,-0.000557431,0.998655829,-0.119962138,-0.122018961,-0.533068432,0.059924323,-0.057202091,-0.214956488,-0.132588246,-0.107487695,-0.459779935,0.066875583,-0.152140955,-0.220799974,0.000001000,0.239067272,-0.180152218,1.639315167,0.057166993,0.065553413,0.278393090,-0.085382389,0.035844369,1.196195540,1.678224130
-0.005540435,-0.000818560,0.855848877,-0.000842797,0.053383407,-0.001348019,0.998572824,-0.127491203,-0.121085733,-0.526152717,0.065211025,-0.059687149,-0.215018667,-0.140165239,-0.107121901,-0.456319634,0.072301187,-0.154988877,-0.220799953,0.000001000,0.216963385,-0.236790925,1.573216462,0.454931924,0.054548730,0.276596757,-0.092326070,0.037678771,1.183597930,1.678256790
-0.006431704,-0.000092979,0.854416771,-0.001607169,0.054923736,-0.002111345,0.998487027,-0.135415208,-0.120240927,-0.518752861,0.071035848,-0.062332949,-0.215084307,-0.148075560,-0.106867864,-0.452568638,0.078266826,-0.158055511,-0.220799921,0.000001000,0.193332836,-0.297270554,1.501146094,0.885283564,0.043409291,0.274342053,-0.099569559,0.039623442,1.170186234,1.678294032
-0.006278265,-0.000015936,0.854525107,-0.001547716,0.056056415,-0.002180473,0.998424022,-0.138487047,-0.119759835,-0.514736484,0.071639766,-0.063598693,-0.215119484,-0.150931047,-0.106819565,-0.450736408,0.078867591,-0.159214547,-0.220799955,0.000001000,0.182929754,-0.268960724,1.494010169,0.935261652,0.041999065,0.268541455,-0.100544526,0.040904372,1.166361669,1.678092492
-0.006057384,0.000019242,0.854732885,-0.001435080,0.057162718,-0.002204785,0.998361409,-0.141245655,-0.119302222,-0.510938525,0.071906651,-0.064775347,-0.215152694,-0.153460220,-0.106784547,-0.449028043,0.079122028,-0.160250439,-0.220799994,0.000001000,0.173380565,-0.234919127,1.491066059,0.960684880,0.041216904,0.262511953,-0.101114831,0.042142454,1.163155998,1.677875538
-0.005792596,0.000086547,0.855085023,-0.001205577,0.057700944,-0.002021631,0.998331138,-0.142307560,-0.118361829,-0.504986534,0.070641308,-0.066275442,-0.215177319,-0.154103732,-0.106674222,-0.446555676,0.078138283,-0.160895900,-0.220799998,0.000001000,0.144773124,-0.195613784,1.492872136,0.948507953,0.040350380,0.253353678,-0.097540677,0.044032695,1.163441945,1.677697385
-0.005525026,0.000155889,0.855446309,-0.000968668,0.058203150,-0.001825328,0.998302621,-0.143261933,-0.117390839,-0.498898025,0.069278858,-0.067796036,-0.215201400,-0.154627735,-0.106559123,-0.444034889,0.077076065,-0.161516616,-0.220800000,0.000001000,0.114957823,-0.155974838,1.494979267,0.933948031,0.039478510,0.243997111,-0.093703858,0.045964269,1.163949182,1.677521691
-0.005358649,0.000136765,0.855773605,-0.000701946,0.058303364,-0.001585041,0.998297407,-0.142896184,-0.116687186,-0.495048259,0.067221200,-0.068431308,-0.215210123,-0.154009941,-0.106537922,-0.442671539,0.075448280,-0.160915082,-0.220800000,0.000001000,0.082002082,-0.122958069,1.503741785,0.908674863,0.040128001,0.237124881,-0.085109571,0.046773338,1.168355885,1.677635182
-0.005198972,0.000111785,0.856098651,-0.000433250,0.058376955,-0.001341842,0.998293616,-0.142443027,-0.116001233,-0.491346724,0.065117512,-0.069007961,-0.215217830,-0.153316548,-0.106522938,-0.441384825,0.073783048,-0.160232621,-0.220800000,0.000001000,0.048838406,-0.090379767,1.512944968,0.882692353,0.040878223,0.230417143,-0.076200282,0.047508085,1.173020778,1.677767820
-0.005179357,0.000041038,0.856242369,-0.000200919,0.058207015,-0.001111882,0.998303895,-0.141887667,-0.115543567,-0.488447024,0.063828261,-0.069114174,-0.215221630,-0.152564368,-0.106576599,-0.440308745,0.072867603,-0.159088717,-0.220800000,0.000001000,0.025858190,-0.073344240,1.515025707,0.858198513,0.043522543,0.230686081,-0.068469471,0.052960913,1.173801479,1.678148742
-0.005168793,-0.000032667,0.856374370,0.000029062,0.058021330,-0.000882777,0.998314953,-0.141325703,-0.115100653,-0.485599140,0.062591642,-0.069189987,-0.215225177,-0.151808389,-0.106634697,-0.439246277,0.072000610,-0.157914993,-0.220800000,0.000001000,0.003536056,-0.057313128,1.516646175,0.833800874,0.046289265,0.231405870,-0.060814817,0.058718637,1.174331173,1.678545709
-0.005172511,-0.000073550,0.856466749,0.000180948,0.057680062,-0.000679245,0.998334872,-0.140512472,-0.114794668,-0.483522084,0.061782655,-0.068936152,-0.215228603,-0.150789553,-0.106658589,-0.438429420,0.071345923,-0.156496334,-0.220800000,0.000001000,-0.020646211,-0.059702673,1.505194813,0.815675545,0.046842669,0.230438638,-0.058378580,0.079492946,1.166673279,1.677582371
-0.005177191,-0.000112223,0.856556459,0.000327577,0.057328308,-0.000477435,0.998355212,-0.139682323,-0.114497903,-0.481496925,0.061002461,-0.068660123,-0.215232021,-0.149753019,-0.106680177,-0.437629099,0.070705529,-0.155061185,-0.220800000,0.000001000,-0.044953716,-0.063332426,1.492863365,0.797972511,0.047247058,0.229357824,-0.056293684,0.101278278,1.158464139,1.676527448
-0.004999419,0.000026189,0.856575438,0.000838071,0.055810292,0.000067197,0.998441037,-0.135999146,-0.115005537,-0.477852966,0.059800453,-0.067519014,-0.215241532,-0.145882108,-0.107159432,-0.433349696,0.070003972,-0.153903958,-0.220800282,0.000001000,-0.064248097,-0.084622160,1.465212360,0.799671852,0.043371773,0.226997167,-0.063124160,0.167727761,1.143330148,1.673688684
-0.004809603,0.000176290,0.856589749,0.001372580,0.054215123,0.000634458,0.998528134,-0.132127648,-0.115566267,-0.474102155,0.058570602,-0.066320804,-0.215251446,-0.141824107,-0.107668896,-0.428840649,0.069298378,-0.152765075,-0.220800582,0.000001000,-0.083211577,-0.107077580,1.436550155,0.802651889,0.039213998,0.224552031,-0.070543115,0.237125398,1.127739067,1.670732173
-0.004616866,0.000247360,0.856447668,0.001598157,0.053439366,0.000922981,0.998569391,-0.130352007,-0.115674037,-0.471444904,0.058389959,-0.065973336,-0.215250539,-0.139911086,-0.107601450,-0.425323482,0.069308574,-0.153476379,-0.220796052,0.000001000,-0.084878017,-0.146671643,1.426084959,0.803556567,0.036268693,0.224799903,-0.080226429,0.284891024,1.097608186,1.668462371
-0.004423940,0.000313327,0.856295491,0.001803790,0.052716478,0.001193509,0.998607177,-0.128711663,-0.115752566,-0.468858247,0.058277048,-0.065680787,-0.215248933,-0.138136533,-0.107496761,-0.421870345,0.069364979,-0.154307121,-0.220791210,0.000001000,-0.085427853,-0.187372084,1.416794464,0.804327271,0.033401659,0.225221622,-0.090055918,0.331260205,1.066538694,1.666236900
-0.004332363,0.000140658,0.856056933,0.001584308,0.052735625,0.001190607,0.998606542,-0.128882506,-0.114799588,-0.467798728,0.058644486,-0.065772271,-0.215242556,-0.138168034,-0.106477747,-0.420805504,0.069545187,-0.154874488,-0.220788314,0.000001000,-0.068178022,-0.234290755,1.407347599,0.802471772,0.034119094,0.216581419,-0.098710562,0.347536581,1.047056428,1.664297082
-0.004247616,-0.000048093,0.855812554,0.001336175,0.052804780,0.001169276,0.998603276,-0.129175414,-0.113777092,-0.466842132,0.059044298,-0.065889636,-0.215235858,-0.138321255,-0.105397111,-0.419901624,0.069733738,-0.155424104,-0.220785548,0.000001000,-0.049728575,-0.281628506,1.397890196,0.800439279,0.035078105,0.207330484,-0.107286026,0.361784842,1.028355087,1.662376515
-0.004197117,-0.000207903,0.855609279,0.000836968,0.052451221,0.000887089,0.998622743,-0.128659202,-0.112003654,-0.464983072,0.059710229,-0.066320061,-0.215228159,-0.137651573,-0.103606062,-0.418690709,0.069859363,-0.156299680,-0.220787358,0.000001000,-0.028407667,-0.315823795,1.376282027,0.794564542,0.037188405,0.199899396,-0.117173784,0.386342858,1.007592170,1.660584104
-0.004148881,-0.000365800,0.855408721,0.000321170,0.052069706,0.000587666,0.998643228,-0.128089527,-0.110180597,-0.463064382,0.060393744,-0.066771170,-0.215220394,-0.136927518,-0.101768073,-0.417459508,0.069980829,-0.157196795,-0.220789470,0.000001000,-0.006897025,-0.349150691,1.353870992,0.788435927,0.039374777,0.192588555,-0.127148252,0.411582094,0.986693033,1.658800161
-0.004174289,-0.000418324,0.855260144,0.000108222,0.051945615,0.000451946,0.998649807,-0.128763772,-0.108113165,-0.455955068,0.060996695,-0.068817661,-0.215237588,-0.137058500,-0.100032756,-0.412792262,0.069960224,-0.160464762,-0.220794465,0.000001000,0.013465211,-0.367170379,1.307577907,0.772494468,0.040513166,0.190146873,-0.139284112,0.457138684,0.974662074,1.659159969
-0.004204475,-0.000464008,0.855114941,-0.000085073,0.051838227,0.000326850,0.998655438,-0.129518741,-0.106029876,-0.448508911,0.061594418,-0.070967684,-0.215256403,-0.137244970,-0.098304102,-0.407902035,0.069930398,-0.163886585,-0.220799647,0.000001000,0.033752922,-0.384196711,1.259735005,0.755916208,0.041583547,0.188021174,-0.151560234,0.504013761,0.963206613,1.659658895
-0.004251998,-0.000457678,0.855039436,-0.000175585,0.052025041,0.000254054,0.998645733,-0.131357622,-0.103419722,-0.437253600,0.062248366,-0.074728658,-0.215302170,-0.138474272,-0.096426452,-0.400605708,0.070319819,-0.169392889,-0.220799986,0.000001000,0.049441537,-0.393142003,1.207146984,0.728393244,0.040621299,0.197051428,-0.159160318,0.500799615,0.971467082,1.659435201
-0.004300687,-0.000447846,0.854968624,-0.000259178,0.052231659,0.000184779,0.998634945,-0.133269479,-0.100774096,-0.425741830,0.062906099,-0.078598093,-0.215349751,-0.139773784,-0.094538771,-0.393147386,0.070737466,-0.175039535,-0.220799999,0.000001000,0.064820510,-0.401543224,1.154239488,0.700133406,0.039522200,0.206832778,-0.166445577,0.494213113,0.981054966,1.659162855
-0.004546804,-0.000361377,0.854936059,-0.000248059,0.054427528,0.000251212,0.998517661,-0.140839215,-0.098535917,-0.413225614,0.065057030,-0.083146342,-0.215396303,-0.146668769,-0.093165956,-0.385087390,0.072714615,-0.181309317,-0.220800000,0.000001000,0.082614964,-0.389227693,1.094379253,0.677660623,0.040122179,0.215430815,-0.166028911,0.457746256,1.009082274,1.657137537
-0.004805939,-0.000269855,0.854906016,-0.000230693,0.056754280,0.000326592,0.998388097,-0.148782027,-0.096324604,-0.400643166,0.067306420,-0.087739351,-0.215442787,-0.153932714,-0.091827091,-0.376987721,0.074794596,-0.187620188,-0.220800000,0.000001000,0.100568694,-0.375546121,1.034060562,0.655569434,0.040834193,0.223950825,-0.165104387,0.419309118,1.038325460,1.654996630
-0.005011221,-0.000172361,0.854862324,-0.000092209,0.058218586,0.000226803,0.998303830,-0.154094009,-0.094534523,-0.389548734,0.068869718,-0.091965036,-0.215476280,-0.159056060,-0.090844162,-0.369423181,0.076748578,-0.193692824,-0.220800000,0.000001000,0.122243325,-0.350690377,0.978615898,0.626956932,0.043362463,0.244852459,-0.167398858,0.379338220,1.063201397,1.651931410
-0.005213027,-0.000074481,0.854817751,0.000054094,0.059627115,0.000115706,0.998220712,-0.159236159,-0.092771635,-0.378550360,0.070388726,-0.096167009,-0.215508934,-0.164041220,-0.089884211,-0.361893185,0.078694426,-0.199750081,-0.220800000,0.000001000,0.144158157,-0.325113290,0.923485876,0.597923449,0.046007979,0.266553384,-0.169901130,0.339268311,1.087795408,1.648806520
-0.005303686,0.000260767,0.855303641,0.000313590,0.061081959,0.000197089,0.998132685,-0.162427701,-0.093083357,-0.375907362,0.069028908,-0.095922613,-0.215516502,-0.167427825,-0.090539336,-0.360255923,0.077924947,-0.198434471,-0.220799751,0.000000955,0.204393863,-0.158091894,0.486518742,0.658157593,0.055864174,0.278864473,-0.174117961,0.316210256,1.106456663,1.648154110
-0.005386853,0.000612013,0.855825282,0.000580714,0.062539798,0.000291443,0.998042259,-0.165487781,-0.093534898,-0.373827477,0.067475070,-0.095378552,-0.215522380,-0.170706695,-0.091303309,-0.359015803,0.076972469,-0.196621965,-0.220799485,0.000000908,0.267212217,0.018462189,0.023817566,0.724407959,0.066206335,0.290542731,-0.178450345,0.294298721,1.124718079,1.647668334
-0.005383397,0.000508580,0.855824552,0.000734358,0.063803431,0.000510710,0.997962084,-0.168337003,-0.093578516,-0.373323432,0.067035691,-0.095251327,-0.215523648,-0.173457174,-0.091403559,-0.358614727,0.076678804,-0.196358009,-0.220799479,0.000000056,0.273900792,0.066647976,-0.020662660,0.748031116,0.064863295,0.294530194,-0.179101148,0.287497458,1.126039573,1.647401922
-0.005374212,0.000375073,0.855789271,0.000880495,0.065054123,0.000738237,0.997881076,-0.171172277,-0.093595152,-0.372923619,0.066670027,-0.095151674,-0.215524611,-0.176172704,-0.091459907,-0.358269147,0.076428716,-0.196196481,-0.220799490,-0.000000850,0.276876744,0.106343029,-0.037480270,0.768834759,0.062747354,0.298008961,-0.179508438,0.281695642,1.126240601,1.647150020
-0.005212708,0.000188080,0.855777237,0.001022280,0.064256946,0.000796703,0.997932545,-0.169221913,-0.093469808,-0.372075756,0.066762547,-0.095024283,-0.215525182,-0.174246023,-0.091371285,-0.357443501,0.076703572,-0.196183739,-0.220798549,-0.000000947,0.277200500,0.127506762,-0.015900764,0.817507292,0.059640475,0.296473225,-0.172544404,0.273544202,1.131208309,1.647842387
-0.005041380,-0.000002362,0.855766703,0.001163784,0.063327658,0.000844265,0.997991754,-0.166962940,-0.093335309,-0.371198999,0.066884613,-0.094895104,-0.215525728,-0.172019982,-0.091273314,-0.356586896,0.077012279,-0.196180591,-0.220797547,-0.000000992,0.277353225,0.147475474,0.008154841,0.867976996,0.056469693,0.294614120,-0.165105018,0.265241243,1.136483405,1.648595647
-0.005030630,-0.000140164,0.855764069,0.000999101,0.062559352,0.000538322,0.998040600,-0.165007164,-0.092393935,-0.370321146,0.066595584,-0.094879653,-0.215524910,-0.170245050,-0.090376239,-0.355947918,0.076705202,-0.196149131,-0.220797874,-0.000000997,0.288797793,0.158758470,0.030571190,0.895602778,0.055958473,0.293302166,-0.155177060,0.255510056,1.143548684,1.649696734
-0.005030690,-0.000274423,0.855761967,0.000813803,0.061801843,0.000208579,0.998088086,-0.163071801,-0.091398236,-0.369443219,0.066278876,-0.094871859,-0.215524001,-0.168500489,-0.089425362,-0.355323592,0.076356667,-0.196115765,-0.220798290,-0.000001000,0.301002606,0.169456683,0.052877173,0.921690547,0.055626313,0.292027050,-0.145081553,0.245682711,1.150734492,1.650821239
-0.004990959,-0.000394317,0.855672470,0.000495869,0.060406803,-0.000438514,0.998173622,-0.159603249,-0.089965690,-0.368071317,0.066137400,-0.095170127,-0.215520717,-0.165380386,-0.088121505,-0.354597811,0.076127299,-0.196228261,-0.220797635,-0.000001000,0.319800598,0.167849343,0.075194355,0.932263794,0.056378219,0.293809540,-0.134895656,0.239689205,1.152940855,1.652097703
-0.004948603,-0.000513264,0.855577210,0.000169187,0.058969572,-0.001106532,0.998259153,-0.156033601,-0.088504339,-0.366666842,0.066007479,-0.095488577,-0.215517276,-0.162169580,-0.086794373,-0.353865340,0.075905788,-0.196350376,-0.220796908,-0.000001000,0.339033337,0.165430587,0.097512274,0.941814028,0.057201608,0.295793645,-0.124703799,0.233948498,1.154818878,1.653384186
-0.004754007,-0.000501722,0.855489779,-0.000013818,0.056785455,-0.001843090,0.998384703,-0.149915333,-0.085312700,-0.357334983,0.063356652,-0.099176013,-0.215549796,-0.156476629,-0.084676669,-0.348752528,0.073875307,-0.198748777,-0.220798335,-0.000001000,0.354537252,0.143441224,0.164311054,0.935266763,0.057834952,0.304090642,-0.119795458,0.245988669,1.148123350,1.653880643
-0.004549588,-0.000481760,0.855402853,-0.000187553,0.054552846,-0.002584060,0.998507523,-0.143632627,-0.082009421,-0.347491643,0.060543175,-0.103080818,-0.215584637,-0.150623529,-0.082507957,-0.343357094,0.071728110,-0.201294045,-0.220799901,-0.000001000,0.369800582,0.120189154,0.233979766,0.927680878,0.058456035,0.312794950,-0.115228012,0.259176072,1.140874650,1.654326126
-0.004477601,-0.000446841,0.855258229,-0.000198755,0.052885531,-0.002542460,0.998597325,-0.140013527,-0.080639288,-0.341525687,0.060381562,-0.105969715,-0.215613235,-0.146737441,-0.081641263,-0.339647793,0.071547751,-0.204083914,-0.220799970,-0.000001000,0.389714278,0.096700491,0.258817777,0.936211175,0.058647419,0.318840476,-0.112851462,0.272915006,1.133716048,1.654630285
-0.004414526,-0.000410914,0.855109721,-0.000199020,0.051256130,-0.002448192,0.998682520,-0.136573668,-0.079399242,-0.335820650,0.060398400,-0.108790247,-0.215641413,-0.142983718,-0.080862187,-0.336051956,0.071499746,-0.206890243,-0.220799938,-0.000001000,0.409940911,0.073195906,0.280639005,0.945825976,0.058809888,0.324707086,-0.110622343,0.286691054,1.126563509,1.654924935
-0.004344173,-0.000379733,0.854998083,-0.000326004,0.049891063,-0.002414441,0.998751694,-0.133601403,-0.077569124,-0.329254106,0.060120451,-0.112799495,-0.215681534,-0.139624970,-0.079550220,-0.332045042,0.070932992,-0.210785389,-0.220799966,-0.000001000,0.416611634,0.053500471,0.274523795,0.935550716,0.057095496,0.326409609,-0.103474883,0.288492744,1.121019173,1.656022262
-0.004273341,-0.000348865,0.854888877,-0.000461346,0.048543350,-0.002384678,0.998818123,-0.130659987,-0.075700077,-0.322630726,0.059823054,-0.116887166,-0.215722443,-0.136292279,-0.078203097,-0.328011008,0.070332014,-0.214752368,-0.220799998,-0.000001000,0.422388033,0.034056338,0.266565532,0.923963248,0.055257283,0.327837415,-0.096002945,0.289504450,1.115580935,1.657172545
-0.004025934,-0.000277692,0.855125377,-0.000291783,0.047671878,-0.002154258,0.998860684,-0.127533965,-0.074909958,-0.318483942,0.057469510,-0.118872632,-0.215724617,-0.132989959,-0.077782495,-0.325440222,0.068133034,-0.216040744,-0.220791979,-0.000001000,0.400733933,0.088836200,-0.007283345,0.806683320,0.076137990,0.316096470,-0.085396993,0.284215815,1.135640453,1.657401013
-0.003767111,-0.000203913,0.855384229,-0.000102505,0.046831163,-0.001910862,0.998900986,-0.124396008,-0.074189600,-0.314497285,0.054983023,-0.120722176,-0.215724287,-0.129689603,-0.077421799,-0.322964045,0.065830733,-0.217155931,-0.220783439,-0.000001000,0.377306269,0.148415133,-0.298323804,0.682569677,0.098487626,0.303504078,-0.074588406,0.278519822,1.157348570,1.657569881
-0.003919938,-0.000355732,0.855115384,0.000040725,0.046587398,-0.001585472,0.998912959,-0.124800382,-0.073347551,-0.309713219,0.055727074,-0.123596539,-0.215717130,-0.129658055,-0.076838683,-0.319400116,0.066470151,-0.220716097,-0.220779132,-0.000001000,0.351936162,0.185338159,-0.417414097,0.483418908,0.111650325,0.298625688,-0.063793736,0.267343116,1.170594991,1.657878695
-0.004100479,-0.000522741,0.854811011,0.000180854,0.046383816,-0.001254562,0.998922887,-0.125443250,-0.072497309,-0.304875465,0.056688627,-0.126539900,-0.215709515,-0.129846587,-0.076240591,-0.315762951,0.067307626,-0.224440877,-0.220775110,-0.000001000,0.326435275,0.220735831,-0.524927504,0.279216115,0.124194495,0.294266658,-0.053000002,0.255797410,1.183271712,1.658196932
-0.004317998,-0.000351365,0.854504704,0.000537064,0.047050106,-0.000646132,0.998892177,-0.129335501,-0.072495580,-0.297630816,0.059771039,-0.132037566,-0.215731244,-0.133018227,-0.076377615,-0.309271276,0.070236984,-0.233963743,-0.220786645,-0.000001000,0.349698318,0.201973569,-0.535155376,0.161146137,0.117362813,0.297170288,-0.041501481,0.241188484,1.186951332,1.659198063
-0.004537957,-0.000157654,0.854198270,0.000907536,0.047773765,-0.000019383,0.998857769,-0.133442235,-0.072549860,-0.290227293,0.062993444,-0.137703835,-0.215754911,-0.136386773,-0.076563161,-0.302591183,0.073304421,-0.243869324,-0.220799207,-0.000001000,0.376180129,0.179636364,-0.538961707,0.048761541,0.109252185,0.300553306,-0.029956438,0.226377363,1.190037080,1.660244269
-0.004659747,0.000006602,0.854331251,0.000996496,0.048026942,0.000193705,0.998845525,-0.134989081,-0.071565104,-0.283570174,0.063789374,-0.143157031,-0.215782160,-0.137576085,-0.075669593,-0.296634391,0.073969194,-0.253539977,-0.220799986,-0.000001000,0.373864154,0.139478185,-0.574631097,0.041482973,0.098487892,0.304529733,-0.022437284,0.251913921,1.174672942,1.658998903
-0.004775162,0.000168946,0.854492762,0.001067178,0.048249569,0.000379935,0.998834669,-0.136369717,-0.070512884,-0.276961518,0.064427756,-0.148596393,-0.215809641,-0.138623903,-0.074705959,-0.290724562,0.074477966,-0.263195376,-0.220799999,-0.000001000,0.369678375,0.098162914,-0.612369314,0.041028804,0.087551300,0.308544689,-0.015179526,0.280070202,1.158110877,1.657604749
-0.004750258,0.000109728,0.854356701,0.001359377,0.048464726,0.000002981,0.998823970,-0.136990413,-0.070002404,-0.272374227,0.064643753,-0.152778348,-0.215830198,-0.139820047,-0.074342981,-0.286293286,0.075627370,-0.271479037,-0.220800000,-0.000001000,0.354348018,0.055974224,-0.637848812,0.058838070,0.087366254,0.311564241,-0.012212300,0.345177202,1.102627138,1.653057618
-0.004715893,0.000035571,0.854200574,0.001666513,0.048679366,-0.000411948,0.998812982,-0.137559865,-0.069528452,-0.267923235,0.064831268,-0.156875516,-0.215850288,-0.141026193,-0.074020504,-0.281961707,0.076819971,-0.279670202,-0.220800000,-0.000001000,0.338266187,0.013726640,-0.662501710,0.077878831,0.087906181,0.314516674,-0.009534383,0.412775771,1.044518929,1.648297883
-0.004687890,-0.000420875,0.854566006,0.001594094,0.051320121,-0.001070178,0.998680409,-0.142583992,-0.068199945,-0.267785535,0.063112999,-0.157534949,-0.215857039,-0.146682269,-0.072694057,-0.281882706,0.075334640,-0.280903554,-0.220800000,-0.000001000,0.315094001,-0.017715579,-0.667319533,0.141372272,0.086728475,0.310489554,-0.002762041,0.454213658,0.951855791,1.639033841
-0.004660306,-0.000902503,0.854965794,0.001496660,0.054120273,-0.001744425,0.998531779,-0.147901552,-0.066815148,-0.267931955,0.061269195,-0.157967935,-0.215862911,-0.152631467,-0.071301477,-0.282083826,0.073672911,-0.281678589,-0.220800000,-0.000001000,0.291454767,-0.048446039,-0.670830804,0.207793846,0.085437626,0.306002684,0.004280005,0.493928319,0.856916492,1.629473098
-0.004842380,-0.001072715,0.855145287,0.001398955,0.057435805,-0.001868400,0.998346473,-0.155219929,-0.066122646,-0.268217520,0.060013864,-0.158116643,-0.215864525,-0.160133849,-0.070601744,-0.282389538,0.072534125,-0.281891699,-0.220800000,-0.000000111,0.267666225,-0.061739988,-0.664758548,0.277201251,0.082450215,0.304051957,0.000423828,0.548193928,0.740732821,1.620029674
-0.005038869,-0.001221516,0.855309634,0.001301216,0.060786164,-0.001954522,0.998148050,-0.162675868,-0.065477741,-0.268512651,0.058798993,-0.158245805,-0.215865847,-0.167743018,-0.069949647,-0.282702442,0.071431293,-0.282066175,-0.220800000,0.000000840,0.243867417,-0.073835127,-0.658027397,0.346813940,0.079346159,0.302275597,-0.004181634,0.603459956,0.623088537,1.610594316
-0.005339496,-0.000975319,0.855155411,0.001218997,0.063671312,-0.001605247,0.997968888,-0.170578188,-0.065858792,-0.268358347,0.060079905,-0.158368108,-0.215864788,-0.175324841,-0.070328499,-0.282566995,0.072594918,-0.282284289,-0.220799195,0.000000945,0.226489714,-0.068096607,-0.645200870,0.396671699,0.076449118,0.303667754,-0.029955744,0.664104516,0.529612941,1.606485818
-0.005647140,-0.000702501,0.854979717,0.001137813,0.066524621,-0.001226616,0.997783381,-0.178510592,-0.066308988,-0.268173753,0.061529022,-0.158489949,-0.215863569,-0.182904821,-0.070776832,-0.282401332,0.073911292,-0.282505343,-0.220798336,0.000000992,0.209544763,-0.061156182,-0.631963543,0.445198068,0.073566028,0.305273455,-0.057156523,0.725111565,0.437766201,1.602736325
-0.005859707,-0.000390261,0.854907363,0.001001144,0.068549130,-0.000989866,0.997646748,-0.184640019,-0.066761046,-0.267893158,0.063669993,-0.158560016,-0.215863906,-0.188696379,-0.071208995,-0.282201374,0.075712244,-0.282554888,-0.220798819,0.000000107,0.198794512,-0.025472314,-0.634743166,0.480070348,0.070193308,0.320691801,-0.088614123,0.740421139,0.400110831,1.602920358
-0.006066008,-0.000075424,0.854841820,0.000860814,0.070518773,-0.000762463,0.997509790,-0.190650620,-0.067213227,-0.267606237,0.065856560,-0.158626671,-0.215864345,-0.194370072,-0.071640091,-0.281999156,0.077545133,-0.282593128,-0.220799391,-0.000000839,0.188452522,0.012105886,-0.638578385,0.514042757,0.066788318,0.337020468,-0.120352268,0.752719026,0.366026937,1.603363630
-0.006289381,-0.000030280,0.854867003,0.000791654,0.071538689,-0.000578880,0.997437344,-0.196426218,-0.067312845,-0.264830451,0.071910882,-0.158696444,-0.215865807,-0.199496016,-0.071881365,-0.280255839,0.082574335,-0.281609560,-0.220800091,-0.000000947,0.203503590,0.055031018,-0.606070692,0.553455563,0.065432094,0.371008705,-0.150219264,0.730348356,0.383094218,1.601699640
-0.006513928,-0.000003697,0.854898431,0.000727391,0.072493187,-0.000398313,0.997368563,-0.202185643,-0.067388199,-0.261883378,0.078231388,-0.158766431,-0.215867340,-0.204584265,-0.072109575,-0.278406462,0.087823513,-0.280555668,-0.220800800,-0.000000997,0.220302244,0.098324132,-0.571061830,0.593242784,0.064216869,0.406212299,-0.179957484,0.705591747,0.403681796,1.599890624
-0.006656450,-0.000156390,0.854904733,0.000731504,0.072589490,-0.000314899,0.997361585,-0.203316982,-0.066276424,-0.257806264,0.079081340,-0.158948830,-0.215868987,-0.205460288,-0.071351469,-0.275882574,0.088399662,-0.279227225,-0.220800471,-0.000001000,0.265346612,0.145079943,-0.493397976,0.646426618,0.063816005,0.451378062,-0.205995745,0.638738783,0.488953819,1.595138205
-0.006793444,-0.000321165,0.854909342,0.000740224,0.072627957,-0.000238032,0.997358800,-0.204136409,-0.065084643,-0.253652990,0.079562601,-0.159138804,-0.215870642,-0.206052427,-0.070526890,-0.273313228,0.088660870,-0.277880279,-0.220800073,-0.000001000,0.312294611,0.192069123,-0.412859375,0.700513320,0.063470024,0.497215229,-0.231784647,0.569048721,0.578585272,1.590187414
-0.006649983,-0.000456449,0.855101188,0.000676051,0.073149435,-0.000145521,0.997320752,-0.204752534,-0.063745929,-0.250416540,0.078079767,-0.156229748,-0.215877409,-0.206443422,-0.069631155,-0.272062718,0.086820188,-0.270399964,-0.220800026,-0.000001000,0.343654129,0.228784896,-0.309605358,0.782454699,0.061684638,0.481288621,-0.244241410,0.468572254,0.691618321,1.591253656
-0.006488038,-0.000589790,0.855305373,0.000607073,0.073702724,-0.000051979,0.997280070,-0.205355262,-0.062397531,-0.247240514,0.076467490,-0.153116450,-0.215884513,-0.206821160,-0.068730732,-0.270899125,0.084840980,-0.262515431,-0.220800002,-0.000001000,0.373986289,0.264823602,-0.204854283,0.866231836,0.059804387,0.461291478,-0.255819521,0.366066812,0.806193651,1.592716451
-0.006211300,-0.000632897,0.855591602,0.000506684,0.073900236,0.000008220,0.997265510,-0.204487313,-0.061727551,-0.246882066,0.073953890,-0.144457898,-0.215936673,-0.205825416,-0.068596493,-0.272849668,0.081913241,-0.244780177,-0.220800000,-0.000001000,0.395716559,0.288637762,-0.083839735,0.914261803,0.059349218,0.437070915,-0.264203849,0.223065345,0.889664239,1.595321286
-0.005926666,-0.000669797,0.855883474,0.000404134,0.074073274,0.000066125,0.997252717,-0.203518201,-0.061104238,-0.246717432,0.071378289,-0.135417905,-0.215991933,-0.204735193,-0.068514959,-0.275014423,0.078920255,-0.226367320,-0.220800000,-0.000001000,0.416855129,0.311611031,0.038293532,0.959832825,0.058992077,0.412559835,-0.272368487,0.077278273,0.970995222,1.598004678
-0.005646029,-0.000581597,0.856247713,0.000237631,0.074403182,0.000079883,0.997228210,-0.203292008,-0.060755063,-0.247051826,0.070132165,-0.134134746,-0.216000745,-0.204459481,-0.068184649,-0.275668920,0.077464913,-0.223738665,-0.220800000,-0.000001000,0.427930412,0.347098283,0.052368357,0.951201711,0.061040877,0.397616150,-0.300035305,0.049995958,0.987829005,1.599809265
-0.005365660,-0.000484983,0.856616820,0.000066827,0.074743631,0.000090672,0.997202776,-0.203115782,-0.060424326,-0.247419784,0.068975460,-0.133373302,-0.216006433,-0.204238553,-0.067837608,-0.276221839,0.076112991,-0.222171635,-0.220800000,-0.000001000,0.438328852,0.383427209,0.059175319,0.938925036,0.063251497,0.383315955,-0.329013812,0.030684112,1.000324793,1.601554744
-0.005218221,-0.000468919,0.856803884,-0.000099720,0.074872023,0.000053988,0.997193144,-0.202584674,-0.060025262,-0.248070811,0.067706915,-0.132102469,-0.216025329,-0.203626763,-0.067456995,-0.277210517,0.074534129,-0.219461296,-0.220800000,-0.000001000,0.441741780,0.397507150,0.072658976,0.935116126,0.064024388,0.371450965,-0.344008979,0.009613312,0.996614124,1.603709673
-0.005079551,-0.000458170,0.856978939,-0.000265986,0.074986423,0.000014173,0.997184519,-0.202030153,-0.059621690,-0.248740513,0.066430993,-0.130798030,-0.216045096,-0.202989188,-0.067074167,-0.278227944,0.072940296,-0.216675529,-0.220800000,-0.000001000,0.444693852,0.410119257,0.086583114,0.931865860,0.064702427,0.359746632,-0.358081621,-0.011573532,0.991834264,1.605891615
-0.005124685,-0.000387164,0.857008627,-0.000319307,0.075002187,0.000014182,0.997183318,-0.201572376,-0.060772232,-0.253902537,0.065298864,-0.119666054,-0.216230253,-0.202388244,-0.068980307,-0.286463342,0.071340332,-0.194098194,-0.220800000,-0.000001000,0.443030691,0.388888248,0.143152183,0.925390599,0.063590644,0.352619700,-0.348544634,-0.080915182,0.978389879,1.607147309
-0.005182482,-0.000312008,0.857028301,-0.000364849,0.075011156,0.000016935,0.997182628,-0.201121264,-0.062029837,-0.259374037,0.064176641,-0.107857060,-0.216426804,-0.201789823,-0.071044135,-0.295195987,0.069739945,-0.170157419,-0.220800000,-0.000001000,0.441049586,0.365325788,0.202659060,0.918693169,0.062355560,0.345808105,-0.337381181,-0.153574214,0.964348595,1.608339193
-0.005365723,-0.000173659,0.856893011,-0.000372242,0.074968548,0.000030118,0.997185829,-0.201743267,-0.062845020,-0.261181621,0.065119724,-0.103338478,-0.216497397,-0.202300353,-0.072272612,-0.298558450,0.070519605,-0.161314506,-0.220800000,-0.000001000,0.433642200,0.327787213,0.219652388,0.924697649,0.061705528,0.332942519,-0.319941811,-0.163268812,0.960841010,1.608219377
-0.005557409,-0.000031057,0.856747288,-0.000377068,0.074922468,0.000044004,0.997189290,-0.202437520,-0.063630416,-0.262742525,0.066201857,-0.099310737,-0.216559511,-0.202885546,-0.073444846,-0.301559356,0.071459506,-0.153488086,-0.220800000,-0.000001000,0.425869479,0.289307669,0.233783407,0.931557310,0.061094887,0.319669335,-0.302079903,-0.168724205,0.958042627,1.608011247
-0.005893334,0.000083975,0.856383514,-0.000369329,0.074876969,0.000057564,0.997192709,-0.204082136,-0.064145169,-0.262434937,0.068722797,-0.097630720,-0.216574744,-0.204386154,-0.074249158,-0.302184048,0.073860487,-0.150095130,-0.220800000,-0.000000063,0.426915381,0.243132103,0.216258516,0.921276113,0.059265780,0.307021702,-0.267375280,-0.165573215,0.961995849,1.607468434
-0.006238756,0.000197191,0.856005385,-0.000360764,0.074831507,0.000071102,0.997196124,-0.205789319,-0.064642104,-0.262004333,0.071338463,-0.096105269,-0.216586891,-0.205947030,-0.075029247,-0.302652299,0.076357660,-0.146994059,-0.220800000,0.000000936,0.428541872,0.196449857,0.196649504,0.909866417,0.057356454,0.294415252,-0.231561788,-0.161855610,0.966393576,1.606903586
-0.006927243,0.000029742,0.855282022,-0.000307407,0.074733839,0.000099253,0.997203464,-0.208611703,-0.064757173,-0.260631582,0.075413661,-0.096230734,-0.216588525,-0.208587319,-0.075339480,-0.301625197,0.080360772,-0.147001972,-0.220800009,0.000001000,0.457375177,0.124965103,0.194682836,0.829812720,0.049432271,0.317345138,-0.190482836,-0.137540835,0.962433921,1.608835336
-0.007639316,-0.000157003,0.854534924,-0.000250970,0.074632579,0.000128409,0.997211060,-0.211510761,-0.064845989,-0.259194055,0.079589207,-0.096469705,-0.216589435,-0.211301821,-0.075617409,-0.300495285,0.084467422,-0.147223637,-0.220800019,0.000001000,0.488079028,0.051775106,0.193929129,0.745039551,0.041094550,0.342718249,-0.149041868,-0.111809945,0.957899673,1.610938734
-0.007950873,-0.000264949,0.853972788,-0.000365261,0.071233817,0.000128274,0.997459570,-0.206498508,-0.064313848,-0.256223921,0.084401786,-0.097808696,-0.216621826,-0.205949833,-0.075258386,-0.297972112,0.088850122,-0.148942897,-0.220800031,0.000000065,0.506183625,-0.002634097,0.143134332,0.711819757,0.036489027,0.404995379,-0.104555441,-0.061297461,0.904363197,1.618681195
-0.008235464,-0.000367589,0.853423104,-0.000491042,0.067612130,0.000126166,0.997711553,-0.200953610,-0.063739901,-0.253150601,0.089257254,-0.099221748,-0.216656337,-0.200054752,-0.074856479,-0.295355135,0.093251407,-0.150762986,-0.220800042,-0.000000933,0.523439952,-0.055778846,0.088970420,0.682070896,0.032134783,0.469757145,-0.059863971,-0.009116507,0.847527549,1.626803316
-0.008014101,-0.000234652,0.853373363,-0.000592681,0.064022978,0.000164246,0.997948235,-0.193070491,-0.063021631,-0.249727069,0.090577682,-0.101355556,-0.216701335,-0.191851439,-0.074253546,-0.292564582,0.094079808,-0.153302015,-0.220800023,-0.000000997,0.527995187,-0.067726056,-0.052517127,0.687571458,0.027157733,0.489592505,-0.030881962,0.100773266,0.814826958,1.628546947
-0.007759427,-0.000086205,0.853356537,-0.000692724,0.060435191,0.000204971,0.998171862,-0.185033432,-0.062293859,-0.246280481,0.091665374,-0.103536816,-0.216747023,-0.183496160,-0.073637378,-0.289762601,0.094672981,-0.155888377,-0.220800001,-0.000001000,0.531714223,-0.076960955,-0.199753777,0.695392726,0.022139681,0.506470057,-0.002934212,0.214462399,0.783715341,1.629870638
-0.007240798,0.000036098,0.853824012,-0.000619895,0.057879088,0.000183304,0.998323391,-0.176528199,-0.061614306,-0.244204448,0.087681524,-0.104757423,-0.216749592,-0.175140829,-0.073006739,-0.288194268,0.090873777,-0.157133719,-0.220791327,-0.000001000,0.497058338,-0.086772133,-0.323838846,0.560196510,0.028507145,0.516912694,0.018980080,0.331013490,0.676369201,1.628058531
-0.006704003,0.000156602,0.854324817,-0.000535166,0.055393665,0.000157342,0.998464436,-0.167990746,-0.060938071,-0.242222739,0.083348643,-0.105911915,-0.216749195,-0.166785495,-0.072375105,-0.286710836,0.086772283,-0.158286769,-0.220782057,-0.000001000,0.459761437,-0.096622971,-0.446330590,0.415157629,0.035658177,0.526912471,0.040479141,0.447761545,0.563776494,1.626030613
-0.006123818,0.000183260,0.854783875,-0.000477500,0.053951429,0.000129794,0.998543438,-0.162779672,-0.060636142,-0.241501619,0.081166181,-0.106279973,-0.216751661,-0.161744554,-0.072083493,-0.286184429,0.084788409,-0.158595885,-0.220783809,-0.000001000,0.417872558,-0.097197064,-0.475384956,0.356089704,0.040310262,0.504420153,0.050074064,0.498978958,0.482999302,1.618958692
-0.005540706,0.000203588,0.855240117,-0.000421658,0.052579484,0.000102139,0.998616648,-0.157793008,-0.060359466,-0.240865542,0.079128793,-0.106594975,-0.216754320,-0.156927213,-0.071814821,-0.285722587,0.082947398,-0.158848067,-0.220786305,-0.000001000,0.375673887,-0.097145313,-0.498135691,0.302821698,0.044793760,0.479735797,0.058865890,0.545775431,0.404368503,1.611546484
-0.005323786,0.000238844,0.855139999,-0.000300046,0.051971208,0.000072094,0.998648536,-0.154718659,-0.060125789,-0.239913285,0.076250550,-0.107246372,-0.216755485,-0.154042714,-0.071631257,-0.284959038,0.080458172,-0.159548352,-0.220785736,-0.000001000,0.338309306,-0.079304801,-0.504785290,0.259318507,0.048292464,0.455113440,0.042504655,0.589586507,0.349285714,1.604984578
-0.005131001,0.000275085,0.855003214,-0.000174098,0.051413249,0.000041892,0.998677448,-0.151770341,-0.059894945,-0.238940190,0.073316891,-0.107919939,-0.216756551,-0.151285598,-0.071453302,-0.284175605,0.077926226,-0.160278170,-0.220784965,-0.000001000,0.301263316,-0.060291923,-0.510373745,0.216458865,0.051726266,0.430495170,0.024485711,0.633200830,0.295754854,1.598478712
-0.004932506,0.000348813,0.854786990,0.000075869,0.052590186,0.000324981,0.998616123,-0.153392172,-0.060226815,-0.238076182,0.071345396,-0.108628989,-0.216758656,-0.152877523,-0.071830765,-0.283340676,0.076386391,-0.161262797,-0.220786727,-0.000001000,0.255585215,-0.037101481,-0.487197541,0.224896021,0.048561473,0.406294210,0.001441832,0.640874793,0.321892141,1.598236793
-0.004733616,0.000425132,0.854565277,0.000334405,0.053886904,0.000629717,0.998546791,-0.155329780,-0.060597565,-0.237219711,0.069440382,-0.109340490,-0.216760833,-0.154769948,-0.072246604,-0.282502189,0.074915106,-0.162265029,-0.220788664,-0.000001000,0.209310672,-0.013622387,-0.462033824,0.236877563,0.044940747,0.382122085,-0.021949248,0.646065432,0.353534150,1.598427687
-0.004982648,0.000220151,0.854951023,0.000596751,0.055778597,0.000290089,0.998442942,-0.158982631,-0.059969654,-0.234942239,0.067038804,-0.110415306,-0.216773973,-0.159399906,-0.071673626,-0.279934505,0.073940366,-0.164695222,-0.220794032,-0.000001000,0.188117997,0.031675867,-0.460196925,0.305505080,0.039854244,0.374854420,-0.067785537,0.686268059,0.441010555,1.605237012
-0.005261852,-0.000003779,0.855377688,0.000859352,0.057710158,-0.000092945,0.998333006,-0.162751023,-0.059274472,-0.232569047,0.064603777,-0.111514594,-0.216787852,-0.164214267,-0.071034039,-0.277250340,0.072999074,-0.167221604,-0.220799632,-0.000001000,0.168614864,0.078443885,-0.459931347,0.377948336,0.034669004,0.368725459,-0.115133761,0.728829134,0.532248030,1.612492162
-0.005677988,-0.000128216,0.855331670,0.001140791,0.060920200,-0.000645384,0.998141779,-0.171675324,-0.059032650,-0.229111245,0.066419266,-0.111852721,-0.216795947,-0.174276120,-0.070725419,-0.272589855,0.076359378,-0.170941779,-0.220799999,-0.000001000,0.191329262,0.102733019,-0.402396893,0.476329830,0.031734589,0.393525913,-0.138125498,0.662029411,0.657070513,1.610079677
-0.006103720,-0.000245682,0.855252526,0.001423538,0.064219182,-0.001209688,0.997934069,-0.180960949,-0.058822600,-0.225577435,0.068532629,-0.112137505,-0.216803636,-0.184705715,-0.070439992,-0.267790871,0.080021135,-0.174745615,-0.220800000,-0.000001000,0.217002243,0.125446844,-0.340849064,0.576529063,0.028957910,0.420493885,-0.159410345,0.587565737,0.784246617,1.606989689
-0.006392797,-0.000326966,0.855133117,0.001525282,0.067909769,-0.001240559,0.997689530,-0.191493520,-0.058177448,-0.221247090,0.071233887,-0.110998374,-0.216808641,-0.195438686,-0.069381440,-0.261566987,0.083094878,-0.178756691,-0.220800000,-0.000001000,0.261970088,0.143666334,-0.234546990,0.685508454,0.027106445,0.409673256,-0.166614290,0.438305275,0.904494872,1.606694440
-0.006672464,-0.000405759,0.855010936,0.001614544,0.071626439,-0.001234684,0.997429457,-0.202111950,-0.057502336,-0.216861899,0.073975625,-0.109761198,-0.216813460,-0.206192547,-0.068269653,-0.255244990,0.086128132,-0.182782036,-0.220800000,-0.000001000,0.308266493,0.161576364,-0.125163333,0.795092409,0.025318686,0.396250666,-0.172848685,0.283894629,1.024266105,1.606591625
-0.006858477,-0.000274467,0.854876529,0.001412168,0.074601320,-0.001056656,0.997211879,-0.208954521,-0.057157723,-0.216826025,0.073170418,-0.109728225,-0.216813472,-0.212817922,-0.067843296,-0.255077480,0.085144323,-0.183183093,-0.220800000,-0.000000111,0.351799951,0.195295972,-0.098499860,0.837960622,0.024968234,0.383207536,-0.207618612,0.260226563,1.049711006,1.606537339
-0.007038191,-0.000129044,0.854741299,0.001190165,0.077525720,-0.000867041,0.996989265,-0.215543133,-0.056835338,-0.217082681,0.072126649,-0.109776245,-0.216813161,-0.219165620,-0.067463039,-0.255323912,0.083890331,-0.183340385,-0.220800000,0.000000838,0.395147576,0.230078911,-0.077400034,0.876341625,0.024714454,0.370189928,-0.244307800,0.245352065,1.068811646,1.606486317
-0.006905189,-0.000049807,0.855173122,0.000997458,0.079808858,-0.000834219,0.996809338,-0.220459833,-0.056512895,-0.217472176,0.071688337,-0.109397881,-0.216816520,-0.223843931,-0.067030415,-0.255761253,0.082849473,-0.182774460,-0.220800000,0.000000056,0.405853147,0.251229307,-0.056535126,0.899496503,0.024330030,0.354502467,-0.278145024,0.227542006,1.069654486,1.606626995
-0.006750219,0.000024782,0.855644780,0.000806804,0.082046581,-0.000812407,0.996627838,-0.225259080,-0.056190447,-0.217871003,0.071292560,-0.108989563,-0.216820137,-0.228404966,-0.066594112,-0.256212006,0.081823588,-0.182157727,-0.220800000,-0.000000847,0.414265571,0.271421999,-0.035686722,0.921581727,0.023936428,0.338627446,-0.311781894,0.209525719,1.069214692,1.606781139
-0.006486265,0.000194469,0.855991138,0.000863823,0.081004258,-0.000661070,0.996713162,-0.222002400,-0.057729929,-0.222632030,0.070190790,-0.098191879,-0.217103803,-0.224827695,-0.068010931,-0.260777106,0.079882595,-0.165326304,-0.220800000,-0.000000013,0.405401356,0.252641789,0.052030500,0.945224541,0.023792195,0.329640288,-0.312266538,0.089967215,1.040858539,1.608779225
-0.006214818,0.000370694,0.856328880,0.000937869,0.079736309,-0.000500827,0.996815425,-0.218191852,-0.059397424,-0.227692970,0.069040482,-0.086679898,-0.217406722,-0.220690892,-0.069555158,-0.265625079,0.077878686,-0.147380075,-0.220800000,0.000000940,0.395349322,0.231182080,0.144345145,0.968974444,0.023665107,0.321126690,-0.310471872,-0.036572609,1.010583057,1.610904087
-0.006074018,0.000555212,0.856395266,0.000890299,0.077960932,-0.000506533,0.996955889,-0.213546526,-0.059721791,-0.228539669,0.068351158,-0.084477079,-0.217473681,-0.216026763,-0.069864855,-0.266441335,0.077091131,-0.143873622,-0.220800000,0.000001000,0.391736025,0.211228673,0.153166963,0.982821463,0.024231285,0.311756765,-0.312643414,-0.051302859,0.996991958,1.611547229
-0.005942022,0.000740289,0.856443363,0.000834529,0.076151112,-0.000523421,0.997095802,-0.208844940,-0.059955637,-0.229102347,0.067692902,-0.082901655,-0.217524738,-0.211327096,-0.070091350,-0.266985872,0.076385553,-0.141340343,-0.220800000,0.000001000,0.388556669,0.191376784,0.156361754,0.996001073,0.024844186,0.302329128,-0.315082260,-0.058497664,0.984525308,1.612090510
-0.005950321,0.000823456,0.856330833,0.000661398,0.074641068,-0.000433996,0.997210151,-0.205508444,-0.059759165,-0.229238765,0.067895835,-0.081792328,-0.217552729,-0.207713659,-0.069885733,-0.267242139,0.076180536,-0.139490430,-0.220800000,0.000001000,0.385485909,0.158438116,0.154479027,1.008682623,0.026313348,0.287488419,-0.301838432,-0.062193602,0.976364620,1.611777943
-0.005968462,0.000899475,0.856207034,0.000480032,0.073151899,-0.000337112,0.997320638,-0.202267707,-0.059532506,-0.229345281,0.068159178,-0.080715698,-0.217579101,-0.204176420,-0.069649803,-0.267478183,0.076010634,-0.137688453,-0.220800000,0.000001000,0.382422766,0.124581434,0.152240121,1.021329234,0.027842576,0.272267992,-0.287494492,-0.065644100,0.968505987,1.611405339
-0.006122905,0.000897682,0.855978548,0.000301683,0.071987945,-0.000237907,0.997405428,-0.200419578,-0.059156691,-0.228875150,0.069307891,-0.080140641,-0.217585834,-0.201964411,-0.069293468,-0.267266069,0.076622150,-0.136634516,-0.220800000,0.000001000,0.394611469,0.092389075,0.116024053,1.004231665,0.026395032,0.253239037,-0.256324457,-0.066894428,0.967697744,1.610157585
-0.006286728,0.000890535,0.855742856,0.000123540,0.070846284,-0.000138543,0.997487228,-0.198667290,-0.058770610,-0.228365333,0.070517535,-0.079600103,-0.217591216,-0.199843607,-0.068928847,-0.267023112,0.077287446,-0.135632060,-0.220800000,0.000001000,0.407849825,0.060311256,0.077469628,0.985087061,0.024742622,0.233947975,-0.223996426,-0.067993337,0.967374720,1.608849601
-0.006394783,0.000736053,0.855402363,0.000058041,0.070037006,-0.000079607,0.997544389,-0.197898045,-0.058267383,-0.226939044,0.072354809,-0.079757841,-0.217589402,-0.198801563,-0.068495878,-0.265934310,0.078754138,-0.135753923,-0.220797672,0.000001000,0.413261586,0.045473690,0.021530119,0.976419383,0.023815189,0.239557558,-0.185083567,-0.070472731,0.982491846,1.607143263
-0.006499072,0.000571621,0.855054793,0.000000149,0.069250134,-0.000023401,0.997599328,-0.197195187,-0.057756246,-0.225450863,0.074234468,-0.079962736,-0.217587103,-0.197832369,-0.068058293,-0.264788386,0.080274952,-0.135951713,-0.220795187,0.000001000,0.418144801,0.031800394,-0.035583442,0.968459234,0.022936715,0.246848734,-0.145726021,-0.073045351,0.998651677,1.605410022
-0.006498574,0.000462849,0.854784350,0.000062319,0.068700347,-0.000025131,0.997637338,-0.196653382,-0.057429381,-0.223451660,0.075660830,-0.080747430,-0.217595383,-0.197267285,-0.067828646,-0.263047685,0.081745398,-0.137163334,-0.220797192,0.000000067,0.405602946,0.045946210,-0.109810860,0.947413369,0.026033962,0.276483874,-0.103065434,-0.075477872,1.027006420,1.604651385
-0.006490728,0.000357980,0.854519315,0.000132907,0.068167166,-0.000030923,0.997673904,-0.196122868,-0.057115436,-0.221416628,0.077055409,-0.081572775,-0.217604405,-0.196730535,-0.067613578,-0.261265283,0.083212314,-0.138446038,-0.220799512,-0.000000931,0.391839353,0.062042531,-0.185238196,0.925450015,0.029409962,0.307685634,-0.060173257,-0.077900570,1.056216195,1.603961082
-0.006555555,0.000368539,0.854466350,0.000260531,0.067743746,-0.000083067,0.997702716,-0.195424717,-0.057296060,-0.220658488,0.077430155,-0.081858841,-0.217607809,-0.196143388,-0.067840240,-0.260554988,0.083759684,-0.138930000,-0.220799812,-0.000000997,0.374989694,0.088049180,-0.216571484,0.898122522,0.035500550,0.344596000,-0.025057793,-0.070629397,1.056625084,1.609290089
-0.006625375,0.000387029,0.854427958,0.000392074,0.067327857,-0.000138395,0.997730819,-0.194715046,-0.057510671,-0.219988095,0.077734819,-0.082107849,-0.217610827,-0.195552779,-0.068097256,-0.259918368,0.084243864,-0.139359073,-0.220799973,-0.000001000,0.357927964,0.114736853,-0.244874690,0.870426414,0.041777681,0.381898652,0.009523267,-0.062692075,1.055054816,1.615032734
-0.006114248,0.000264114,0.854815986,0.000668491,0.064178617,0.000211875,0.997938181,-0.186455137,-0.057701871,-0.219123740,0.076918733,-0.082197512,-0.217612063,-0.187272560,-0.068336484,-0.258984639,0.083898552,-0.139669942,-0.220799991,-0.000001000,0.337874486,0.143323809,-0.283780901,0.855062128,0.048190134,0.386801492,0.028474520,-0.024599148,1.041046193,1.614056147
-0.005564007,0.000131679,0.855232724,0.000954655,0.060844639,0.000589450,0.998146618,-0.177686894,-0.057891496,-0.218246326,0.076027190,-0.082276447,-0.217613179,-0.178474622,-0.068574515,-0.258030906,0.083497392,-0.139972853,-0.220799999,-0.000001000,0.317619583,0.172038638,-0.323400981,0.840528107,0.054611698,0.389522951,0.046373464,0.015524064,1.026200133,1.612627175
-0.004851865,-0.000253273,0.856133572,0.000766325,0.057137143,0.000712737,0.998365791,-0.166552672,-0.056327592,-0.218270164,0.072659438,-0.082057029,-0.217615828,-0.167293017,-0.066940076,-0.258104645,0.080104664,-0.139569430,-0.220800000,-0.000001000,0.311257749,0.188027071,-0.345700847,0.848231888,0.055003358,0.388215235,0.041191178,0.084670203,0.942015752,1.596072245
-0.004128354,-0.000655956,0.857068414,0.000544668,0.053402664,0.000818160,0.998572576,-0.155252319,-0.054640561,-0.218357285,0.069117815,-0.081816661,-0.217618584,-0.155944038,-0.065174159,-0.258250530,0.076501878,-0.139116411,-0.220800000,-0.000001000,0.305871444,0.203121896,-0.366784541,0.857497139,0.054971616,0.386624603,0.034388198,0.155854243,0.852962648,1.578455218
-0.003567773,-0.000946772,0.857734435,0.000235456,0.050753038,0.000816476,0.998710873,-0.146365721,-0.052957479,-0.218785564,0.065007739,-0.081554818,-0.217634123,-0.146958833,-0.063381846,-0.258804545,0.072079515,-0.138450590,-0.220800000,-0.000000111,0.291966122,0.202289229,-0.370645742,0.888981630,0.054309402,0.394907717,-0.005818964,0.233000579,0.724283284,1.560518932
-0.003018388,-0.001229900,0.858381982,-0.000079775,0.048177654,0.000807427,0.998838453,-0.137644992,-0.051274669,-0.219237287,0.060858599,-0.081291499,-0.217650541,-0.138136063,-0.061587720,-0.259386606,0.067600832,-0.137770145,-0.220800000,0.000000840,0.277475385,0.200362047,-0.373323436,0.921992996,0.053603863,0.403869342,-0.048321614,0.310556635,0.592880859,1.542560707
-0.003116984,-0.001354217,0.858011667,-0.001091789,0.050631093,-0.000150289,0.998716816,-0.141050871,-0.048333696,-0.220277205,0.056786861,-0.081324747,-0.217652961,-0.141884489,-0.058513381,-0.260838080,0.062710896,-0.137296039,-0.220800000,0.000000944,0.247783059,0.180644396,-0.359814941,0.975335039,0.051312036,0.412086631,-0.102374217,0.391648526,0.470930052,1.532132469
-0.003259162,-0.001467852,0.857572892,-0.002150658,0.053422288,-0.001171811,0.998569006,-0.145272369,-0.045308102,-0.221356685,0.052720328,-0.081377942,-0.217654440,-0.146478436,-0.055352937,-0.262348031,0.057793300,-0.136835810,-0.220800000,0.000000992,0.217068295,0.159730183,-0.345217785,1.030044495,0.048913517,0.420253857,-0.157203655,0.472978232,0.349614948,1.522210687
-0.003693278,-0.001180261,0.856745654,-0.002836095,0.054593984,-0.001843846,0.998502906,-0.148552335,-0.044030966,-0.220989572,0.053134152,-0.081762417,-0.217632432,-0.149835152,-0.054184012,-0.262974025,0.057401673,-0.136218139,-0.220800000,0.000000997,0.198150936,0.131328877,-0.329727643,1.077098256,0.049625278,0.438423000,-0.202627780,0.532220475,0.293646034,1.525190248
-0.004147882,-0.000864510,0.855891154,-0.003495319,0.055651937,-0.002491351,0.998441004,-0.151766221,-0.042876542,-0.220520934,0.053862419,-0.082170143,-0.217608775,-0.153105037,-0.053154858,-0.263537982,0.057327691,-0.135589419,-0.220800000,0.000001000,0.180061549,0.102402107,-0.314174828,1.123614720,0.050555328,0.457294104,-0.247391816,0.589912563,0.242263284,1.529075259
-0.005031111,-0.000813605,0.855444027,-0.004045853,0.061662967,-0.003636505,0.998082204,-0.171542665,-0.040410986,-0.212286960,0.063733843,-0.089211289,-0.217720843,-0.172111162,-0.053390469,-0.266611500,0.064490360,-0.130000775,-0.220800000,0.000000064,0.166567078,0.061047489,-0.240335338,1.140128176,0.049823887,0.458186889,-0.241091973,0.542282021,0.311590047,1.528476162
-0.005943810,-0.000780908,0.855024909,-0.004588751,0.068012039,-0.004815729,0.997662325,-0.192457832,-0.037855286,-0.203519096,0.074233886,-0.096708502,-0.217842243,-0.192199200,-0.053713036,-0.269857558,0.072150569,-0.124071122,-0.220800000,-0.000000937,0.153388520,0.018838420,-0.162488471,1.154578839,0.048978215,0.457843612,-0.231281341,0.487410246,0.389215937,1.527568770
-0.006548730,-0.000691118,0.854864450,-0.003984535,0.072814982,-0.005691085,0.997321269,-0.206353565,-0.038139226,-0.197531498,0.078352753,-0.101275670,-0.217902881,-0.207121199,-0.056346292,-0.271728704,0.077617530,-0.119863389,-0.220800000,-0.000001000,0.144469984,-0.010329074,-0.206118547,1.117203143,0.048945290,0.438554233,-0.195378738,0.368821577,0.475526602,1.528879834
-0.007132866,-0.000597471,0.854721458,-0.003302768,0.077511981,-0.006545802,0.996964461,-0.219775260,-0.038614933,-0.191731656,0.082040685,-0.105644967,-0.217959417,-0.221694326,-0.059135593,-0.273506999,0.082936376,-0.115771940,-0.220800000,-0.000001000,0.135839136,-0.038615843,-0.257952213,1.076327505,0.048967252,0.417985385,-0.157714090,0.245929975,0.562423768,1.530340714
-0.007243733,-0.000363228,0.854764852,-0.001600693,0.079857888,-0.006808730,0.996781720,-0.224807081,-0.042158143,-0.188671002,0.080654681,-0.105680801,-0.217961691,-0.229266521,-0.064005345,-0.272792239,0.086704097,-0.113622905,-0.220800431,-0.000001000,0.127675629,-0.047015237,-0.428422408,1.018073507,0.050143739,0.374486878,-0.136320421,0.132661052,0.624473273,1.535172214
-0.007321353,-0.000119107,0.854821341,0.000173071,0.082038083,-0.007030039,0.996604386,-0.229249502,-0.045916849,-0.185802779,0.078912225,-0.105412202,-0.217960153,-0.236346893,-0.069021252,-0.271902338,0.090362851,-0.111610327,-0.220800892,-0.000001000,0.119544952,-0.054017516,-0.607226972,0.958598657,0.051401332,0.329377533,-0.116069810,0.020068136,0.684777198,1.540240505
-0.007423124,0.000009113,0.854865497,0.001595416,0.083720743,-0.008051766,0.996455449,-0.232174924,-0.048990608,-0.185099911,0.077070650,-0.103244589,-0.217988649,-0.242521141,-0.072607520,-0.270449634,0.093799046,-0.110882364,-0.220800240,-0.000001000,0.106754197,-0.069156094,-0.700431327,0.934779407,0.052997442,0.302015951,-0.106753894,-0.060435752,0.706912868,1.542887962
-0.007526554,0.000129373,0.854908805,0.002993617,0.085368781,-0.009128426,0.996303107,-0.234996152,-0.052017321,-0.184545769,0.075222266,-0.100946543,-0.218019208,-0.248633152,-0.076095595,-0.268958273,0.097219956,-0.110242634,-0.220799512,-0.000001000,0.093643368,-0.084853509,-0.787756287,0.913409138,0.054616803,0.275873364,-0.098189019,-0.138735626,0.726426978,1.545369146
-0.006934399,0.000186564,0.854878728,0.004152976,0.080119727,-0.010047823,0.996725952,-0.222333610,-0.054707827,-0.183283181,0.076574567,-0.100503384,-0.218026127,-0.237086447,-0.078917913,-0.267042622,0.099717124,-0.110388812,-0.220799703,-0.000001000,0.082468796,-0.104659442,-0.797058132,0.930509221,0.054858227,0.262676290,-0.090913849,-0.151022941,0.727866304,1.546110842
-0.006295388,0.000239506,0.854843708,0.005296110,0.074403368,-0.010956291,0.997153975,-0.208628062,-0.057375684,-0.181972872,0.078142469,-0.100185172,-0.218031454,-0.224350231,-0.081695386,-0.265098391,0.102152068,-0.110587930,-0.220799957,-0.000001000,0.071424651,-0.124742129,-0.801104248,0.950200711,0.055006832,0.250351242,-0.083725554,-0.158863574,0.728088093,1.546735364
-0.005637133,0.000155317,0.854816158,0.005223565,0.067864194,-0.011955747,0.997609255,-0.192278310,-0.056982754,-0.181190634,0.078459173,-0.100105788,-0.218030959,-0.208856572,-0.081217234,-0.263777776,0.102907269,-0.111065007,-0.220799985,-0.000001000,0.053418765,-0.125852337,-0.797972360,0.989357278,0.052647055,0.247344662,-0.073929185,-0.155364136,0.730555475,1.546676271
-0.004977521,0.000061467,0.854789134,0.005065148,0.061264180,-0.012961115,0.998024576,-0.175742254,-0.056374167,-0.180445602,0.078687720,-0.100043231,-0.218030054,-0.193168631,-0.080509699,-0.262501098,0.103544119,-0.111561668,-0.220799998,-0.000001000,0.034922372,-0.125625791,-0.794334728,1.029885305,0.050110544,0.244994638,-0.063949058,-0.151065704,0.733181076,1.546569012
-0.004269397,0.000187022,0.854634291,0.003877947,0.053558642,-0.014149913,0.998456916,-0.157348538,-0.053893355,-0.179964410,0.080670196,-0.100126985,-0.218030203,-0.175209802,-0.077882433,-0.261790174,0.104820789,-0.111905429,-0.220799197,-0.000001000,0.024574965,-0.091124588,-0.788571169,1.061985869,0.046861093,0.252908503,-0.044881426,-0.150767175,0.767021970,1.545168343
-0.003557928,0.000327706,0.854470634,0.002619565,0.045773622,-0.015350514,0.998830454,-0.138826720,-0.051283436,-0.179501411,0.082773620,-0.100220828,-0.218030424,-0.157094376,-0.075122786,-0.261118263,0.106141581,-0.112238645,-0.220798339,-0.000001000,0.014789501,-0.054259856,-0.782661010,1.093505289,0.043562478,0.261530150,-0.025187133,-0.150744474,0.803015423,1.543678483
-0.003382887,0.000542506,0.854763770,0.001099977,0.043816248,-0.015720996,0.998915300,-0.131893560,-0.047652405,-0.179753223,0.078960562,-0.100752817,-0.218050852,-0.149925134,-0.071113992,-0.261691510,0.100830095,-0.112671274,-0.220799044,-0.000001000,0.025842011,-0.004884911,-0.778845615,1.112807678,0.041590781,0.237276982,0.022010513,-0.155713282,0.867830116,1.538180122
-0.003246264,0.000762613,0.855089619,-0.000438320,0.042276115,-0.016031994,0.998977234,-0.125790335,-0.043948246,-0.180056228,0.074723790,-0.101316183,-0.218072728,-0.143539815,-0.067015739,-0.262353931,0.095043632,-0.113111023,-0.220799861,-0.000001000,0.038386857,0.045385966,-0.775180239,1.131235130,0.039714113,0.210669448,0.071177841,-0.161039562,0.934708875,1.532394687
-0.003639862,0.000331505,0.855266951,-0.000806738,0.045666125,-0.015523894,0.998835804,-0.128193320,-0.040092029,-0.176233120,0.061615033,-0.106470363,-0.218190938,-0.145895118,-0.063379991,-0.261878133,0.082135402,-0.113254152,-0.220799656,-0.000001000,0.079608455,0.101886534,-0.788803356,1.047571736,0.032344281,0.186332697,0.100838272,-0.186238275,1.018632284,1.531110086
-0.004070619,-0.000145240,0.855433876,-0.001093162,0.049401014,-0.014958178,0.998666410,-0.131192416,-0.036225156,-0.172120856,0.047884532,-0.111946264,-0.218315898,-0.148862960,-0.059776654,-0.261322570,0.068728083,-0.113376494,-0.220799379,-0.000001000,0.122839705,0.158823677,-0.803638043,0.956753865,0.024589491,0.162155082,0.129131668,-0.212829638,1.103750175,1.530140900
-0.004421811,-0.000434981,0.855316956,-0.001481642,0.053545958,-0.012074011,0.998491289,-0.144643945,-0.034341977,-0.167406245,0.052639588,-0.118296113,-0.218407190,-0.157927268,-0.058393129,-0.260411519,0.068481363,-0.112467631,-0.220800108,-0.000001000,0.162053748,0.180346886,-0.747115614,0.884576782,0.018583688,0.167976903,0.109861574,-0.214876644,1.110786012,1.523215211
-0.004767526,-0.000711845,0.855180492,-0.001877113,0.057717780,-0.009029893,0.998290336,-0.158815184,-0.032595387,-0.162650158,0.058667480,-0.124706139,-0.218496163,-0.167411351,-0.057162451,-0.259475992,0.069140826,-0.111487763,-0.220800906,-0.000001000,0.200991184,0.199431645,-0.685679842,0.813683222,0.012698313,0.175864357,0.087316464,-0.215233631,1.112445457,1.515879384
-0.004593953,-0.000685426,0.855396106,-0.000679441,0.056168253,-0.006186134,0.998401922,-0.156299444,-0.035649494,-0.161206639,0.058916959,-0.125179909,-0.218501689,-0.162643850,-0.060315413,-0.257946065,0.069153842,-0.111588289,-0.220800895,-0.000001000,0.211629547,0.198353755,-0.662221097,0.824414724,0.012035787,0.168453123,0.058899602,-0.213143922,1.110593249,1.510537962
-0.004383226,-0.000637307,0.855636910,0.000632224,0.054208703,-0.003356633,0.998523785,-0.152589797,-0.039047077,-0.160000124,0.058753010,-0.125228957,-0.218501245,-0.156856687,-0.063782013,-0.256373611,0.069120607,-0.111766114,-0.220800825,-0.000001000,0.220243191,0.195833284,-0.641479504,0.840986271,0.011746942,0.159947311,0.030062634,-0.210879158,1.108489793,1.505339234
-0.003837159,-0.000300964,0.855666514,0.002120886,0.048836016,-0.002048751,0.998802457,-0.140430922,-0.043160331,-0.158437926,0.059824087,-0.125028236,-0.218501417,-0.143967007,-0.067994075,-0.254140727,0.070879515,-0.112089163,-0.220800090,-0.000000112,0.233366418,0.182013775,-0.628826649,0.864154980,0.013002732,0.121209422,0.043449111,-0.208708313,1.100391829,1.506132944
-0.003267602,0.000055569,0.855681324,0.003621878,0.043222603,-0.000847378,0.999058542,-0.127680219,-0.047323713,-0.156850814,0.060981671,-0.124810020,-0.218501632,-0.130579830,-0.072258353,-0.251861582,0.072763953,-0.112422384,-0.220799308,0.000000839,0.246805520,0.167402824,-0.616740371,0.887785789,0.014366717,0.080353923,0.059793136,-0.206544046,1.091873979,1.507346395
-0.003296745,-0.000051756,0.855814967,0.002117435,0.042913090,-0.000191096,0.999076547,-0.125702958,-0.043423852,-0.157354858,0.058015504,-0.125045853,-0.218498040,-0.127465871,-0.067875769,-0.252348684,0.068143502,-0.112918529,-0.220799587,0.000000944,0.263531665,0.156023970,-0.591795115,0.916813991,0.017632219,0.047071655,0.054100685,-0.203291402,1.076142755,1.506240484
-0.003367071,-0.000190989,0.855956784,0.000406257,0.042968329,0.000427692,0.999076261,-0.124466771,-0.038969343,-0.158002747,0.054765676,-0.125312918,-0.218494185,-0.125058576,-0.062898392,-0.253026069,0.063075598,-0.113425880,-0.220799939,0.000000992,0.280483916,0.144867443,-0.565965326,0.946213464,0.021028522,0.014310327,0.046892407,-0.199963891,1.059915344,1.504975032
-0.003590112,-0.000174955,0.856212503,-0.001092497,0.046081043,0.000337123,0.998937050,-0.131782931,-0.034535620,-0.155205423,0.054055143,-0.126339990,-0.218491719,-0.130109200,-0.059220969,-0.256529726,0.057277582,-0.105851939,-0.220799980,0.000000997,0.300957072,0.130119128,-0.468611150,0.969841115,0.022692241,0.022366108,-0.006906238,-0.175283053,1.038621193,1.504267092
-0.003824128,-0.000147764,0.856476407,-0.002575976,0.049412873,0.000195578,0.998775097,-0.139713639,-0.030103390,-0.152160535,0.053527077,-0.127421675,-0.218489353,-0.135695730,-0.055636957,-0.260236472,0.051427102,-0.097697299,-0.220799999,0.000001000,0.321683231,0.115112717,-0.366117424,0.993054019,0.024231460,0.033354897,-0.064052741,-0.149067823,1.016962960,1.503599213
-0.004045710,-0.000054807,0.856465355,-0.002134894,0.050856374,0.000493839,0.998703573,-0.143771292,-0.031222431,-0.151408445,0.053972364,-0.127220249,-0.218490103,-0.139414313,-0.056985062,-0.260242837,0.051703719,-0.096493650,-0.220800000,0.000001000,0.327542299,0.102607431,-0.345506690,1.025585731,0.027498919,0.024663012,-0.076116421,-0.155970576,1.010911447,1.505408329
-0.004266421,0.000042764,0.856435016,-0.001558806,0.052167333,0.000822951,0.998636802,-0.147557257,-0.032730884,-0.150817190,0.054485931,-0.126928814,-0.218491071,-0.143001864,-0.058679146,-0.259989627,0.052410140,-0.095777601,-0.220800000,0.000001000,0.332358467,0.090277595,-0.330639902,1.058771142,0.030887611,0.014590562,-0.085017621,-0.165196497,1.005954717,1.507391201
-0.004705869,-0.000010647,0.856234883,-0.001704795,0.054908836,0.002175919,0.998487546,-0.155811014,-0.032636013,-0.150829535,0.056042300,-0.126869903,-0.218490520,-0.149698028,-0.058577987,-0.260228526,0.052860897,-0.095459259,-0.220800000,0.000000112,0.326621477,0.069356466,-0.317304509,1.094814992,0.034376429,0.019224246,-0.062186403,-0.159604062,0.998612553,1.506632423
-0.005160355,-0.000074438,0.856023076,-0.001900412,0.057748160,0.003599260,0.998322886,-0.164371944,-0.032430909,-0.150883379,0.057670364,-0.126826979,-0.218489865,-0.156607917,-0.058353400,-0.260501259,0.053294076,-0.095168261,-0.220800000,-0.000000837,0.320158926,0.047844662,-0.304074405,1.131055369,0.037872131,0.024869019,-0.037173490,-0.152992823,0.991106383,1.505685148
-0.005683138,-0.000245037,0.855630729,-0.002241647,0.061377205,0.005387515,0.998097585,-0.177501204,-0.032164470,-0.150500322,0.064487632,-0.127284464,-0.218498466,-0.166872982,-0.058096195,-0.260403524,0.056957956,-0.094845604,-0.220799047,-0.000000947,0.301247395,0.019889759,-0.285853505,1.166577676,0.038820861,0.044333356,0.016178528,-0.146380047,0.965830622,1.506021227
-0.006210808,-0.000423279,0.855225465,-0.002593264,0.065061768,0.007201793,0.997851881,-0.190957315,-0.031893644,-0.150086007,0.071676174,-0.127777751,-0.218507728,-0.177378101,-0.057836657,-0.260279282,0.060852985,-0.094520683,-0.220798026,-0.000000996,0.281445175,-0.008526130,-0.267275527,1.202048607,0.039587363,0.064786445,0.071558130,-0.139767161,0.939283497,1.506449127
-0.007245332,-0.000657293,0.854445474,-0.003927169,0.073166842,0.006617973,0.997290025,-0.214085273,-0.028878120,-0.150477867,0.077983296,-0.129466914,-0.218493017,-0.199519272,-0.054977811,-0.261527517,0.064341980,-0.094427725,-0.220792006,-0.000001000,0.279321998,-0.054003069,-0.263344448,1.209038535,0.040852191,0.083934608,0.125425405,-0.130034769,0.932050707,1.507474416
-0.008315392,-0.000895217,0.853639209,-0.005329675,0.081576721,0.005865544,0.996635554,-0.237891362,-0.025670155,-0.150926252,0.084228619,-0.131239924,-0.218476625,-0.222476292,-0.051936717,-0.262871982,0.067802507,-0.094351031,-0.220785636,-0.000001000,0.278438368,-0.100676224,-0.260440320,1.214031551,0.042151959,0.102991279,0.179186646,-0.120083656,0.926172120,1.508541592
-0.008069886,-0.000232158,0.853573127,-0.003512491,0.079742343,-0.006230806,0.996789847,-0.227333203,-0.028249748,-0.148963632,0.081132798,-0.132847867,-0.218731566,-0.226826925,-0.055755594,-0.261271382,0.077293734,-0.094166677,-0.220788673,-0.000001000,0.282194106,-0.113211837,-0.320650307,1.155336200,0.044736295,0.109058212,0.201993910,-0.100474641,0.941259585,1.509719512
-0.007734066,0.000492754,0.853557858,-0.001472974,0.077190418,-0.019109381,0.996832133,-0.214415937,-0.031226657,-0.146835496,0.077395706,-0.134444479,-0.219005133,-0.229900229,-0.060045408,-0.259468603,0.087198969,-0.093974932,-0.220792355,-0.000001000,0.286268336,-0.123403904,-0.385193084,1.092268638,0.047408818,0.114233399,0.222676182,-0.080202611,0.957786371,1.510905034
-0.007398246,0.001217667,0.853542589,0.000566849,0.074624808,-0.031984878,0.996698442,-0.201498670,-0.034203567,-0.144707359,0.073658615,-0.136041090,-0.219278701,-0.232973532,-0.064335223,-0.257665825,0.097104204,-0.093783188,-0.220796038,-0.000001000,0.290342566,-0.133595972,-0.449735861,1.029201076,0.050081340,0.119408586,0.243358453,-0.059930580,0.974313157,1.512090557
-0.007062426,0.001942579,0.853527319,0.002605900,0.072046877,-0.044850481,0.996388926,-0.188581403,-0.037180476,-0.142579223,0.069921523,-0.137637702,-0.219552268,-0.236046835,-0.068625037,-0.255863047,0.107009440,-0.093591443,-0.220799720,-0.000001000,0.294416796,-0.143788040,-0.514278637,0.966133514,0.052753863,0.124583773,0.264040725,-0.039658549,0.990839944,1.513276080
-0.005996277,0.001656298,0.854585721,0.002920011,0.068680502,-0.029837821,0.997188130,-0.184869085,-0.040042147,-0.141678094,0.069957581,-0.137650974,-0.219565760,-0.223496721,-0.072850848,-0.253919457,0.111022785,-0.093381203,-0.220796020,-0.000001000,0.262520785,-0.122576919,-0.525402536,0.947071787,0.055183801,0.126008171,0.220580543,-0.046924071,0.984968576,1.512926133
-0.004878997,0.001299223,0.855719290,0.003112570,0.065239337,-0.012864941,0.997781857,-0.181801212,-0.042895751,-0.140862869,0.070257800,-0.137553395,-0.219561044,-0.209852799,-0.077072179,-0.251966009,0.114623634,-0.093169667,-0.220791804,-0.000001000,0.228106469,-0.099167234,-0.532786536,0.931090945,0.057596755,0.127169972,0.172629697,-0.056117520,0.977529096,1.512468687
-0.004472052,-0.000243303,0.854687112,0.003863205,0.063541718,-0.005889616,0.997954327,-0.178982803,-0.043099329,-0.139978838,0.069221279,-0.138494586,-0.219558539,-0.198602411,-0.075787469,-0.249046197,0.107141740,-0.096575574,-0.220790665,-0.000001000,-0.007580179,-0.246299459,-0.508167518,1.069718393,0.042850081,0.147991545,0.163384502,-0.073474206,0.920157756,1.512054109
-0.004113846,-0.001867170,0.853506330,0.004652012,0.061961784,0.000400013,0.998067601,-0.176181510,-0.043121074,-0.139090086,0.068093038,-0.139507053,-0.219556185,-0.187516257,-0.074124958,-0.246060076,0.098899396,-0.100229695,-0.220789737,-0.000001000,-0.257077292,-0.405133557,-0.481352587,1.218954416,0.026925985,0.170162088,0.156795127,-0.091391018,0.859360302,1.511642473
-0.003541810,-0.002308995,0.853292741,0.005219102,0.059629778,0.002929080,0.998202620,-0.170664683,-0.043857852,-0.137871237,0.067852257,-0.140736175,-0.219574789,-0.178124542,-0.073737738,-0.242437640,0.094332822,-0.105342280,-0.220773726,-0.000001000,-0.292176440,-0.441708205,-0.489103929,1.211644564,0.023592530,0.186083589,0.148942938,-0.102150378,0.816432010,1.511337791
-0.002954459,-0.002666165,0.853148420,0.005770266,0.057243368,0.005188811,0.998330094,-0.164953380,-0.044645837,-0.136628747,0.067675033,-0.141980812,-0.219594893,-0.168854176,-0.073441848,-0.238769635,0.090029493,-0.110559315,-0.220756635,-0.000001000,-0.311921240,-0.469527107,-0.499330773,1.193123507,0.021160767,0.201557558,0.141000312,-0.112397148,0.774783438,1.511040769
-0.002345602,-0.003567840,0.853087085,0.005145331,0.053866806,0.003754835,0.998527813,-0.155035597,-0.041207836,-0.136313410,0.066487913,-0.143714212,-0.219656223,-0.158647123,-0.069164107,-0.236999935,0.085896105,-0.114897761,-0.220734441,-0.000001000,-0.310755915,-0.505153151,-0.523871484,1.181112585,0.021396855,0.222640289,0.113745083,-0.073729452,0.736848898,1.512405478
-0.001735215,-0.004508255,0.853031654,0.004436647,0.050419022,0.002058015,0.998716177,-0.144818542,-0.037469176,-0.136064037,0.065228943,-0.145482384,-0.219720486,-0.148373428,-0.064603075,-0.235365292,0.081774808,-0.119173700,-0.220711885,-0.000001000,-0.308102929,-0.541334638,-0.549430562,1.169564830,0.021822749,0.244122058,0.085115849,-0.031581712,0.699178594,1.513888412
